date,day,product,price,competitor_price,marketing_spend,demand,production,opening_inventory,closing_inventory,sales,stockout,supplier,supplier_delayed,lead_time,revenue,production_cost,inventory_cost,logistics_cost,maintenance_cost,profit,avg_machine_health
2024-01-01,0,A,10000.0,10225.448241393606,277365.67953093245,12961.675917749471,13811.00573213353,8400.0,9249.329814384058,12961.675917749471,0,S2,1,13,129616759.17749472,71817229.80709435,110991.9577726087,1944251.3876624207,9292.336775477295,55457628.00865894,0.935326287346151
2024-01-01,0,B,25000.0,24907.56881822737,241810.38725194734,8256.951627910817,7752.680944250289,5200.0,4695.729316339472,8256.951627910817,0,S2,1,13,206423790.69777045,104661192.7473789,56348.75179607366,1238542.7441866226,9292.336775477295,100216603.73038143,0.935326287346151
2024-01-01,0,C,5000.0,5036.544406436407,161715.79682701913,23273.256331100558,20979.25938725798,14000.0,11706.003056157417,23273.256331100558,0,S2,1,13,116366281.6555028,54546074.406870745,140472.036673889,3490988.4496650835,9292.336775477295,58017738.628690585,0.935326287346151
2024-01-02,1,A,9700.0,10024.339495544327,215331.24157209764,15300.72821563128,13793.185011770212,9249.329814384058,7741.786610522991,15300.72821563128,0,S1,0,5,148417063.69162342,71724562.0612051,92901.4393262759,2295109.232344692,9516.473049189422,74079643.24412607,0.9347394086633786
2024-01-02,1,B,25000.0,25318.175677330564,382066.15145053406,8335.13922358878,7734.670789716663,4695.729316339472,4095.2608824673553,8335.13922358878,0,S1,0,5,208378480.5897195,104418055.66117495,49143.13058960826,1250270.883538317,9516.473049189422,102269428.2899169,0.9347394086633786
2024-01-02,1,C,5000.0,4913.9082301195185,288438.48245725303,21446.66435607201,20966.783943026163,11706.003056157417,11226.122643111568,21446.66435607201,0,S1,0,5,107233321.78036006,54513638.251868024,134713.47171733883,3216999.6534108017,9516.473049189422,49070015.44785746,0.9347394086633786
2024-01-03,2,A,10000.0,9916.532380626839,413559.2836425654,14202.655022947794,13256.681276577698,7741.786610522991,6795.8128641528965,14202.655022947794,0,S1,0,5,142026550.22947794,68934742.63820402,81549.75436983476,2130398.253442169,9697.73144266205,70456602.56837669,0.9343106144623305
2024-01-03,2,B,25000.0,24814.092879211436,388943.7402385801,8621.176782192008,8021.68101668433,4095.2608824673553,3495.7651169596775,8621.176782192008,0,S1,0,5,215529419.55480018,108292693.72523846,41949.18140351613,1293176.517328801,9697.73144266205,105502958.65914817,0.9343106144623305
2024-01-03,2,C,5000.0,5067.551818599458,252408.490438593,22118.72982772825,20294.59782191043,11226.122643111568,9401.990637293748,22118.72982772825,0,S1,0,5,110593649.13864125,52765954.33696712,112823.88764752497,3317809.4741592375,9697.73144266205,54134955.217986114,0.9343106144623305
2024-01-04,3,A,10000.0,9657.43227613614,222382.649660261,12538.918174278006,13187.229220489311,6795.8128641528965,7444.1239103642,12538.918174278006,0,S1,0,5,125389181.74278006,68573591.94654442,89329.4869243704,1880837.7261417008,9968.067310013696,54613071.86619929,0.9337540552664759
2024-01-04,3,B,25000.0,25123.873007109054,350923.53628097725,8585.788410931431,8441.216444785474,3495.7651169596775,3351.1931508137204,8585.788410931431,0,S1,0,5,214644710.27328578,113956422.0046039,40214.317809764645,1287868.2616397147,9968.067310013696,98999314.08564141,0.9337540552664759
2024-01-04,3,C,5000.0,5137.459533151301,231944.48493311412,23608.26756242001,20943.00985163641,9401.990637293748,6736.732926510147,23608.26756242001,0,S1,0,5,118041337.81210005,54451825.61425466,80840.79511812176,3541240.134363001,9968.067310013696,59725518.71612114,0.9337540552664759
2024-01-05,4,A,9700.0,9806.013212944024,289395.7604227815,13364.557129294368,13201.272873554695,7444.1239103642,7280.839654624528,13364.557129294368,0,S1,0,5,129636204.15415537,68646618.94248441,87370.07585549433,2004683.5693941552,10122.287694737619,58598013.5183038,0.9333626775484627
2024-01-05,4,B,25000.0,25543.20331143998,458464.30873590667,7696.538040157252,7961.668525781479,3351.1931508137204,3616.3236364379472,7696.538040157252,0,S1,0,5,192413451.0039313,107482525.09804997,43395.88363725536,1154480.7060235878,10122.287694737619,83264462.71978986,0.9333626775484627
2024-01-05,4,C,5000.0,5030.07990416582,390797.845714753,22482.384742393766,20933.572359532995,6736.732926510147,5187.920543649376,22482.384742393766,0,S1,0,5,112411923.71196882,54427288.134785786,62255.04652379251,3372357.711359065,10122.287694737619,54149102.68589069,0.9333626775484627
2024-01-06,5,A,10000.0,9759.756286670174,496950.2256223348,13354.006040236201,14404.823800843382,7280.839654624528,8331.65741523171,13354.006040236201,0,S3,0,3,133540060.40236202,74905083.76438558,99979.88898278051,2003100.9060354303,10355.202403604024,56024590.41493229,0.9326952457786348
2024-01-06,5,B,25000.0,25665.82737128884,408804.9728443952,8373.417013625573,8786.711479716769,3616.3236364379472,4029.6181025291426,8373.417013625573,0,S3,0,3,209335425.34063932,118620604.97617638,48355.41723034971,1256012.5520438359,10355.202403604024,88991292.21994075,0.9326952457786348
2024-01-06,5,C,5000.0,4879.991873376364,196388.2300022739,22480.69325417969,20918.45118155564,5187.920543649376,3625.678471025327,22480.69325417969,0,S3,0,3,112403466.27089845,54387973.07204466,43508.14165230392,3372103.988126953,10355.202403604024,54393137.636668645,0.9326952457786348
2024-01-07,6,A,10000.0,9996.250473405744,377704.97425715456,12100.741373564872,12622.05856666543,8331.65741523171,8852.97460833227,12100.741373564872,0,S3,0,3,121007413.73564872,65634704.54666024,106235.69529998724,1815111.2060347307,10511.40699196449,53063145.906404644,0.932187702970554
2024-01-07,6,B,25000.0,25030.324935744986,149501.52146013785,7790.44990971546,7772.662825143368,4029.6181025291426,4011.831017957049,7790.44990971546,0,S3,0,3,194761247.7428865,104930948.13943547,48141.97221548459,1168567.486457319,10511.40699196449,88453577.21632615,0.932187702970554
2024-01-07,6,C,5000.0,5136.820054630721,214578.490752822,21353.791409892743,20907.520570081968,3625.678471025327,3179.4076312145517,21353.791409892743,0,S3,0,3,106768957.04946372,54359553.48221312,38152.89157457462,3203068.7114839116,10511.40699196449,48943092.066447325,0.932187702970554
2024-01-08,7,A,10000.0,9577.241573588106,312307.8362396214,12165.968489887762,12535.646103856223,8852.97460833227,9222.652222300732,12165.968489887762,0,S2,0,8,121659684.89887762,65185359.74005236,110671.82666760878,1824895.2734831644,10712.476703460094,54215737.74573141,0.9316241461539583
2024-01-08,7,B,24250.0,24283.463911468614,199135.82518054324,8255.038735361562,7603.3497872614635,4011.831017957049,3360.142069856949,8255.038735361562,0,S2,0,8,200184689.3325179,102645222.12802976,40321.70483828339,1238255.8103042343,10712.476703460094,96051041.38746159,0.9316241461539583
2024-01-08,7,C,5000.0,4966.649326894221,158469.2976770793,22210.129033991114,20894.883784031827,3179.4076312145517,1864.1623812552643,22210.129033991114,0,S2,0,8,111050645.16995557,54326697.83848275,22369.948575063172,3331519.355098667,10712.476703460094,53200876.25341855,0.9316241461539583
2024-01-09,8,A,10000.0,10018.639574371187,450001.97689384344,14009.351518197207,13307.16800919839,9222.652222300732,8520.468713301914,14009.351518197207,0,S1,0,5,140093515.18197206,69197273.64783163,102245.62455962297,2101402.727729581,10875.99370551976,68231715.21125185,0.931262650007298
2024-01-09,8,B,25000.0,25213.07761489927,119701.6479710376,8660.990889208875,9396.901200592856,3360.142069856949,4096.05238124093,8660.990889208875,0,S1,0,5,216524772.23022187,126858166.20800357,49152.62857489116,1299148.6333813313,10875.99370551976,88187727.11858551,0.931262650007298
2024-01-09,8,C,5000.0,5096.818043234343,461061.2575710468,23080.9647466358,20886.64090398298,1864.1623812552643,0.0,22750.803285238246,1,S1,0,5,113754016.42619123,54305266.35035575,0.0,3412620.492785737,10875.99370551976,55564192.33177317,0.931262650007298
2024-01-10,9,A,10000.0,9701.951623963885,246556.97993049896,13285.655042524755,12745.929224551273,8520.468713301914,7980.7428953284325,13285.655042524755,0,S2,0,8,132856550.42524755,66278831.96766662,95768.91474394119,1992848.2563787133,11095.915812209434,64231448.39071558,0.9305457764703394
2024-01-10,9,B,24250.0,25314.089815852745,292364.17132003146,10096.503576491816,10404.623302430304,4096.05238124093,4404.172107179418,10096.503576491816,0,S2,0,8,244840211.72992653,140462414.5828091,52850.06528615302,1514475.5364737723,11095.915812209434,102507011.45822527,0.9305457764703394
2024-01-10,9,C,4850.0,4974.81621326071,353167.0517070483,25074.795620366778,20870.930770185194,0.0,0.0,20870.930770185194,1,S2,0,8,101224014.23539819,54264420.002481505,0.0,3130639.615527779,11095.915812209434,43464691.64986964,0.9305457764703394
2024-01-11,10,A,10000.0,9870.074128198532,478410.8251269321,13159.296820435258,13465.02860582947,7980.7428953284325,8286.474680722644,13159.296820435258,0,S2,0,8,131592968.20435259,70018148.75031324,99437.69616867173,1973894.5230652888,11434.487841288465,59011641.92183717,0.929747234586738
2024-01-11,10,B,25000.0,25603.233674071394,328972.2056135399,8315.78802565443,8813.47915171671,4404.172107179418,4901.863233241698,8315.78802565443,0,S2,0,8,207894700.64136076,118981968.54817559,58822.35879890038,1247368.2038481645,11434.487841288465,87266134.83708327,0.929747234586738
2024-01-11,10,C,5000.0,4798.4698484918445,472494.49427604076,22669.17699436186,20853.12660009818,0.0,0.0,20853.12660009818,1,S2,0,8,104265633.0004909,54218129.16025527,0.0,3127968.990014727,11434.487841288465,46435605.868103586,0.929747234586738
2024-01-12,11,A,10000.0,9985.970691949417,391874.2834709512,12836.53084397451,12783.566198686514,8286.474680722644,8233.510035434647,12836.53084397451,0,S3,0,3,128365308.4397451,66474544.233169876,98802.12042521576,1925479.6265961765,11635.587956512172,59462972.58812637,0.9291727044134734
2024-01-12,11,B,25000.0,25692.71122354324,387104.0944014574,9257.061254934171,9510.841523045841,4901.863233241698,5155.643501353368,9257.061254934171,0,S3,0,3,231426531.3733543,128396360.56111886,61867.72201624042,1388559.1882401258,11635.587956512172,101181004.21962108,0.9291727044134734
2024-01-12,11,C,5000.0,5166.101904131482,374438.5460421795,22967.994009950267,20840.282639065288,0.0,0.0,20840.282639065288,1,S3,0,3,104201413.19532645,54184734.86156975,0.0,3126042.3958597933,11635.587956512172,46504561.803898215,0.9291727044134734
2024-01-13,12,A,9500.0,9879.366038192169,360050.0062235188,15000.93111415219,14223.36702454303,8233.510035434647,7455.945945825486,15000.93111415219,0,S1,0,5,142508845.5844458,73961508.52762376,89471.35134990583,2250139.667122829,11854.439809519125,65835821.592316285,0.9285178571457262
2024-01-13,12,B,25000.0,25128.506113986477,179281.69088515916,7946.2276760868845,7160.234248124205,5155.643501353368,4369.650073390689,7946.2276760868845,0,S1,0,5,198655691.90217212,96663162.34967677,52435.800880688264,1191934.1514130328,11854.439809519125,100557023.46950695,0.9285178571457262
2024-01-13,12,C,5000.0,4806.454795650058,420592.7243437661,18464.317683168567,19575.73612412668,0.0,1111.418440958114,18464.317683168567,0,S1,0,5,92321588.41584283,50896913.92272937,13337.021291497367,2769647.652475285,11854.439809519125,38209242.655193396,0.9285178571457262
2024-01-14,13,A,10000.0,9835.1423144513,208303.5005271201,13350.234787864136,12160.729709306992,7455.945945825486,6266.440867268344,13350.234787864136,0,S1,0,5,133502347.87864135,63235794.48839636,75197.29040722013,2002535.2181796203,12088.691963444353,67968428.68916759,0.9279913473972851
2024-01-14,13,B,25000.0,25270.157097339106,453658.28454672685,7987.199094623791,7481.662473070665,4369.650073390689,3864.113451837564,7987.199094623791,0,S1,0,5,199679977.36559477,101002443.38645399,46369.361422050766,1198079.8641935687,12088.691963444353,96967337.77701499,0.9279913473972851
2024-01-14,13,C,4750.0,4940.986615505275,413632.3793365632,25156.542147678214,20813.822520168444,1111.418440958114,0.0,21925.240961126558,1,S1,0,5,104144894.56535114,54115938.55243795,0.0,3288786.1441689837,12088.691963444353,46314448.7974442,0.9279913473972851
2024-01-15,14,A,10000.0,10229.549378737369,271161.28547254,14115.951355299392,13858.428717282157,6266.440867268344,6008.918229251107,14115.951355299392,0,S3,0,3,141159513.55299392,72063829.32986721,72107.01875101328,2117392.7032949086,12294.871358814218,66622728.344249435,0.9274050166973273
2024-01-15,14,B,25000.0,23997.05719359916,226816.36452689517,8343.376289315687,7885.4798979068655,3864.113451837564,3406.217060428742,8343.376289315687,0,S3,0,3,208584407.2328922,106453978.62174268,40874.604725144905,1251506.4433973532,12294.871358814218,100598936.32714128,0.9274050166973273
2024-01-15,14,C,5000.0,5041.819524428439,380800.8724441485,23389.182863992824,20800.290554665098,0.0,0.0,20800.290554665098,1,S3,0,3,104001452.77332549,54080755.442129254,0.0,3120043.5831997646,12294.871358814218,46407558.004193515,0.9274050166973273
2024-01-16,15,A,9700.0,10148.316722833579,436797.2844157852,15761.032999364787,14730.243931302612,6008.918229251107,4978.129161188932,15761.032999364787,0,S1,0,5,152882020.09383842,76597268.44277358,59737.54993426718,2364154.949904718,12528.416599402115,73411533.45021066,0.9268829617323867
2024-01-16,15,B,25000.0,24120.423403329274,105873.1374240283,7833.985912731768,7291.267578909571,3406.217060428742,2863.4987266065446,7833.985912731768,0,S1,0,5,195849647.8182942,98432112.31527922,34361.98471927854,1175097.8869097652,12528.416599402115,96089674.07736251,0.9268829617323867
2024-01-16,15,C,5000.0,4857.024278877504,245967.744431301,24671.002234073756,20788.415534889493,0.0,0.0,20788.415534889493,1,S1,0,5,103942077.67444746,54049880.39071268,0.0,3118262.330233424,12528.416599402115,46515438.79247066,0.9268829617323867
2024-01-17,16,A,10000.0,9838.17680624726,496128.66573050903,14804.81902946283,13561.36015808053,4978.129161188932,3734.6702898066324,14804.81902946283,0,S3,0,3,148048190.2946283,70519072.82201876,44816.04347767959,2220722.854419424,12725.308560836946,74754724.60042109,0.9264988790782889
2024-01-17,16,B,25000.0,25169.320994720005,287730.7736761605,8533.160701845845,7756.044201942968,2863.4987266065446,2086.3822267036667,8533.160701845845,0,S3,0,3,213329017.54614612,104706596.72623007,25036.586720444,1279974.1052768768,12725.308560836946,107016954.04568174,0.9264988790782889
2024-01-17,16,C,5000.0,5071.849085609536,296079.01696063456,22860.02932150655,20779.165679815196,0.0,0.0,20779.165679815196,1,S3,0,3,103895828.39907598,54025830.76751951,0.0,3116874.8519722796,12725.308560836946,46444318.45406272,0.9264988790782889
2024-01-18,17,A,9700.0,9999.55155377134,463820.89754854,14010.708288112057,14007.393238330438,3734.6702898066324,3731.3552400250137,14010.708288112057,0,S1,0,5,135903870.39468694,72838444.83931828,44776.262880300164,2101606.2432168084,12941.387249904014,60442280.76447311,0.9259175346863525
2024-01-18,17,B,25000.0,24597.345865668296,259421.00268061625,8509.91018157953,8235.645368133533,2086.3822267036667,1812.1174132576707,8509.91018157953,0,S1,0,5,212747754.53948823,111181212.4698027,21745.40895909205,1276486.5272369294,12941.387249904014,99995947.74355899,0.9259175346863525
2024-01-18,17,C,5000.0,4992.508029045536,470984.1834016107,23394.436610083485,20766.129969330854,0.0,0.0,20766.129969330854,1,S1,0,5,103830649.84665427,53991937.92026022,0.0,3114919.495399628,12941.387249904014,46239866.860342905,0.9259175346863525
2024-01-19,18,A,9700.0,10161.13647925988,392965.4011975151,13993.389348777459,15308.25051877793,3731.3552400250137,5046.216410025485,13993.389348777459,0,S2,0,8,135735876.68314135,79602902.69764523,60554.59692030582,2099008.4023166187,13259.788296848974,53567185.796764836,0.9251989862041263
2024-01-19,18,B,23750.0,25169.742193663547,393501.3989751665,8349.865561592524,8332.664407376818,1812.1174132576707,1794.9162590419655,8349.865561592524,0,S2,0,8,198309307.08782244,112490969.49958704,21538.995108503586,1252479.8342388785,13259.788296848974,84137557.57161601,0.9251989862041263
2024-01-19,18,C,4750.0,5033.209470731652,491166.7916295361,26775.88505657626,20749.953613250003,0.0,0.0,20749.953613250003,1,S2,0,8,98562279.66293752,53949879.39445001,0.0,3112493.0419875006,13259.788296848974,40995480.646573626,0.9251989862041263
2024-01-20,19,A,9700.0,10067.420729253588,193814.06017651944,14386.097599793226,14428.189428494541,5046.216410025485,5088.3082387268005,14386.097599793226,0,S1,0,5,139545146.71799427,75026585.02817161,61059.698864721606,2157914.639968984,13486.618215024182,62092286.67259741,0.9246797613239378
2024-01-20,19,B,25000.0,25283.515726178695,260542.22302135517,8243.629360301778,8825.26873590059,1794.9162590419655,2376.5556346407775,8243.629360301778,0,S1,0,5,206090734.00754446,119141127.93465798,28518.66761568933,1236544.4040452668,13486.618215024182,85410514.15998915,0.9246797613239378
2024-01-20,19,C,5000.0,5264.917167571696,219577.46044756222,21177.730152440097,20738.560982708463,0.0,0.0,20738.560982708463,1,S1,0,5,103692804.91354232,53920258.555042006,0.0,3110784.1474062693,13486.618215024182,46428698.13243145,0.9246797613239378
2024-01-21,20,A,10000.0,10052.943896876652,466119.5041142219,14676.903357712425,13406.372763448811,5088.3082387268005,3817.7776444631854,14676.903357712425,0,S3,1,11,146769033.57712424,69713138.36993381,45813.331733558225,2201535.5036568637,13625.99982847037,74328800.8678573,0.9243177678072477
2024-01-21,20,B,25000.0,25210.019532159404,281311.96660006535,8575.574139882574,9363.17077288262,2376.5556346407775,3164.152267640824,8575.574139882574,0,S3,1,11,214389353.49706435,126402805.43391538,37969.82721168989,1286336.1209823862,13625.99982847037,86367304.14852636,0.9243177678072477
2024-01-21,20,C,5000.0,4919.57720590179,213816.3500447301,19784.232462636533,20729.936793536206,0.0,945.7043308996726,19784.232462636533,0,S3,1,11,98921162.31318267,53897835.663194135,11348.451970796072,2967634.86939548,13625.99982847037,41816900.97874906,0.9243177678072477
2024-01-22,21,A,10000.0,9987.544304247642,275354.50343367714,14448.868178405537,15358.102056099344,3817.7776444631854,4727.011522156994,14448.868178405537,0,S3,0,3,144488681.78405538,79862130.69171658,56724.13826588393,2167330.2267608307,13905.696665933876,62113236.52721248,0.9236318119314056
2024-01-22,21,B,24250.0,24834.33908568143,174071.73798142702,9370.488918389976,10223.858272555795,3164.152267640824,4017.5216218066435,9370.488918389976,0,S3,0,3,227234356.2709569,138022086.67950323,48210.25946167972,1405573.3377584964,13905.696665933876,87570508.55958614,0.9236318119314056
2024-01-22,21,C,5000.0,4985.872240083707,114337.10056726527,20317.34974182536,19285.499048789166,945.7043308996726,0.0,20231.20337968884,1,S3,0,3,101156016.89844419,50142297.52685183,0.0,3034680.506953326,13905.696665933876,47850796.06740583,0.9236318119314056
2024-01-23,22,A,10000.0,10019.26463705255,144828.14839947902,13803.96341182713,13774.98062821271,4727.011522156994,4698.0287385425745,13803.96341182713,0,S3,0,3,138039634.1182713,71629899.2667061,56376.344862510894,2070594.5117740694,14088.75660615697,64123847.08992298,0.923195286615285
2024-01-23,22,B,25000.0,25398.628841576134,412232.45501063374,9125.326822762563,8655.341197046195,4017.5216218066435,3547.535996090275,9125.326822762563,0,S3,0,3,228133170.56906408,116847106.16012363,42570.4319530833,1368799.0234143846,14088.75660615697,109448373.74195617,0.923195286615285
2024-01-23,22,C,5000.0,4918.508320793257,191301.15018536823,23668.592039839365,20705.87760053615,0.0,0.0,20705.87760053615,1,S3,0,3,103529388.00268075,53835281.761393994,0.0,3105881.6400804226,14088.75660615697,46382834.69441481,0.923195286615285
2024-01-24,23,A,10000.0,9818.405909508356,439774.1332359116,15647.945312159294,14592.471015039471,4698.0287385425745,3642.5544414227497,15647.945312159294,0,S1,0,5,156479453.12159294,75880849.27820525,43710.653297073,2347191.796823894,14255.359260182588,77753671.90077063,0.9226830178957947
2024-01-24,23,B,25000.0,24609.907588992744,201705.3935016629,8962.510033024979,9831.245294534781,3547.535996090275,4416.271257600078,8962.510033024979,0,S1,0,5,224062750.82562447,132721811.47621955,52995.25509120093,1344376.504953747,14255.359260182588,89727606.83659811,0.9226830178957947
2024-01-24,23,C,5000.0,4919.203164627591,227359.64713138386,25378.521154628717,20695.250059579048,0.0,0.0,20695.250059579048,1,S1,0,5,103476250.29789524,53807650.15490553,0.0,3104287.5089368573,14255.359260182588,46322697.62766129,0.9226830178957947
2024-01-25,24,A,10000.0,10064.656798072467,377238.1707718806,14206.61163285274,12797.337366372374,3642.5544414227497,2233.2801749423834,14206.61163285274,0,S1,0,5,142066116.3285274,66546154.305136345,26799.3620993086,2130991.744927911,14420.483682776952,72970512.26190916,0.9223070952256446
2024-01-25,24,B,25000.0,25960.937656722297,333855.5336536662,9236.61369633908,9303.487542650613,4416.271257600078,4483.145103911611,9236.61369633908,0,S1,0,5,230915342.408477,125597081.82578328,53797.74124693933,1385492.054450862,14420.483682776952,103530694.76965949,0.9223070952256446
2024-01-25,24,C,5000.0,4996.858559788681,120207.87854880207,23156.702707738412,20686.74077386641,0.0,0.0,20686.74077386641,1,S1,0,5,103433703.86933206,53785526.01205267,0.0,3103011.116079962,14420.483682776952,46410538.37896785,0.9223070952256446
2024-01-26,25,A,10000.0,9775.536721288396,267708.9551603221,13263.40503367045,13317.068948288315,2233.2801749423834,2286.9440895602493,13263.40503367045,0,S3,0,3,132634050.3367045,69248758.53109924,27443.32907472299,1989510.7550505674,14520.6684397303,61086108.0978799,0.9220072642874382
2024-01-26,25,B,25000.0,24747.681875532657,455862.5686701589,8551.138542195578,9340.493507456462,4483.145103911611,5272.5000691724945,8551.138542195578,0,S3,0,3,213778463.55488947,126096662.35066223,63270.000830069934,1282670.7813293368,14520.6684397303,85865477.18495795,0.9220072642874382
2024-01-26,25,C,5000.0,5156.637138226625,443593.1442230855,21904.25109893586,20680.114865448726,0.0,0.0,20680.114865448726,1,S3,0,3,103400574.32724363,53768298.65016669,0.0,3102017.229817309,14520.6684397303,46072144.63459681,0.9220072642874382
2024-01-27,26,A,10000.0,10394.432776168756,109256.03783277857,14763.278820164502,15907.64282856123,2286.9440895602493,3431.3080979569786,14763.278820164502,0,S3,0,3,147632788.20164502,82719742.70851839,41175.69717548374,2214491.8230246753,14831.61606094966,62533290.31903274,0.9212496019241792
2024-01-27,26,B,25000.0,25248.212353135852,343496.4515592987,8583.159169299908,9330.548688167311,5272.5000691724945,6019.889588039898,8583.159169299908,0,S3,0,3,214578979.2324977,125962407.2902587,72238.67505647877,1287473.8753949862,14831.61606094966,86898531.32416728,0.9212496019241792
2024-01-27,26,C,5000.0,5104.096372342783,250882.39315320156,22933.10743407606,20663.471298046745,0.0,0.0,20663.471298046745,1,S3,0,3,103317356.49023372,53725025.37492154,0.0,3099520.694707012,14831.61606094966,46227096.41139102,0.9212496019241792
2024-01-28,27,A,10000.0,10082.923443643158,292596.5361305123,13313.574814369862,12276.958774723089,3431.3080979569786,2394.6920583102055,13313.574814369862,0,S3,0,3,133135748.14369862,63840185.62856006,28736.304699722466,1997036.2221554792,14972.874687328653,66962220.57746552,0.9208148130902138
2024-01-28,27,B,25000.0,24956.71803522781,405921.4210428937,8679.472796459402,9516.81049724423,6019.889588039898,6857.227288824726,8679.472796459402,0,S3,0,3,216986819.91148505,128476941.71279712,82286.72746589672,1301920.9194689104,14972.874687328653,86704776.2560229,0.9208148130902138
2024-01-28,27,C,4750.0,4903.872416769632,155117.41437112208,23941.356704196805,20653.929862408062,0.0,0.0,20653.929862408062,1,S3,0,3,98106166.84643829,53700217.64226096,0.0,3098089.479361209,14972.874687328653,41137769.43575767,0.9208148130902138
2024-01-29,28,A,10000.0,10346.544656049857,476615.5426952396,14967.108516726816,14262.276877153354,2394.6920583102055,1689.8604187367437,14967.108516726816,0,S3,0,3,149671085.16726816,74163839.76119743,20278.325024840924,2245066.2775090225,15220.826383494401,72750064.43445812,0.920312027117807
2024-01-29,28,B,24250.0,24693.069617906305,265427.17252398795,9242.38773803333,9891.821949149564,6857.227288824726,7506.661499940959,9242.38773803333,0,S3,0,3,224127902.64730826,133539596.3135191,90079.93799929152,1386358.1607049997,15220.826383494401,88831220.23617737,0.920312027117807
2024-01-29,28,C,4850.0,4917.438546481476,312340.15771512577,24418.150371454325,20642.389141820535,0.0,0.0,20642.389141820535,1,S3,0,3,100115587.33782959,53670211.76873339,0.0,3096358.3712730804,15220.826383494401,43021456.2137245,0.920312027117807
2024-01-30,29,A,9500.0,10091.10359602934,321766.62081597344,16438.326229356524,15185.572272022795,1689.8604187367437,437.1064614030147,16438.326229356524,0,S2,0,8,156164099.17888698,78964975.81451854,5245.277536836176,2465748.9344034786,15401.060079067009,74390961.47153307,0.9198527571994367
2024-01-30,29,B,24250.0,25516.982251025347,343251.68476583663,10071.686186942394,9441.679946676157,7506.661499940959,6876.655259674722,10071.686186942394,0,S2,0,8,244238390.03335306,127462679.28012812,82519.86311609668,1510752.9280413592,15401.060079067009,114823785.21722259,0.9198527571994367
2024-01-30,29,C,4750.0,5052.899610502056,396645.8530926061,27722.969208276707,20631.855313314456,0.0,0.0,20631.855313314456,1,S2,0,8,98001312.73824367,53642823.81461759,0.0,3094778.2969971686,15401.060079067009,40851663.71345724,0.9198527571994367
2024-01-31,30,A,10000.0,9881.116265944112,283304.8166146056,14571.656032369789,14259.610988264354,437.1064614030147,125.06141729758019,14571.656032369789,0,S3,1,6,145716560.3236979,74149977.13897464,1500.7370075709623,2185748.4048554683,15502.870573834116,69080526.35567176,0.9195103067117236
2024-01-31,30,B,24250.0,24573.6443173223,390472.05135356047,9450.666860817544,9399.224939471616,6876.655259674722,6825.213338328795,9450.666860817544,0,S3,1,6,229178671.37482545,126889536.68286683,81902.56005994554,1417600.0291226315,15502.870573834116,100383657.18084864,0.9195103067117236
2024-01-31,30,C,4750.0,4861.469259697152,170894.20049970903,28453.480216972977,20624.56561986011,0.0,0.0,20624.56561986011,1,S3,1,6,97966686.69433552,53623870.61163629,0.0,3093684.8429790167,15502.870573834116,41062734.16864668,0.9195103067117236
2024-02-01,31,A,10000.0,10019.106715554279,236944.97332002164,14581.774886448722,13391.096205762911,125.06141729758019,0.0,13516.157623060491,1,S2,1,14,135161576.23060492,69633700.26996714,0.0,2027423.6434590737,15775.123257643476,63247732.22060104,0.9188470197383491
2024-02-01,31,B,25000.0,24889.49826428371,365163.8856840381,9070.456766826612,9575.04885738997,6825.213338328795,7329.805428892154,9070.456766826612,0,S2,1,14,226761419.1706653,129263159.57476458,87957.66514670584,1360568.5150239917,15775.123257643476,95668794.40678833,0.9188470197383491
2024-02-01,31,C,4850.0,4910.671665491399,367139.66353919456,25508.15095067737,20609.34434044601,0.0,0.0,20609.34434044601,1,S2,1,14,99955320.05116314,53584295.285159625,0.0,3091401.651066901,15775.123257643476,42896708.328139775,0.9188470197383491
2024-02-02,32,A,10000.0,10129.34272562118,260024.57845390216,14263.365073212675,15506.952213923718,0.0,1243.5871407110426,14263.365073212675,0,S3,0,3,142633650.73212674,80636151.51240334,14923.045688532511,2139504.760981901,15964.99954639551,59567081.83505268,0.9183064392325306
2024-02-02,32,B,24250.0,24601.076424527182,317819.36081653583,8991.378298111187,8531.388377135396,7329.805428892154,6869.815507916363,8991.378298111187,0,S3,0,3,218040923.72919628,115173743.09132785,82437.78609499635,1348706.744716678,15964.99954639551,101102251.74669383,0.9183064392325306
2024-02-02,32,C,4850.0,5070.43307655745,437329.1543047916,24833.079793645386,20597.315808706142,0.0,0.0,20597.315808706142,1,S3,0,3,99896981.67222479,53553021.10263597,0.0,3089597.371305921,15964.99954639551,42801069.04443171,0.9183064392325306
2024-02-03,33,A,10000.0,10020.909864501118,234451.9874117495,14246.196588450312,15027.845224354998,1243.5871407110426,2025.2357766157293,14246.196588450312,0,S3,0,3,142461965.88450313,78144795.16664599,24302.82931938875,2136929.4882675465,16179.060806296286,61905307.35205215,0.9178109730047661
2024-02-03,33,B,25000.0,24967.47534034549,499443.8060047663,8626.205547591568,8832.662608110233,6869.815507916363,7076.272568435028,8626.205547591568,0,S3,0,3,215655138.6897892,119240945.20948815,84915.27082122033,1293930.832138735,16179.060806296286,94519724.51053005,0.9178109730047661
2024-02-03,33,C,4850.0,5160.503664716237,127856.25463655786,24843.349137228495,20585.92322318768,0.0,0.0,20585.92322318768,1,S3,0,3,99841727.63246025,53523400.380287975,0.0,3087888.483478152,16179.060806296286,43086403.45325127,0.9178109730047661
2024-02-04,34,A,10000.0,10133.24762959019,490665.63128663565,15218.157527908108,13852.842733917138,2025.2357766157293,659.9209826247588,15218.157527908108,0,S1,0,5,152181575.27908108,72034782.21636912,7919.051791497106,2282723.6291862163,16469.629743850368,77349015.12070376,0.9171097624026293
2024-02-04,34,B,25000.0,24534.46568867975,414985.5498526009,8206.228445132208,7913.341065421931,7076.272568435028,6783.385188724751,8206.228445132208,0,S1,0,5,205155711.1283052,106830104.38319606,81400.62226469701,1230934.2667698313,16469.629743850368,96581816.67647818,0.9171097624026293
2024-02-04,34,C,5000.0,4989.740192340817,296502.97855654644,22832.58882801494,20570.513778732406,0.0,0.0,20570.513778732406,1,S1,0,5,102852568.89366204,53483335.82470425,0.0,3085577.066809861,16469.629743850368,45970683.393847525,0.9171097624026293
2024-02-05,35,A,10000.0,9614.041592807645,429249.8439800379,14090.681767595765,13793.31629733081,659.9209826247588,362.5555123598042,14090.681767595765,0,S3,0,3,140906817.67595765,71725244.74612021,4350.66614831765,2113602.2651393646,16610.68470161392,66617759.469868094,0.9167786305967722
2024-02-05,35,B,25000.0,25118.46030013477,400931.5657734211,9315.94526865022,9069.826081306264,6783.385188724751,6537.2660013807945,9315.94526865022,0,S3,0,3,232898631.71625552,122442652.09763457,78447.19201656953,1397391.7902975332,16610.68470161392,108562598.3858318,0.9167786305967722
2024-02-05,35,C,5000.0,4962.992807103519,400596.3242285584,24489.68696799883,20562.651943235946,0.0,0.0,20562.651943235946,1,S3,0,3,102813259.71617973,53462895.052413456,0.0,3084397.791485392,16610.68470161392,45848759.86335071,0.9167786305967722
2024-02-06,36,A,10000.0,9984.895048164562,393890.052312232,15096.005037151057,15731.645793693628,362.5555123598042,998.1962689023749,15096.005037151057,0,S2,0,8,150960050.37151057,81804558.12720686,11978.355226828498,2264400.7555726585,17031.784424130325,66468191.29676785,0.9159364311517393
2024-02-06,36,B,25000.0,24907.553904924047,340623.38098240626,8522.080615311559,8961.667120863987,6537.2660013807945,6976.852506933223,8522.080615311559,0,S2,0,8,213052015.382789,120982506.13166383,83722.23008319866,1278312.0922967338,17031.784424130325,90349819.7633387,0.9159364311517393
2024-02-06,36,C,4850.0,4941.528243363983,254147.7923428412,26250.42661584041,20544.52320879817,0.0,0.0,20544.52320879817,1,S2,0,8,99640937.56267112,53415760.34287524,0.0,3081678.4813197255,17031.784424130325,42872319.16170918,0.9159364311517393
2024-02-07,37,A,10000.0,10425.189704216677,334308.530061889,15247.429311791417,14025.064160607635,998.1962689023749,0.0,15023.26042951001,1,S1,0,5,150232604.2951001,72930333.6351597,0.0,2253489.0644265013,17271.29057088043,74697201.77488112,0.9154574188582391
2024-02-07,37,B,25000.0,24848.50347550868,170455.31966923195,8827.034748789503,8581.21716627541,6976.852506933223,6731.034924419129,8827.034748789503,0,S1,0,5,220675868.7197376,115846431.74471803,80772.41909302954,1324055.2123184255,17271.29057088043,103236882.733368,0.9154574188582391
2024-02-07,37,C,5000.0,5247.507491892198,205922.87092863186,26035.50869885834,20534.01180318085,0.0,0.0,20534.01180318085,1,S1,0,5,102670059.01590425,53388430.688270204,0.0,3080101.7704771273,17271.29057088043,45978332.39565741,0.9154574188582391
2024-02-08,38,A,10000.0,9922.232289611164,330744.3833990372,14268.553175472474,14264.670835924868,0.0,0.0,14264.670835924868,1,S2,0,8,142646708.35924867,74176288.34680931,0.0,2139700.6253887303,17471.45613174699,65982503.54751984,0.9150570877365061
2024-02-08,38,B,25000.0,23948.248573234898,252292.944486858,8648.587797878055,8339.11646422217,6731.034924419129,6421.563590763244,8648.587797878055,0,S2,0,8,216214694.9469514,112578072.2669993,77058.76308915892,1297288.1696817083,17471.45613174699,101992511.34656261,0.9150570877365061
2024-02-08,38,C,5000.0,5174.777726457895,446457.842532408,25782.852914109397,20524.54607923094,0.0,0.0,20524.54607923094,1,S2,0,8,102622730.39615469,53363819.80600044,0.0,3078681.911884641,17471.45613174699,45716299.37960544,0.9150570877365061
2024-02-09,39,A,10000.0,10031.26228778708,137855.90729975546,14188.548709960454,13378.493171435302,0.0,0.0,13378.493171435302,1,S1,0,5,133784931.71435302,69568164.49146357,0.0,2006773.9757152954,17825.199576177707,62054312.140298225,0.9143496008476445
2024-02-09,39,B,25000.0,25072.623941490983,202968.94493814858,8797.253624448083,9094.508705529222,6421.563590763244,6718.818671844383,8797.253624448083,0,S1,0,5,219931340.6112021,122775867.52464451,80625.8240621326,1319588.0436672126,17825.199576177707,95534465.0743139,0.9143496008476445
2024-02-09,39,C,5000.0,5164.999724596113,256993.8937059775,23885.411912867843,20508.309588502914,0.0,0.0,20508.309588502914,1,S1,0,5,102541547.94251457,53321604.93010758,0.0,3076246.4382754373,17825.199576177707,45868877.4808494,0.9143496008476445
2024-02-10,40,A,10000.0,10074.077074264676,164235.32503396747,12725.657749034437,13910.202576024258,0.0,1184.5448269898206,12725.657749034437,0,S3,0,3,127256577.49034438,72333053.39532614,14214.537923877848,1908848.6623551655,18162.689182686685,52818062.88052254,0.9136746216346265
2024-02-10,40,B,23750.0,24767.968720061977,175043.71710601344,8405.393770805307,8928.146899093103,6718.818671844383,7241.571800132178,8405.393770805307,0,S3,0,3,199628102.05662605,120529983.13775688,86898.86160158613,1260809.065620796,18162.689182686685,77557204.58535808,0.9136746216346265
2024-02-10,40,C,5000.0,4994.789300161094,492857.71852713777,21948.07337061398,20494.38103008683,0.0,0.0,20494.38103008683,1,S3,0,3,102471905.15043415,53285390.67822576,0.0,3074157.1545130247,18162.689182686685,45601336.90998554,0.9136746216346265
2024-02-11,41,A,10000.0,10036.532197838382,347485.91126785683,14610.215411716064,13775.464853370377,1184.5448269898206,349.7942686441329,14610.215411716064,0,S3,0,3,146102154.11716065,71632417.23752595,4197.531223729595,2191532.3117574095,18277.745297486013,71908243.3800882,0.9134445094050279
2024-02-11,41,B,25000.0,25475.03561074085,237656.4312253392,8738.510537083264,9278.497362511995,7241.571800132178,7781.558625560909,8738.510537083264,0,S3,0,3,218462763.4270816,125259714.39391193,93378.7035067309,1310776.5805624896,18277.745297486013,91542959.57257763,0.9134445094050279
2024-02-11,41,C,4750.0,5067.547384489808,360667.7871739976,28077.64719091158,20489.052874615565,0.0,0.0,20489.052874615565,1,S3,0,3,97323001.15442394,53271537.47400047,0.0,3073357.9311923347,18277.745297486013,40599160.216759644,0.9134445094050279
2024-02-12,42,A,10000.0,10426.197843584845,162303.06838983175,14290.787740805281,13997.064325710242,349.7942686441329,56.070853549093954,14290.787740805281,0,S3,0,3,142907877.4080528,72784734.49369326,672.8502425891274,2143618.161120792,18425.170735267937,67798123.66387106,0.9131496585294642
2024-02-12,42,B,25000.0,25565.07997456354,487500.92854463955,9460.109213794856,10338.713441721306,7781.558625560909,8660.162853487358,9460.109213794856,0,S3,0,3,236502730.3448714,139572631.4632376,103921.95424184829,1419016.3820692284,18425.170735267937,94901234.4460428,0.9131496585294642
2024-02-12,42,C,5000.0,5146.086662700459,383137.5577605791,24773.289280832716,20481.92875948657,0.0,0.0,20481.92875948657,1,S3,0,3,102409643.79743285,53253014.77466509,0.0,3072289.3139229855,18425.170735267937,45682776.98034893,0.9131496585294642
2024-02-13,43,A,10000.0,10293.825486166374,130974.43410417529,14669.645060744406,14998.893533630811,56.070853549093954,385.31932643549953,14669.645060744406,0,S3,0,3,146696450.60744405,77994246.37488022,4623.831917225994,2200446.759111661,18741.446433662135,66347417.7609971,0.9125171071326758
2024-02-13,43,B,25000.0,25339.600001356688,182327.91720520303,9942.141628674008,10809.448194579467,8660.162853487358,9527.469419392817,9942.141628674008,0,S3,0,3,248553540.7168502,145927550.6268228,114329.63303271381,1491321.2443011012,18741.446433662135,100819269.84905472,0.9125171071326758
2024-02-13,43,C,4750.0,5140.261562394219,119647.05750001605,27741.489865772965,20466.961606899436,0.0,0.0,20466.961606899436,1,S3,0,3,97218067.63277233,53214100.177938536,0.0,3070044.2410349157,18741.446433662135,40795534.70986519,0.9125171071326758
2024-02-14,44,A,9700.0,10049.629096929759,408309.285466148,17184.655018948884,17711.164958112808,385.31932643549953,911.8292655994228,17184.655018948884,0,S2,0,8,166691153.68380418,92098057.7821866,10941.951187193074,2577698.2528423327,19034.972629507996,71577111.4394924,0.9119300547409839
2024-02-14,44,B,25000.0,25524.027270729737,191458.24106484585,9835.642060059825,9221.708323095232,9527.469419392817,8913.535682428224,9835.642060059825,0,S2,0,8,245891051.50149563,124493062.36178564,106962.42818913869,1475346.3090089737,19034.972629507996,119605187.18881753,0.9119300547409839
2024-02-14,44,C,5000.0,4857.734071324893,307819.8392438776,22798.030046029373,20453.61784898994,0.0,0.0,20453.61784898994,1,S2,0,8,102268089.2449497,53179406.407373846,0.0,3068042.677348491,19034.972629507996,45693785.348353975,0.9119300547409839
2024-02-15,45,A,10000.0,10147.438558118936,359273.4918668537,15623.556030809217,16736.66879093235,911.8292655994228,2024.9420257225538,15623.556030809217,0,S1,0,5,156235560.30809218,87030677.71284822,24299.304308670646,2343533.4046213827,19204.907206274256,66458571.48724078,0.9115901855874515
2024-02-15,45,B,25000.0,26009.17616349937,365011.83774647996,9425.401067795201,9284.174190101274,8913.535682428224,8772.308804734299,9425.401067795201,0,S1,0,5,235635026.69488004,125336351.5663672,105267.7056568116,1413810.1601692801,19204.907206274256,108395380.517734,0.9115901855874515
2024-02-15,45,C,4850.0,5026.5437656259455,394629.2372462932,23865.223622329937,20446.821464704342,0.0,0.0,20446.821464704342,1,S1,0,5,99167084.10381606,53161735.80823129,0.0,3067023.2197056515,19204.907206274256,42524490.93142656,0.9115901855874515
2024-02-16,46,A,10000.0,10202.237306823563,170072.22714240148,14203.471470886932,13559.8545184881,2024.9420257225538,1381.3250733237219,14203.471470886932,0,S1,0,5,142034714.70886934,70511243.49613813,16575.900879884663,2130520.7206330397,19429.378565702482,69186872.98551017,0.9111412428685949
2024-02-16,46,B,25000.0,25103.605186203928,320095.87676330307,8320.172517253875,8789.78168343957,8772.308804734299,9241.917970919993,8320.172517253875,0,S1,0,5,208004312.9313469,118662052.7264342,110903.01565103991,1248025.8775880814,19429.378565702482,87643806.05634457,0.9111412428685949
2024-02-16,46,C,5000.0,5094.525211729681,279296.2532682428,24094.12940148709,20435.427297224433,0.0,0.0,20435.427297224433,1,S1,0,5,102177136.48612216,53132110.97278353,0.0,3065314.094583665,19429.378565702482,45680985.786921024,0.9111412428685949
2024-02-17,47,A,10000.0,9903.352703652314,299172.74111555505,12496.678852547277,12780.394663375037,1381.3250733237219,1665.0408841514818,12496.678852547277,0,S2,0,8,124966788.52547276,66458052.24955019,19980.49060981778,1874501.8278820915,19627.656889698632,56295453.559425406,0.9107446862206027
2024-02-17,47,B,24250.0,25022.865233668734,416580.59512304893,9693.239303265233,9649.03935975493,9241.917970919993,9197.71802740969,9693.239303265233,0,S2,0,8,235061053.1041819,130262031.35669155,110372.61632891628,1453985.895489785,19627.656889698632,102798454.9836589,0.9107446862206027
2024-02-17,47,C,5000.0,5079.297042158256,327266.9405165458,24473.300066128882,20427.184024362763,0.0,0.0,20427.184024362763,1,S2,0,8,102135920.12181382,53110678.46334318,0.0,3064077.6036544144,19627.656889698632,45614269.45740998,0.9107446862206027
2024-02-18,48,A,10000.0,10127.48151001461,178074.21192746225,13429.525592935895,14326.942606991273,1665.0408841514818,2562.4578982068597,13429.525592935895,0,S2,0,8,134295255.92935896,74500101.55635463,30749.494778482316,2014428.8389403843,20002.822389029727,57551899.00496898,0.9099943552219404
2024-02-18,48,B,25000.0,24753.94609220561,170184.89863163512,8612.119170520953,7992.142020601144,9197.71802740969,8577.740877489883,8612.119170520953,0,S2,0,8,215302979.26302382,107893917.27811545,102932.8905298786,1291817.875578143,20002.822389029727,105824123.49777967,0.9099943552219404
2024-02-18,48,C,5000.0,4908.766312383816,194102.555366258,21814.735906555106,20410.532519275574,0.0,0.0,20410.532519275574,1,S2,0,8,102052662.59637786,53067384.550116494,0.0,3061579.877891336,20002.822389029727,45709592.79061475,0.9099943552219404
2024-02-19,49,A,10000.0,10018.244859400073,423976.2945779482,13949.720914076534,13591.333635626745,2562.4578982068597,2204.0706197570707,13949.720914076534,0,S2,0,8,139497209.14076534,70674934.90525907,26448.84743708485,2092458.13711148,20331.634931734687,66259059.32144803,0.9093367301365305
2024-02-19,49,B,25000.0,24627.58929856485,264019.5147659977,8213.180602829421,8525.941730742928,8577.740877489883,8890.50200540339,8213.180602829421,0,S2,0,8,205329515.07073554,115100213.36502953,106686.02406484069,1231977.090424413,20331.634931734687,88606287.44151904,0.9093367301365305
2024-02-19,49,C,4750.0,5069.975585723258,261341.76129965132,28859.183911264397,20396.507608142114,0.0,0.0,20396.507608142114,1,S2,0,8,96883411.13867503,53030919.7811695,0.0,3059476.141221317,20331.634931734687,40511341.82005283,0.9093367301365305
2024-02-20,50,A,10000.0,9913.707622772805,260819.11926282773,15619.393334788952,14167.154658387131,2204.0706197570707,751.8319433552497,15619.393334788952,0,S2,0,8,156193933.3478895,73669204.22361308,9021.983320262996,2342909.000218343,20563.505341776912,79891415.5161332,0.908872989316446
2024-02-20,50,B,25000.0,25148.395130347246,413162.1096686896,10199.244307591907,10909.88839213832,8890.50200540339,9601.146089949805,10199.244307591907,0,S2,0,8,254981107.68979767,147283493.29386732,115213.75307939766,1529886.646138786,20563.505341776912,105618788.3817017,0.908872989316446
2024-02-20,50,C,5000.0,5062.693746265179,446969.4157930335,24604.393973737566,20386.014679163734,0.0,0.0,20386.014679163734,1,S2,0,8,101930073.39581867,53003638.16582571,0.0,3057902.20187456,20563.505341776912,45401000.10698359,0.908872989316446
2024-02-21,51,A,10000.0,10061.746109594365,302110.76891723834,15682.051287278331,16977.870947773594,751.8319433552497,2047.6516038505124,15682.051287278331,0,S1,0,5,156820512.8727833,88284928.92842269,24571.81924620615,2352307.6930917497,20924.77191970218,65835668.89118572,0.9081504561605955
2024-02-21,51,B,25000.0,25397.01604186186,371188.74101801787,9312.96772730072,10170.927273782267,9601.146089949805,10459.105636431354,9312.96772730072,0,S1,0,5,232824193.182518,137307518.1960606,125509.26763717624,1396945.159095108,20924.77191970218,93602107.04678741,0.9081504561605955
2024-02-21,51,C,5000.0,5038.427756261298,493674.10597919987,26514.59291859513,20370.139085415954,0.0,0.0,20370.139085415954,1,S1,0,5,101850695.42707977,52962361.62208148,0.0,3055520.8628123933,20924.77191970218,45318214.06428699,0.9081504561605955
2024-02-22,52,A,10000.0,9906.041924758198,109780.33635280596,13422.938665760435,13411.140112611063,2047.6516038505124,2035.85305070114,13422.938665760435,0,S1,0,5,134229386.65760437,69737928.58557753,24430.23660841368,2013440.7998640654,21241.74525656174,62322564.95394499,0.9075165094868766
2024-02-22,52,B,25000.0,25451.77138517864,446040.0927642593,9786.06592103947,8907.043773409208,10459.105636431354,9580.08348880109,9786.06592103947,0,S1,0,5,244651648.02598673,120245090.94102432,114961.00186561309,1467909.8881559204,21241.74525656174,122356404.35692006,0.9075165094868766
2024-02-22,52,C,5000.0,5010.3942738393835,446643.53286146896,24369.211521882346,20355.334643305938,0.0,0.0,20355.334643305938,1,S1,0,5,101776673.21652968,52923870.07259544,0.0,3053300.1964958906,21241.74525656174,45331617.66932032,0.9075165094868766
2024-02-23,53,A,10000.0,10020.035509284571,424700.9484877061,13966.671487422462,15286.092462063496,2035.85305070114,3355.2740253421744,13966.671487422462,0,S2,0,8,139666714.8742246,79487680.80273017,40263.28830410609,2095000.7231133692,21548.834920129324,57597520.27666912,0.9069023301597413
2024-02-23,53,B,24250.0,24839.113068651375,232865.21908138064,9299.13409821044,8592.60565957606,9580.08348880109,8873.555050166711,9299.13409821044,0,S2,0,8,225504001.88160315,116000176.40427682,106482.66060200054,1394870.1147315658,21548.834920129324,107748058.64799125,0.9069023301597413
2024-02-23,53,C,5000.0,5219.813780889513,129623.07334762944,23554.21228588149,20341.592924903245,0.0,0.0,20341.592924903245,1,S2,0,8,101707964.62451622,52888141.604748435,0.0,3051238.938735487,21548.834920129324,45617412.17276454,0.9069023301597413
2024-02-24,54,A,10000.0,10155.863740644576,232080.51823909255,13899.022763974275,14635.738812089949,3355.2740253421744,4091.990073457846,13899.022763974275,0,S3,0,3,138990227.63974276,76105841.82286774,49103.88088149415,2084853.4145961413,21883.843464442765,60496464.15969385,0.9062323130711144
2024-02-24,54,B,25000.0,25583.83861886555,375560.58098118886,8488.108360201188,8131.3261971485435,8873.555050166711,8516.772887114066,8488.108360201188,0,S3,0,3,212202709.00502968,109772903.66150534,102201.2746453688,1273216.254030178,21883.843464442765,100656943.39040314,0.9062323130711144
2024-02-24,54,C,5000.0,5198.917765136373,344134.15551607194,23007.44331091716,20326.3127501273,0.0,0.0,20326.3127501273,1,S3,0,3,101631563.7506365,52848413.15033098,0.0,3048946.912519095,21883.843464442765,45368185.68880591,0.9062323130711144
2024-02-25,55,A,10000.0,9794.50688780388,299677.69016888936,14105.454583271008,14186.30010372198,4091.990073457846,4172.83559390882,14105.454583271008,0,S1,0,5,141054545.8327101,73768760.5393543,50074.027126905836,2115818.1874906514,22061.53279304487,64798153.8557763,0.9058769344139103
2024-02-25,55,B,25000.0,25872.69910871123,128740.13419449373,8062.871664351409,8052.400542630496,8516.772887114066,8506.301765393153,8062.871664351409,0,S1,0,5,201571791.6087852,108707407.3255117,102075.62118471783,1209430.7496527114,22061.53279304487,91402076.24544854,0.9058769344139103
2024-02-25,55,C,5000.0,5139.027024545533,280230.5854403526,24207.486803320735,20318.49663296967,0.0,0.0,20318.49663296967,1,S1,0,5,101592483.16484834,52828091.24572114,0.0,3047774.49494545,22061.53279304487,45414325.305948354,0.9058769344139103
2024-02-26,56,A,10000.0,9669.66538898396,462316.74116570404,14957.898846294052,16450.184427153923,4172.83559390882,5665.121174768692,14957.898846294052,0,S2,0,8,149578988.4629405,85540959.0212004,67981.45409722431,2243684.8269441077,22424.314591886763,61241622.10494119,0.9051513708162264
2024-02-26,56,B,25000.0,25277.668573428666,200173.2346927553,9237.090119001145,10142.838693770598,8506.301765393153,9412.050340162607,9237.090119001145,0,S2,0,8,230927252.9750286,136928322.36590308,112944.60408195129,1385563.5178501718,22424.314591886763,92277824.93790875,0.9051513708162264
2024-02-26,56,C,5000.0,5001.7710902228355,443988.2174806424,26795.730439662522,20301.620035146585,0.0,0.0,20301.620035146585,1,S2,0,8,101508100.17573293,52784212.09138112,0.0,3045243.0052719875,22424.314591886763,45212232.54700729,0.9051513708162264
2024-02-27,57,A,10000.0,10004.963894934932,399669.6629262132,14917.503133439626,13988.77581698061,5665.121174768692,4736.393858309675,14917.503133439626,0,S2,0,8,149175031.33439627,72741634.24829917,56836.7262997161,2237625.470015944,22741.47497432949,73716523.7518809,0.9045170500513411
2024-02-27,57,B,24250.0,24483.61727938045,191147.1146211335,9358.548719577064,9014.830669915767,9412.050340162607,9068.33229050131,9358.548719577064,0,S2,0,8,226944806.4497438,121700214.04386286,108819.98748601571,1403782.3079365597,22741.47497432949,103518101.52086289,0.9045170500513411
2024-02-27,57,C,5000.0,5051.7600330273,210012.41625210113,26133.01226277817,20287.06083756755,0.0,0.0,20287.06083756755,1,S2,0,8,101435304.18783775,52746358.177675635,0.0,3043059.1256351327,22741.47497432949,45413132.99330056,0.9045170500513411
2024-02-28,58,A,10000.0,10233.398317169054,363994.49769484566,14741.275830309733,14723.773819137778,4736.393858309675,4718.891847137722,14741.275830309733,0,S2,0,8,147412758.30309734,76563623.85951644,56626.70216565266,2211191.37454646,22984.705849748334,68194337.16332419,0.9040305883005033
2024-02-28,58,B,25000.0,26054.703123213425,243866.51746664438,10050.050931291733,10474.985873658548,9068.33229050131,9493.267232868124,10050.050931291733,0,S2,0,8,251251273.28229332,141412309.2943904,113919.20679441749,1507507.6396937598,22984.705849748334,107950685.91809833,0.9040305883005033
2024-02-28,58,C,5000.0,4827.046116950066,357603.7605799474,23898.609168670013,20275.35330852838,0.0,0.0,20275.35330852838,1,S2,0,8,101376766.54264191,52715918.60217379,0.0,3041302.9962792573,22984.705849748334,45238956.47775917,0.9040305883005033
2024-02-29,59,A,10000.0,10180.298854344675,107144.38367007233,14836.210442408968,15616.65236988782,4718.891847137722,5499.333774616573,14836.210442408968,0,S3,0,3,148362104.42408967,81206592.32341667,65992.00529539888,2225431.5663613454,23241.804647456433,64733702.34069874,0.903516390705087
2024-02-29,59,B,23750.0,25366.51377006978,488284.0644784852,10081.064611730364,10310.566612020608,9493.267232868124,9722.769233158366,10081.064611730364,0,S3,0,3,239425284.52859613,139192649.2622782,116673.23079790038,1512159.6917595547,23241.804647456433,98092276.47463453,0.903516390705087
2024-02-29,59,C,5000.0,4967.531628519309,328736.79060844367,23320.371005698333,20263.429381622387,0.0,0.0,20263.429381622387,1,S3,0,3,101317146.90811193,52684916.39221821,0.0,3039514.407243358,23241.804647456433,45240737.51339447,0.903516390705087
2024-03-01,60,A,10000.0,10382.770895862626,251280.20920387245,13922.86517239275,15110.960308111691,5499.333774616573,6687.428910335515,13922.86517239275,0,S2,0,8,139228651.7239275,78576993.6021808,80249.14692402618,2088429.7758589126,23569.35570165509,58208129.63405824,0.9028612885966899
2024-03-01,60,B,25000.0,24532.358478002003,494925.0479828575,8278.653392659984,8013.299284682199,9722.769233158366,9457.415125180582,8278.653392659984,0,S2,0,8,206966334.8164996,108179540.34320968,113488.98150216698,1241798.0088989977,23569.35570165509,96913013.07920423,0.9028612885966899
2024-03-01,60,C,5000.0,5231.29688801997,401508.27185758227,23834.7178880829,20248.971635703136,0.0,0.0,20248.971635703136,1,S2,0,8,101244858.17851567,52647326.25282815,0.0,3037345.7453554706,23569.35570165509,45135108.55277281,0.9028612885966899
2024-03-02,61,A,10000.0,10043.169101936157,276430.9718469137,14322.317652180558,12981.873580120562,6687.428910335515,5346.984838275519,14322.317652180558,0,S3,0,3,143223176.52180558,67505742.61662692,64163.81805930623,2148347.6478270837,23853.56150083586,73204637.90594453,0.9022928769983283
2024-03-02,61,B,25000.0,24478.233809554935,360533.9994960186,8624.860788626742,8549.90613061285,9457.415125180582,9382.46046716669,8624.860788626742,0,S3,0,3,215621519.71566856,115423732.76327348,112589.52560600027,1293729.1182940113,23853.56150083586,98407080.74749821,0.9022928769983283
2024-03-02,61,C,5000.0,4974.113178943722,251135.05767712957,22602.050062261158,20235.550403001944,0.0,0.0,20235.550403001944,1,S3,0,3,101177752.01500972,52612431.047805056,0.0,3035332.5604502917,23853.56150083586,45254999.78757641,0.9022928769983283
2024-03-03,62,A,9500.0,9971.04938481428,277975.1044108025,15791.848226453012,17332.019123050457,5346.984838275519,6887.155734872964,15791.848226453012,0,S2,1,15,150022558.15130362,90126499.43986237,82645.86881847557,2368777.233967952,24104.03862000343,57142556.46562401,0.9017919227599931
2024-03-03,62,B,25000.0,24596.09056599697,437061.84868727846,9045.422795999279,8999.972868789222,9382.46046716669,9337.010539956631,9045.422795999279,0,S2,1,15,226135569.89998198,121499633.7286545,112044.12647947957,1356813.4193998917,24104.03862000343,102705912.73814082,0.9017919227599931
2024-03-03,62,C,5000.0,5047.028543008938,301625.56262582034,24385.63118495606,20224.345689066668,0.0,0.0,20224.345689066668,1,S2,1,15,101121728.44533333,52583298.79157334,0.0,3033651.85336,24104.03862000343,45179048.199154176,0.9017919227599931
2024-03-04,63,A,10000.0,10085.892953370621,180073.3722339438,14799.208917376258,14099.133606912408,6887.155734872964,6187.080424409112,14799.208917376258,0,S1,0,5,147992089.1737626,73315494.75594452,74244.96509290935,2219881.337606439,24434.4451250902,72177960.29775968,0.9011311097498197
2024-03-04,63,B,25000.0,25489.597863994306,386700.70006544376,8665.923510191542,8790.62723385496,9337.010539956631,9461.71426362005,8665.923510191542,0,S1,0,5,216648087.75478855,118673467.65704197,113540.57116344059,1299888.5265287312,24434.4451250902,96150055.85486387,0.9011311097498197
2024-03-04,63,C,5000.0,5041.790087660319,237060.11841345625,25238.43286696304,20208.74935768859,0.0,0.0,20208.74935768859,1,S1,0,5,101043746.78844295,52542748.329990335,0.0,3031312.4036532883,24434.4451250902,45208191.49126079,0.9011311097498197
2024-03-05,64,A,10000.0,10029.204508525785,345243.7675976558,15819.363658430137,14362.590757172668,6187.080424409112,4730.307523151643,15819.363658430137,0,S1,0,5,158193636.58430135,74685471.93729787,56763.69027781972,2372904.5487645203,24818.177926531105,80708434.46243696,0.9003636441469377
2024-03-05,64,B,25000.0,24164.79667181686,209562.4674424181,8946.79979925271,8741.32354637844,9461.71426362005,9256.238010745778,8946.79979925271,0,S1,0,5,223669994.98131776,118007867.87610894,111074.85612894932,1342019.9698879067,24818.177926531105,103974651.633823,0.9003636441469377
2024-03-05,64,C,5000.0,4939.901854269983,135892.5110965005,24723.30755269432,20190.72336519556,0.0,0.0,20190.72336519556,1,S1,0,5,100953616.8259778,52495880.749508455,0.0,3028608.504779334,24818.177926531105,45268416.88266698,0.9003636441469377
2024-03-06,65,A,9700.0,9701.02060336492,497707.67166531313,15615.142296575741,14160.37133996975,4730.307523151643,3275.536566545652,15615.142296575741,0,S3,0,3,151466880.2767847,73633930.9678427,39306.438798547824,2342271.3444863614,25190.401122348914,74928473.45286943,0.8996191977553021
2024-03-06,65,B,25000.0,24904.80509072765,340964.10123657907,9280.777821569513,9121.47795073054,9256.238010745778,9096.938139906802,9280.777821569513,0,S3,0,3,232019445.53923783,123139952.33486228,109163.25767888164,1392116.673235427,25190.401122348914,107012058.77110231,0.8996191977553021
2024-03-06,65,C,5000.0,5124.216109185865,206085.3824450264,26670.168624784143,20173.638354007908,0.0,0.0,20173.638354007908,1,S3,0,3,100868191.77003954,52451459.72042056,0.0,3026045.7531011864,25190.401122348914,45159410.51295042,0.8996191977553021
2024-03-07,66,A,9700.0,10085.729745346489,487908.63153240405,16403.56610914593,15229.411726646655,3275.536566545652,2101.382184046375,16403.56610914593,0,S3,0,3,159114591.2587155,79192940.97856261,25216.586208556502,2460534.9163718894,25453.77569127585,76922536.37034878,0.8990924486174482
2024-03-07,66,B,25000.0,25590.944834559483,427290.94105090294,9985.40927481086,9216.904324348388,9096.938139906802,8328.433189444331,9985.40927481086,0,S3,0,3,249635231.8702715,124428208.37870324,99941.19827333197,1497811.391221629,25453.77569127585,123156526.18533114,0.8990924486174482
2024-03-07,66,C,5000.0,4960.5769875818,123539.41493297271,24760.475757058277,20161.832340413308,0.0,0.0,20161.832340413308,1,S3,0,3,100809161.70206654,52420764.0850746,0.0,3024274.851061996,25453.77569127585,45215129.57530569,0.8990924486174482
2024-03-08,67,A,9500.0,10183.608510346976,449012.6996593993,17960.735661708906,16574.235806722354,2101.382184046375,714.882329059823,17960.735661708906,0,S2,0,8,170626988.78623462,86186026.19495624,8578.587948717875,2694110.3492563358,25737.9006175845,81263523.05379634,0.898524198764831
2024-03-08,67,B,24250.0,24795.838148015508,225886.97898614535,8842.026838762558,8293.901134904938,8328.433189444331,7780.307485586713,8842.026838762558,0,S2,0,8,214419150.83999205,111967665.32121666,93363.68982704055,1326304.0258143838,25737.9006175845,100780192.92353024,0.898524198764831
2024-03-08,67,C,4850.0,5038.704470018219,382108.9637910606,27375.372683574376,20149.570486865563,0.0,0.0,20149.570486865563,1,S2,0,8,97725416.86129798,52388883.26585046,0.0,3022435.5730298343,25737.9006175845,41906251.158009045,0.898524198764831
2024-03-09,68,A,10000.0,10075.411155298163,254368.51658528595,13549.702360561507,13246.605910234039,714.882329059823,411.78587873235483,13549.702360561507,0,S1,0,5,135497023.60561508,68882350.733217,4941.430544788258,2032455.354084226,26108.158033481,64296799.4131503,0.897783683933038
2024-03-09,68,B,25000.0,24898.397989420893,408744.2163375703,9304.486681509434,9345.389417323326,7780.307485586713,7821.210221400603,9304.486681509434,0,S1,0,5,232612167.03773585,126162757.1338649,93854.52265680724,1395673.002226415,26108.158033481,104525030.00461668,0.897783683933038
2024-03-09,68,C,4850.0,5078.063173211434,123487.47266005988,26438.759782267,20133.166196569302,0.0,0.0,20133.166196569302,1,S1,0,5,97645856.05336112,52346232.111080185,0.0,3019974.929485395,26108.158033481,42130053.382102,0.897783683933038
2024-03-10,69,A,10000.0,10099.392577068289,186507.7239190206,15537.405465878834,14568.195251724472,411.78587873235483,0.0,14979.981130456827,1,S2,0,8,149799811.30456826,75754615.30896725,0.0,2246997.1695685238,26383.467068164467,71585307.6350453,0.8972330658636709
2024-03-10,69,B,25000.0,25969.375484978034,181743.8180846555,8837.968015349632,8307.327455171784,7821.210221400603,7290.569661222755,8837.968015349632,0,S2,0,8,220949200.3837408,112148920.64481908,87486.83593467306,1325695.2023024447,26383.467068164467,107178970.4155318,0.8972330658636709
2024-03-10,69,C,5000.0,5158.285841010188,383273.79470364697,24931.50744580896,20120.784951957765,0.0,0.0,20120.784951957765,1,S2,0,8,100603924.75978883,52314040.87509019,0.0,3018117.742793665,26383.467068164467,44862108.88013316,0.8972330658636709
2024-03-11,70,A,10000.0,10288.435699240817,459248.0322004378,14279.389804058414,13367.525665525125,0.0,0.0,13367.525665525125,1,S3,0,3,133675256.65525125,69511133.46073066,0.0,2005128.8498287688,26731.1099111315,61673015.20258025,0.896537780177737
2024-03-11,70,B,25000.0,25572.44606077969,169814.85265071533,8699.675855659487,7886.417008412139,7290.569661222755,6477.310813975408,8699.675855659487,0,S3,0,3,217491896.39148718,106466629.61356388,77727.72976770489,1304951.378348923,26731.1099111315,109446041.70724483,0.896537780177737
2024-03-11,70,C,5000.0,5098.569365323242,132110.92816161484,22078.800802970254,20105.419133865344,0.0,0.0,20105.419133865344,1,S3,0,3,100527095.66932672,52274089.74804989,0.0,3015812.8700798014,26731.1099111315,45078351.01312429,0.896537780177737
2024-03-12,71,A,10000.0,10300.917056311353,391152.35679940874,16879.90503389296,18103.859522120823,0.0,1223.9544882278642,16879.90503389296,0,S2,0,8,168799050.3389296,94140069.51502828,14687.45385873437,2531985.7550839437,27057.150033415,71694098.1081258,0.8958856999331699
2024-03-12,71,B,24250.0,24921.99843975357,109502.6025828746,8898.20656444227,8984.115755212897,6477.310813975408,6563.220004746036,8898.20656444227,0,S2,0,8,215781509.18772504,121285562.69537412,78758.64005695243,1334730.9846663403,27057.150033415,92945897.11501133,0.8958856999331699
2024-03-12,71,C,5000.0,4985.827627939101,295559.3205882682,27209.258617729713,20090.844789057257,0.0,0.0,20090.844789057257,1,S2,0,8,100454223.94528629,52236196.45154887,0.0,3013626.7183585884,27057.150033415,44881784.30475715,0.8958856999331699
2024-03-13,72,A,10000.0,10074.36015518539,246018.89875390337,15552.381641018794,14413.282986761595,1223.9544882278642,84.85583397066512,15552.381641018794,0,S2,0,8,155523816.41018793,74949071.5311603,1018.2700076479814,2332857.246152819,27253.23916013469,77967597.22495313,0.8954935216797306
2024-03-13,72,B,25000.0,24725.696830812027,195014.26882090356,9555.417683441965,10056.60191765914,6563.220004746036,7064.40423896321,9555.417683441965,0,S2,0,8,238885442.0860491,135764125.88839838,84772.85086755853,1433312.6525162947,27253.23916013469,101380963.18628585,0.8954935216797306
2024-03-13,72,C,4750.0,5120.053413131012,399228.38363195705,32705.334913819737,20082.464280727025,0.0,0.0,20082.464280727025,1,S2,0,8,95391705.33345337,52214407.12989026,0.0,3012369.6421090537,27253.23916013469,39738446.93866196,0.8954935216797306
2024-03-14,73,A,10000.0,10103.23534451931,218964.783637432,17224.020577053358,18858.891585755217,84.85583397066512,1719.726842672524,17224.020577053358,0,S2,0,8,172240205.77053356,98066236.24592713,20636.72211207029,2583603.0865580034,27476.7330900616,71323288.19920887,0.8950465338198768
2024-03-14,73,B,25000.0,25424.42036812066,294846.16796656867,10290.587826739735,9400.193284913114,7064.40423896321,6174.009697136589,10290.587826739735,0,S2,0,8,257264695.66849336,126902609.34632704,74088.11636563907,1543588.1740109602,27476.7330900616,128422087.13073309,0.8950465338198768
2024-03-14,73,C,4850.0,4925.630390853673,179192.29856676285,28060.893442620465,20072.229497022334,0.0,0.0,20072.229497022334,1,S2,0,8,97350313.06055832,52187796.69225807,0.0,3010834.42455335,27476.7330900616,41945012.91209008,0.8950465338198768
2024-03-15,74,A,10000.0,10300.28110614136,402448.32389722974,14179.020509637536,14290.858267428841,1719.726842672524,1831.5646004638293,14179.020509637536,0,S3,0,3,141790205.09637535,74312462.99062997,21978.77520556595,2126853.0764456303,27802.333538309143,64898659.59665864,0.8943953329233818
2024-03-15,74,B,25000.0,24600.788951759183,119629.61908970922,8759.760593113882,9035.4021607653,6174.009697136589,6449.651264788006,8759.760593113882,0,S3,0,3,218994014.82784706,121977929.17033154,77395.81517745607,1313964.0889670823,27802.333538309143,95477293.80074297,0.8943953329233818
2024-03-15,74,C,5000.0,5065.325384706924,416097.262155774,23456.752445162154,20057.697630252558,0.0,0.0,20057.697630252558,1,S3,0,3,100288488.15126279,52150013.83865665,0.0,3008654.644537884,27802.333538309143,44685920.07237418,0.8943953329233818
2024-03-16,75,A,10000.0,10018.432219728582,247292.9544993484,14590.466480611234,14220.98784701562,1831.5646004638293,1462.085966868215,14590.466480611234,0,S3,0,3,145904664.80611235,73949136.80448122,17545.03160241858,2188569.972091685,28080.222060162087,69474039.82137752,0.8938395558796758
2024-03-16,75,B,24250.0,25179.018500419286,193936.06530369242,8989.37231072098,8779.637298168655,6449.651264788006,6239.91625223568,8989.37231072098,0,S3,0,3,217992278.53498378,118525103.52527684,74878.99502682817,1348405.846608147,28080.222060162087,97821873.88070811,0.8938395558796758
2024-03-16,75,C,5000.0,4940.980331229351,144328.30787948167,21770.75829418991,19815.500754411416,0.0,0.0,19815.500754411416,1,S3,0,3,99077503.77205709,51520301.96146968,0.0,2972325.1131617124,28080.222060162087,44412468.16748605,0.8938395558796758
2024-03-17,76,A,10000.0,9994.754657345056,476140.56501527224,14230.8491146994,14124.40253611472,1462.085966868215,1355.6393882835346,14230.8491146994,0,S2,0,8,142308491.146994,73446893.18779655,16267.672659402415,2134627.36720491,28379.500098043776,66206182.854219824,0.8932409998039125
2024-03-17,76,B,25000.0,24261.806708028947,138701.1593444384,7973.398266936535,7537.570167901602,6239.91625223568,5804.088153200747,7973.398266936535,0,S2,0,8,199334956.67341337,101757197.26667163,69649.05783840896,1196009.7400404802,28379.500098043776,96145019.94942036,0.8932409998039125
2024-03-17,76,C,5000.0,4960.003106229208,165282.67388711483,25053.68070413938,20031.88941881221,0.0,0.0,20031.88941881221,1,S2,0,8,100159447.09406105,52082912.48891175,0.0,3004783.4128218316,28379.500098043776,44878089.018342316,0.8932409998039125
2024-03-18,77,A,10000.0,10056.786008103454,303893.86395057756,16127.642733640118,15320.699638223747,1355.6393882835346,548.6962928671637,16127.642733640118,0,S3,0,3,161276427.33640116,79667638.11876348,6584.355514405965,2419146.4100460177,28640.798134280754,78850523.7899924,0.8927184037314383
2024-03-18,77,B,25000.0,25191.366214306578,487972.75321992347,9416.103595953138,9497.664333971772,5804.088153200747,5885.64889121938,9416.103595953138,0,S3,0,3,235402589.89882845,128218468.50861892,70627.78669463255,1412415.5393929707,28640.798134280754,105184464.51276772,0.8927184037314383
2024-03-18,77,C,5000.0,5026.197606609123,480000.70822968316,26544.25274444827,20019.350032601007,0.0,0.0,20019.350032601007,1,S3,0,3,100096750.16300504,52050310.08476262,0.0,3002902.504890151,28640.798134280754,44534896.066988304,0.8927184037314383
2024-03-19,78,A,9500.0,10102.94103730476,323033.3987305531,18796.942126645048,19247.752874561156,548.6962928671637,999.5070407832718,18796.942126645048,0,S2,0,8,178570950.20312795,100088314.94771801,11994.084489399262,2819541.3189967573,28850.150533016673,75299216.30266021,0.8922996989339668
2024-03-19,78,B,25000.0,26093.097842143907,148915.81488112747,9582.220592785667,8771.067272642997,5885.64889121938,5074.49557107671,9582.220592785667,0,S2,0,8,239555514.81964168,118409408.18068045,60893.94685292052,1437333.08891785,28850.150533016673,119470113.6377763,0.8922996989339668
2024-03-19,78,C,5000.0,5031.944104088846,278102.6822144163,27349.566643082457,20009.134114019667,0.0,0.0,20009.134114019667,1,S2,0,8,100045670.57009834,52023748.696451135,0.0,3001370.11710295,28850.150533016673,44713598.923796825,0.8922996989339668
2024-03-20,79,A,10000.0,9980.807648410877,157662.85956854338,15845.951705345851,15374.44884408365,999.5070407832718,528.0041795210709,15845.951705345851,0,S3,0,3,158459517.0534585,79947133.98923498,6336.050154252851,2376892.7558018775,29220.182656682915,75942271.21604219,0.8915596346866341
2024-03-20,79,B,24250.0,24978.97342885655,297135.1200275129,9799.346324697577,9206.45069605185,5074.49557107671,4481.599942430983,9799.346324697577,0,S3,0,3,237634148.37391624,124287084.39669998,53779.199309171796,1469901.9487046367,29220.182656682915,111497027.52651827,0.8915596346866341
2024-03-20,79,C,4850.0,5189.689632460071,460859.86736360047,32175.114243421107,19993.40089304323,0.0,0.0,19993.40089304323,1,S3,0,3,96967994.33125965,51982842.32191239,0.0,2999010.133956484,29220.182656682915,41496061.82537049,0.8915596346866341
2024-03-21,80,A,10000.0,9885.702922253548,183710.93902878038,15617.916960968749,16430.001825097435,528.0041795210709,1340.0890436497575,15617.916960968749,0,S3,0,3,156179169.60968748,85436009.49050666,16081.06852379709,2342687.544145312,29444.01404567887,68171236.55343723,0.8911119719086422
2024-03-21,80,B,25000.0,25431.950194275272,216420.14098026,10139.681229892973,10473.438388196044,4481.599942430983,4815.357100734054,10139.681229892973,0,S3,0,3,253492030.74732432,141391418.2406466,57784.28520880865,1520952.1844839458,29444.01404567887,110276011.88195902,0.8911119719086422
2024-03-21,80,C,4850.0,5257.592828279047,268065.1418098555,27528.511789152613,19983.832026857584,0.0,0.0,19983.832026857584,1,S3,0,3,96921585.33025928,51957963.26982972,0.0,2997574.8040286377,29444.01404567887,41668538.100545384,0.8911119719086422
2024-03-22,81,A,10000.0,9744.69086397036,345712.74018863135,13542.138261931468,13764.226969726926,1340.0890436497575,1562.177751445215,13542.138261931468,0,S2,0,8,135421382.61931467,71573980.24258001,18746.13301734258,2031320.7392897203,29741.608153892317,61421881.15608507,0.8905167836922153
2024-03-22,81,B,25000.0,25671.456959134815,427134.1239832323,9539.362976790608,10214.08339651436,4815.357100734054,5490.077520457806,9539.362976790608,0,S2,0,8,238484074.4197652,137890125.85294384,65880.93024549367,1430904.4465185911,29741.608153892317,98640287.45792016,0.8905167836922153
2024-03-22,81,C,5000.0,4984.8503870683435,214124.7974396855,25948.434576488096,19971.24747038918,0.0,0.0,19971.24747038918,1,S2,0,8,99856237.35194589,51925243.42301186,0.0,2995687.120558377,29741.608153892317,44691440.402782075,0.8905167836922153
2024-03-23,82,A,10000.0,9886.530470784784,383823.3615792884,15430.296872151084,14413.105499098263,1562.177751445215,544.9863783923938,15430.296872151084,0,S3,0,3,154302968.72151083,74948148.59531097,6539.836540708726,2314544.5308226626,30053.465908818933,76619858.93134837,0.8898930681823621
2024-03-23,82,B,25000.0,26411.148336073493,198902.62932270812,8952.558605415923,8958.249794772611,5490.077520457806,5495.768709814494,8952.558605415923,0,S3,0,3,223813965.1353981,120936372.22943026,65949.22451777392,1342883.7908123885,30053.465908818933,101239803.79540613,0.8898930681823621
2024-03-23,82,C,4750.0,5068.036171575915,322594.43620431767,27278.763687253613,19958.195170511342,0.0,0.0,19958.195170511342,1,S3,0,3,94801427.05992888,51891307.44332949,0.0,2993729.2755767014,30053.465908818933,39563742.43890955,0.8898930681823621
2024-03-24,83,A,10000.0,10156.704178000466,382678.36852529034,14428.274019849317,13490.372255198416,544.9863783923938,0.0,14035.35863359081,1,S2,0,8,140353586.3359081,70149935.72703177,0.0,2105303.7950386214,30290.835940341974,67685377.60937205,0.889418328119316
2024-03-24,83,B,25000.0,25709.449287504303,413104.5392224409,8594.228370412568,7791.4174597571055,5495.768709814494,4692.957799159032,8594.228370412568,0,S2,0,8,214855709.2603142,105184135.70672092,56315.49358990839,1289134.2555618852,30290.835940341974,107882728.4292787,0.889418328119316
2024-03-24,83,C,5000.0,4848.938606213603,434953.3913221702,23033.04807433439,19947.455230263036,0.0,0.0,19947.455230263036,1,S2,0,8,99737276.15131518,51863383.59868389,0.0,2992118.2845394555,30290.835940341974,44416530.04082932,0.889418328119316
2024-03-25,84,A,9700.0,9506.888975118096,164712.9831169063,15556.973125702592,16347.54912896293,0.0,790.5760032603375,15556.973125702592,0,S1,0,5,150902639.31931514,85007255.47060724,9486.91203912405,2333545.968855389,30591.28494609521,63357046.69975038,0.8888174301078096
2024-03-25,84,B,25000.0,25138.704773369842,305619.2784155459,9746.672151610614,8973.415740419989,4692.957799159032,3919.7013879684073,9746.672151610614,0,S1,0,5,243666803.79026535,121141112.49566984,47036.41665562089,1462000.822741592,30591.28494609521,120680443.49183665,0.8888174301078096
2024-03-25,84,C,5000.0,5172.076510808663,186653.37528234898,25153.594650431456,19934.75697344359,0.0,0.0,19934.75697344359,1,S1,0,5,99673784.86721794,51830368.130953334,0.0,2990213.5460165385,30591.28494609521,44635958.530019626,0.8888174301078096
2024-03-26,85,A,10000.0,9912.962442151298,338343.18029239407,14906.959145418145,15595.749721497043,790.5760032603375,1479.3665793392338,14906.959145418145,0,S3,1,11,149069591.45418143,81097898.55178462,17752.398952070806,2236043.8718127217,30827.080885874424,65348726.37045375,0.8883458382282512
2024-03-26,85,B,25000.0,24975.57044808103,117985.69699953099,9774.779636816329,9889.48530049411,3919.7013879684073,4034.407051646189,9774.779636816329,0,S3,1,11,244369490.92040822,133508051.55667049,48412.884619754266,1466216.9455224494,30827.080885874424,109197996.75571012,0.8883458382282512
2024-03-26,85,C,5000.0,5151.3181221169625,273841.6702723861,28064.20033590063,19924.247461037994,0.0,0.0,19924.247461037994,1,S3,1,11,99621237.30518997,51803043.398698784,0.0,2988637.119155699,30827.080885874424,44524888.036177225,0.8883458382282512
2024-03-27,86,A,10000.0,10052.96550491647,208188.03175299158,17057.994321771377,16829.411108735007,1479.3665793392338,1250.7833663028614,17057.994321771377,0,S1,0,5,170579943.21771377,87512937.76542203,15009.400395634337,2558699.1482657064,31134.292342733137,80253974.57953468,0.8877314153145337
2024-03-27,86,B,25000.0,25973.722738184548,183770.91258377157,10594.087967424712,11160.887386792736,4034.407051646189,4601.206471014213,10594.087967424712,0,S1,0,5,264852199.1856178,150671979.72170195,55214.47765217056,1589113.1951137069,31134.292342733137,112320986.58622347,0.8877314153145337
2024-03-27,86,C,5000.0,5037.307350967966,272527.3126063165,27426.96924554703,19910.287601400094,0.0,0.0,19910.287601400094,1,S1,0,5,99551438.00700048,51766747.76364025,0.0,2986543.1402100143,31134.292342733137,44494485.49820116,0.8877314153145337
2024-03-28,87,A,10000.0,9914.406093390224,114488.93241812143,15020.229531694353,14267.860754887963,1250.7833663028614,498.4145894964713,15020.229531694353,0,S3,0,3,150202295.31694353,74192875.92541741,5980.975073957656,2253034.429754153,31402.376864191618,73604512.67741568,0.8871952462716168
2024-03-28,87,B,25000.0,24897.575163415393,209828.09738436728,9236.605249333237,8611.969401617842,4601.206471014213,3976.5706232988177,9236.605249333237,0,S3,0,3,230915131.23333094,116261586.92184086,47718.84747958581,1385490.7873999856,31402.376864191618,112979104.20236194,0.8871952462716168
2024-03-28,87,C,5000.0,5122.165447815172,231629.94816050792,25769.807049517916,19897.806995429128,0.0,0.0,19897.806995429128,1,S3,0,3,99489034.97714564,51734298.18811573,0.0,2984671.049314369,31402.376864191618,44507033.41469084,0.8871952462716168
2024-03-29,88,A,10000.0,10199.84162173463,159691.0913761026,15329.905927819651,16764.49916314635,498.4145894964713,1933.0078248231694,15329.905927819651,0,S3,0,3,153299059.2781965,87175395.64836101,23196.093897878032,2299485.8891729475,31702.56635410268,63609587.98903447,0.8865948672917947
2024-03-29,88,B,25000.0,25589.126676095453,327124.5541417373,8835.32052365073,9141.930380620095,3976.5706232988177,4283.180480268184,8835.32052365073,0,S3,0,3,220883013.09126824,123416060.13837129,51398.1657632182,1325298.0785476093,31702.56635410268,95731429.5880903,0.8865948672917947
2024-03-29,88,C,5000.0,5028.350456391971,197647.63003423065,25237.188187309686,19884.472997805984,0.0,0.0,19884.472997805984,1,S3,0,3,99422364.98902991,51699629.79429556,0.0,2982670.949670898,31702.56635410268,44510714.04867513,0.8865948672917947
2024-03-30,89,A,10000.0,10102.032900978002,366733.31427618,13258.847028259443,12581.657071876234,1933.0078248231694,1255.8178684399609,13258.847028259443,0,S2,0,8,132588470.28259443,65424616.773756415,15069.81442127953,1988827.0542389164,31949.254648394643,64761274.07125324,0.8861014907032105
2024-03-30,89,B,25000.0,24091.105606278616,188992.90085149597,8334.988361402222,8198.756842783392,4283.180480268184,4146.948961649354,8334.988361402222,0,S2,0,8,208374709.03505555,110683217.3775758,49763.387539792246,1250248.2542103333,31949.254648394643,96170537.86022973,0.8861014907032105
2024-03-30,89,C,5000.0,5120.4079947933815,483077.3632061693,25380.297527067174,19874.143404349077,0.0,0.0,19874.143404349077,1,S2,0,8,99370717.02174538,51672772.8513076,0.0,2981121.5106523614,31949.254648394643,44201796.041930854,0.8861014907032105
2024-03-31,90,A,10000.0,9806.16817346893,173327.2647478161,13826.824539384466,15017.574825600293,1255.8178684399609,2446.568154655788,13826.824539384466,0,S3,0,3,138268245.39384466,78091389.09312153,29358.817855869456,2074023.68090767,32287.489194725884,57867859.048017055,0.885425021610548
2024-03-31,90,B,25000.0,24620.045409859726,361562.1722484253,9359.608286798599,9572.268761056708,4146.948961649354,4359.609435907463,9359.608286798599,0,S3,0,3,233990207.16996497,129225628.27426556,52315.31323088956,1403941.24301979,32287.489194725884,102914472.67800559,0.885425021610548
2024-03-31,90,C,5000.0,5241.209917239056,342500.2477800566,26363.84522804309,19858.287614675,0.0,0.0,19858.287614675,1,S3,0,3,99291438.07337499,51631547.798154995,0.0,2978743.14220125,32287.489194725884,44306359.39604396,0.885425021610548
2024-04-01,91,A,9700.0,9938.58161677326,197941.89887748635,15782.613003464186,16066.653391202628,2446.568154655788,2730.6085423942313,15782.613003464186,0,S2,1,16,153091346.13360262,83546597.63425367,32767.302508730776,2367391.950519628,32625.487980225465,66914021.85946289,0.884749024039549
2024-04-01,91,B,25000.0,25865.83645049614,400334.533374585,9675.315855402781,10058.826498823477,4359.609435907463,4743.120079328159,9675.315855402781,0,S2,1,16,241882896.38506955,135794157.73411694,56917.440951937904,1451297.3783104173,32625.487980225465,104147563.81033544,0.884749024039549
2024-04-01,91,C,5000.0,5118.763589723981,479259.0738059336,25715.411635957236,19842.675409846564,0.0,0.0,19842.675409846564,1,S2,1,16,99213377.04923283,51590956.065601066,0.0,2976401.3114769845,32625.487980225465,44134135.11036862,0.884749024039549
2024-04-02,92,A,10000.0,10376.575470894793,382439.4329571041,17629.494872453593,18107.399778348517,2730.6085423942313,3208.5134482891553,17629.494872453593,0,S1,0,5,176294948.72453594,94158478.84741229,38502.161379469864,2644424.230868039,32890.11846651948,79038213.93345252,0.8842197630669612
2024-04-02,92,B,25000.0,24935.298798456177,405889.6876567032,9653.288318387755,10461.586365966457,4743.120079328159,5551.418126906861,9653.288318387755,0,S1,0,5,241332207.95969388,141231415.94054717,66617.01752288234,1447993.2477581631,32890.11846651948,98147401.94774243,0.8842197630669612
2024-04-02,92,C,5000.0,5036.94437070052,139017.88270919307,25271.117284906257,19830.87258208408,0.0,0.0,19830.87258208408,1,S1,0,5,99154362.9104204,51560268.71341861,0.0,2974630.887312612,32890.11846651948,44447555.30851347,0.8842197630669612
2024-04-03,93,A,10000.0,10258.413687008648,106502.84395708737,17493.285146744358,18784.611014009537,3208.5134482891553,4499.8393155543345,17493.285146744358,0,S3,0,3,174932851.4674436,97679977.27284959,53998.07178665201,2623992.7720116535,33113.96083878035,74435266.54599983,0.8837720783224393
2024-04-03,93,B,24250.0,24999.088583593257,344383.4713666794,10782.835192407849,9950.200304353688,5551.418126906861,4718.7832388527,10782.835192407849,0,S3,0,3,261483753.41589034,134327704.10877478,56625.398866232405,1617425.2788611774,33113.96083878035,125104501.19718269,0.8837720783224393
2024-04-03,93,C,5000.0,5003.993029460414,404381.19180680154,26632.41082890274,19821.131566777873,0.0,0.0,19821.131566777873,1,S3,0,3,99105657.83388937,51534942.07362247,0.0,2973169.735016681,33113.96083878035,44160050.87260463,0.8837720783224393
2024-04-04,94,A,10000.0,10209.4469317907,232589.7294636496,16523.060027285348,15868.063918957578,4499.8393155543345,3844.843207226564,16523.060027285348,0,S2,1,15,165230600.2728535,82513932.37857941,46138.11848671877,2478459.0040928023,33511.691096976494,79925969.35113394,0.8829766178060469
2024-04-04,94,B,25000.0,24813.650623196227,362579.48722647276,9684.780835030122,10020.510168969055,4718.7832388527,5054.512572791633,9684.780835030122,0,S2,1,15,242119520.87575305,135276887.28108224,60654.150873499595,1452717.1252545184,33511.691096976494,104933171.14021935,0.8829766178060469
2024-04-04,94,C,5000.0,5009.297497124566,164871.97397751384,27437.424002896812,19803.828284753377,0.0,0.0,19803.828284753377,1,S2,1,15,99019141.42376688,51489953.54035878,0.0,2970574.2427130067,33511.691096976494,44360229.975620605,0.8829766178060469
2024-04-05,95,A,9700.0,10129.425602757367,410762.82198273216,16478.09697326919,18112.776115838948,3844.843207226564,5479.522349796323,16478.09697326919,0,S3,0,3,159837540.64071113,94186435.80236253,65754.26819755588,2471714.545990378,33786.37761737476,62669086.82456055,0.8824272447652504
2024-04-05,95,B,25000.0,25671.103497865213,355797.774196211,9539.765568875078,8936.455663956689,5054.512572791633,4451.202667873244,9539.765568875078,0,S3,0,3,238494139.22187695,120642151.4634153,53414.43201447892,1430964.8353312619,33786.37761737476,115978024.33930233,0.8824272447652504
2024-04-05,95,C,5000.0,4873.325487250322,241543.45572933357,23846.093740571385,19790.69083171847,0.0,0.0,19790.69083171847,1,S3,0,3,98953454.15859236,51455796.16246802,0.0,2968603.624757771,33786.37761737476,44253724.53801985,0.8824272447652504
2024-04-06,96,A,10000.0,10364.246441475067,368793.81506317656,15655.868995573384,14216.097583437537,5479.522349796323,4039.750937660474,15655.868995573384,0,S1,0,5,156558689.95573384,73923707.43387519,48477.01125192569,2348380.3493360076,34068.94226272104,79835262.4039448,0.8818621154745578
2024-04-06,96,B,24250.0,25771.37490201234,101745.44860588615,9656.75549121387,9640.364448668875,4451.202667873244,4434.81162532825,9656.75549121387,0,S1,0,5,234176320.66193634,130144920.05702981,53217.739503938996,1448513.3236820805,34068.94226272104,102393855.1508519,0.8818621154745578
2024-04-06,96,C,5000.0,5071.737709460592,132217.97868524527,25659.528484917653,19778.175667419422,0.0,0.0,19778.175667419422,1,S1,0,5,98890878.33709711,51423256.7352905,0.0,2966726.350112913,34068.94226272104,44334608.33074573,0.8818621154745578
2024-04-07,97,A,9700.0,9950.362399321517,359757.04684309626,15597.037926818466,14232.5189475318,4039.750937660474,2675.23195837381,15597.037926818466,0,S1,0,5,151291267.89013913,74009098.52716537,32102.78350048572,2339555.6890227697,34310.72560355441,74516443.11800386,0.8813785487928911
2024-04-07,97,B,25000.0,24674.579415076678,240680.9563401054,9696.608359991056,9010.934370874815,4434.81162532825,3749.137636212008,9696.608359991056,0,S1,0,5,242415208.9997764,121647614.00681,44989.6516345441,1454491.2539986584,34310.72560355441,118993122.40538955,0.8813785487928911
2024-04-07,97,C,5000.0,4968.496247776746,105197.33946871849,23741.35458803935,19766.831755398685,0.0,0.0,19766.831755398685,1,S1,0,5,98834158.77699342,51393762.564036585,0.0,2965024.763309803,34310.72560355441,44335863.38457476,0.8813785487928911
2024-04-08,98,A,10000.0,10087.585359139384,481643.311628003,15784.624342863968,17041.871077167038,2675.23195837381,3932.4786926768793,15784.624342863968,0,S1,0,5,157846243.42863968,88617729.60126859,47189.74431212255,2367693.6514295954,34509.86067308214,66297477.25932829,0.8809802786538355
2024-04-08,98,B,25000.0,24932.142257876225,219969.96233115823,9457.943690513024,10029.027256700341,3749.137636212008,4320.221202399325,9457.943690513024,0,S1,0,5,236448592.2628256,135391867.9654546,51842.6544287919,1418691.5535769537,34509.86067308214,99331710.26636101,0.8809802786538355
2024-04-08,98,C,4850.0,5127.442041431403,488543.6096342033,29436.728715108653,19757.254182695113,0.0,0.0,19757.254182695113,1,S1,0,5,95822682.7860713,51368860.875007294,0.0,2963588.127404267,34509.86067308214,40967180.31335245,0.8809802786538355
2024-04-09,99,A,10000.0,10116.421549840727,480616.877260113,16080.944739490118,16536.55136957418,3932.4786926768793,4388.0853227609405,16080.944739490118,0,S2,0,8,160809447.3949012,85990067.12178573,52657.023873131286,2412141.7109235176,34857.19085869262,71839107.47019999,0.8802856182826148
2024-04-09,99,B,25000.0,25036.295376285794,427924.4432742753,10334.899028183536,9518.974446104798,4320.221202399325,3504.296620320587,10334.899028183536,0,S2,0,8,258372475.70458838,128506155.02241477,42051.55944384704,1550234.8542275303,34857.19085869262,127811252.63436927,0.8802856182826148
2024-04-09,99,C,5000.0,5097.9439466850445,210254.02043334732,26779.261434236643,19741.62864517197,0.0,0.0,19741.62864517197,1,S2,0,8,98708143.22585985,51328234.47744713,0.0,2961244.2967757955,34857.19085869262,44173553.24034489,0.8802856182826148
2024-04-10,100,A,10000.0,9980.420280838543,227669.58870693186,15505.216186770296,14033.77602055399,4388.0853227609405,2916.645156544633,15505.216186770296,0,S3,0,3,155052161.86770296,72975635.30688076,34999.7418785356,2325782.4280155445,35145.40606092722,79452929.39616026,0.8797091878781454
2024-04-10,100,B,25000.0,24706.979367988206,473355.3427379722,10161.625362535971,9738.687137026622,3504.296620320587,3081.3583948112373,10161.625362535971,0,S3,0,3,254040634.06339929,131472276.34985939,36976.30073773485,1524243.8043803957,35145.40606092722,120498636.85962285,0.8797091878781454
2024-04-10,100,C,5000.0,4933.689053125796,140714.395499607,25560.573865092767,19729.324506547986,0.0,0.0,19729.324506547986,1,S3,0,3,98646622.53273992,51296243.717024766,0.0,2959398.6759821977,35145.40606092722,44215120.33817242,0.8797091878781454
2024-04-11,101,A,10000.0,10433.18183150141,240539.87331570563,15444.06028484501,15508.21678913987,2916.645156544633,2980.8016608394937,15444.06028484501,0,S2,0,8,154440602.8484501,80642727.30352733,35769.619930073924,2316609.0427267514,35492.57829321853,71169464.43065701,0.879014843413563
2024-04-11,101,B,25000.0,25004.792085741643,163040.60531539135,8684.907605270586,9198.22941857105,3081.3583948112373,3594.680208111702,8684.907605270586,0,S2,0,8,217122690.13176465,124176097.15070918,43136.162497340425,1302736.140790588,35492.57829321853,91402187.49415894,0.879014843413563
2024-04-11,101,C,5000.0,5017.546125719177,257084.02342436952,23376.373683895985,19713.771987336106,0.0,0.0,19713.771987336106,1,S2,0,8,98568859.93668053,51255807.167073876,0.0,2957065.7981004156,35492.57829321853,44063410.36978865,0.879014843413563
2024-04-12,102,A,10000.0,10058.128304414062,154020.3218719099,14521.933577160331,15553.467025129507,2980.8016608394937,4012.3351088086692,14521.933577160331,0,S1,0,5,145219335.77160332,80878028.53067343,48148.02130570403,2178290.03657405,35813.51553755996,61925035.34564067,0.8783729689248801
2024-04-12,102,B,25000.0,25224.227765067022,269734.5715692046,9857.323504781243,10752.89737717902,3594.680208111702,4490.2540805094795,9857.323504781243,0,S1,0,5,246433087.61953107,145164114.59191677,53883.048966113754,1478598.5257171865,35813.51553755996,99430943.36582424,0.8783729689248801
2024-04-12,102,C,5000.0,5363.001501924786,468955.8295982522,26732.272789300052,19699.976742669398,0.0,0.0,19699.976742669398,1,S1,0,5,98499883.71334699,51219939.530940436,0.0,2954996.5114004095,35813.51553755996,43820178.32587033,0.8783729689248801
2024-04-13,103,A,10000.0,10136.444054255107,127530.96612649829,14961.501630186795,16092.563866620412,4012.3351088086692,5143.397345242287,14961.501630186795,0,S1,0,5,149615016.30186793,83681332.10642615,61720.768142907444,2244225.2445280193,36086.483444429294,63464120.733199924,0.8778270331111413
2024-04-13,103,B,24250.0,25125.52229286551,200684.2566997729,8697.275572841005,8060.595374780427,4490.2540805094795,3853.5738824489017,8697.275572841005,0,S1,0,5,210908932.64139438,108818037.55953576,46242.88658938682,1304591.3359261507,36086.483444429294,100503290.11919889,0.8778270331111413
2024-04-13,103,C,5000.0,5026.563391939464,219804.99610985836,21896.360222181578,19688.33419877066,0.0,0.0,19688.33419877066,1,S1,0,5,98441670.9938533,51189668.91680371,0.0,2953250.129815599,36086.483444429294,44042860.4676797,0.8778270331111413
2024-04-14,104,A,10000.0,9557.612523210779,199160.67593247315,13818.959737901361,13327.941068791006,5143.397345242287,4652.378676131932,13818.959737901361,0,S2,0,8,138189597.3790136,69305293.55771323,55828.54411358318,2072843.9606852042,36402.07795728968,66520068.56261184,0.8771958440854206
2024-04-14,104,B,25000.0,24118.645149047792,205613.48091024562,8326.607229499361,8957.712220013022,3853.5738824489017,4484.678872962562,8326.607229499361,0,S2,0,8,208165180.73748404,120929114.97017579,53816.14647555075,1248991.084424904,36402.07795728968,85691242.97754027,0.8771958440854206
2024-04-14,104,C,5000.0,5082.625414455381,402618.7853607629,22600.584236627466,19674.16595904505,0.0,0.0,19674.16595904505,1,S2,0,8,98370829.79522525,51152831.49351713,0.0,2951124.893856758,36402.07795728968,43827852.54453331,0.8771958440854206
2024-04-15,105,A,10000.0,10100.266219945515,417208.3154406359,14131.72687581453,15450.963045746896,4652.378676131932,5971.614846064298,14131.72687581453,0,S3,0,3,141317268.7581453,80345007.83788386,71659.37815277158,2119759.0313721793,36698.36085936874,58326935.83443648,0.8766032782812625
2024-04-15,105,B,25000.0,24733.45690808275,320933.1000962798,9148.012569175211,9745.771007386786,4484.678872962562,5082.437311174137,9148.012569175211,0,S3,0,3,228700314.22938028,131567908.59972161,60989.247734089644,1372201.8853762816,36698.36085936874,95341583.03559266,0.8766032782812625
2024-04-15,105,C,4850.0,5092.817121065972,325718.48233175464,27050.634869487178,19661.395522022016,0.0,0.0,19661.395522022016,1,S3,0,3,95357768.28180678,51119628.35725724,0.0,2949209.328303302,36698.36085936874,40926513.75305512,0.8766032782812625
2024-04-16,106,A,10000.0,10354.283069727746,100256.9214799495,15883.999483352862,15873.067533692598,5971.614846064298,5960.682896404032,15883.999483352862,0,S2,0,8,158839994.8335286,82539951.1752015,71528.19475684839,2382599.9225029293,36997.015219943605,73708661.60436742,0.8760059695601127
2024-04-16,106,B,24250.0,25457.433021458877,211229.6158880092,10653.235929798082,11657.327527157971,5082.437311174137,6086.528908534025,10653.235929798082,0,S2,0,8,258340971.2976035,157373921.6166326,73038.34690240829,1597985.3894697123,36997.015219943605,99047799.3134908,0.8760059695601127
2024-04-16,106,C,4850.0,5063.829091661142,343771.74739878695,28578.310089196704,19648.8899885136,0.0,0.0,19648.8899885136,1,S2,0,8,95297116.44429097,51087113.97013536,0.0,2947333.49827704,36997.015219943605,40881900.21325984,0.8760059695601127
2024-04-17,107,A,10000.0,10249.345036363196,382050.37839968875,16975.2183896506,15802.04286114077,5960.682896404032,4787.507367894203,16975.2183896506,0,S2,0,8,169752183.89650598,82170622.877932,57450.08841473043,2546282.75844759,37211.91062058377,84558565.8826914,0.8755761787588325
2024-04-17,107,B,25000.0,25152.398681540468,317639.23659292434,9183.959366419214,9130.604490400423,6086.528908534025,6033.174032515233,9183.959366419214,0,S2,0,8,229598984.16048035,123263160.6204057,72398.08839018279,1377593.9049628822,37211.91062058377,104530980.39950807,0.8755761787588325
2024-04-17,107,C,5000.0,5262.097820718819,145778.12758845204,27465.6237624211,19639.45977858608,0.0,0.0,19639.45977858608,1,S2,0,8,98197298.89293039,51062595.424323805,0.0,2945918.966787912,37211.91062058377,44005794.463609636,0.8755761787588325
2024-04-18,108,A,9700.0,10284.757065334721,293163.13294842845,17378.186374516932,16128.521542828212,4787.507367894203,3537.842536205484,17378.186374516932,0,S3,0,3,168568407.83281425,83868312.0227067,42454.11043446581,2606727.9561775397,37589.77022355803,81720160.84032355,0.8748204595528838
2024-04-18,108,B,25000.0,24787.185563442465,228927.88725736874,9887.733862129997,10372.788852461137,6033.174032515233,6518.229022846372,9887.733862129997,0,S3,0,3,247193346.55324993,140032649.50822535,78218.74827415646,1483160.0793194994,37589.77022355803,105332800.55995,0.8748204595528838
2024-04-18,108,C,5000.0,5030.605357689617,416809.2971319092,27328.51262161183,19622.913998767355,0.0,0.0,19622.913998767355,1,S3,0,3,98114569.99383678,51019576.396795124,0.0,2943437.099815103,37589.77022355803,43697157.42987108,0.8748204595528838
2024-04-19,109,A,9700.0,10181.128986774544,275326.52376579517,16161.423180596568,15256.53966801731,3537.842536205484,2632.9590236262266,16161.423180596568,0,S1,0,5,156765804.8517867,79334006.27369002,31595.50828351472,2424213.477089485,37879.11510212464,74662783.95385577,0.8742417697957506
2024-04-19,109,B,24250.0,25292.88803618761,157278.69509724862,9235.885983978787,9524.133561662387,6518.229022846372,6806.476600529972,9235.885983978787,0,S1,0,5,223970235.1114856,128575803.08244222,81677.71920635966,1385382.8975968182,37879.11510212464,93732213.60204081,0.8742417697957506
2024-04-19,109,C,5000.0,4898.785576145484,456103.1734585165,26124.561485865568,19608.87360378194,0.0,0.0,19608.87360378194,1,S1,0,5,98044368.0189097,50983071.369833045,0.0,2941331.040567291,37879.11510212464,43625983.31994871,0.8742417697957506
2024-04-20,110,A,10000.0,10322.098269578282,339543.3480401411,14256.95722984387,15175.468183167282,2632.9590236262266,3551.4699769496383,14256.95722984387,0,S3,0,3,142569572.2984387,78912434.55246986,42617.63972339566,2138543.5844765804,38228.903134281885,61098204.27059443,0.8735421937314362
2024-04-20,110,B,25000.0,25743.525664312936,313751.3773054443,9292.504141191463,8691.20504614407,6806.476600529972,6205.177505482579,9292.504141191463,0,S3,0,3,232312603.52978656,117331268.12294495,74462.13006579096,1393875.6211787194,38228.903134281885,113161017.37515737,0.8735421937314362
2024-04-20,110,C,5000.0,5066.461761394349,240017.2889491915,25877.792744830178,19593.288701804056,0.0,0.0,19593.288701804056,1,S3,0,3,97966443.50902028,50942550.62469055,0.0,2938993.3052706085,38228.903134281885,43806653.38697565,0.8735421937314362
2024-04-21,111,A,10000.0,9840.521914342313,267924.2244223143,15059.709061898979,15288.079324492117,3551.4699769496383,3779.8402395427765,15059.709061898979,0,S2,1,14,150597090.6189898,79498012.487359,45358.08287451332,2258956.3592848466,38373.52643796982,68488465.93861115,0.8732529471240603
2024-04-21,111,B,25000.0,24759.994874072625,218501.8941517222,8490.538729960774,8188.333425286046,6205.177505482579,5902.972200807852,8490.538729960774,0,S2,1,14,212263468.24901935,110542501.24136162,70835.66640969421,1273580.809494116,38373.52643796982,100119675.11116423,0.8732529471240603
2024-04-21,111,C,5000.0,5100.811652243207,121333.856682971,25024.447501631294,19586.8096010726,0.0,0.0,19586.8096010726,1,S2,1,14,97934048.005363,50925704.96278876,0.0,2938021.44016089,38373.52643796982,43910614.21929241,0.8732529471240603
2024-04-22,112,A,10000.0,9957.186230317217,118953.69352703945,14015.811742554466,14532.450876892213,3779.8402395427765,4296.479373880524,14015.811742554466,0,S3,0,3,140158117.42554465,75568744.5598395,51557.752486566285,2102371.76138317,38562.86546914423,62277926.79283923,0.8728742690617114
2024-04-22,112,B,25000.0,25456.051444861703,232510.71736782682,9116.599014224521,9786.847482007643,5902.972200807852,6573.220668590973,9116.599014224521,0,S3,0,3,227914975.35561302,132122441.00710317,78878.64802309168,1367489.852133678,38562.86546914423,94075092.2655161,0.8728742690617114
2024-04-22,112,C,5000.0,5260.475657110304,401744.4274926599,27062.93949293959,19577.824737301242,0.0,0.0,19577.824737301242,1,S3,0,3,97889123.68650621,50902344.31698323,0.0,2936673.7105951863,38562.86546914423,43609798.36596599,0.8728742690617114
2024-04-23,113,A,9700.0,10057.582425631932,329410.34468337934,17829.314333542767,16955.740200804874,4296.479373880524,3422.905241142631,17829.314333542767,0,S2,0,8,172944349.03536484,88169849.04418534,41074.86289371157,2674397.150031415,39039.498030845156,81690578.13554014,0.8719210039383096
2024-04-23,113,B,25000.0,25412.29757344114,276486.2018445524,10242.542444901474,10264.577199317411,6573.220668590973,6595.255423006909,10242.542444901474,0,S2,0,8,256063561.12253684,138571792.19078505,79143.06507608292,1536381.3667352211,39039.498030845156,115560718.80006509,0.8719210039383096
2024-04-23,113,C,5000.0,4964.781462697251,200068.42112201185,25738.219341668504,19556.967802440337,0.0,0.0,19556.967802440337,1,S2,0,8,97784839.01220168,50848116.28634488,0.0,2933545.1703660507,39039.498030845156,43764069.63633789,0.8719210039383096
2024-04-24,114,A,10000.0,9902.170612011618,123365.75182184749,14875.694685715553,15357.81477420356,3422.905241142631,3905.0253296306364,14875.694685715553,0,S3,0,3,148756946.85715553,79860636.82585852,46860.30395556764,2231354.202857333,39353.018354812506,66455376.75430746,0.8712939632903749
2024-04-24,114,B,25000.0,25058.299861468113,484504.20669935184,9719.664172046045,9702.758823718015,6595.255423006909,6578.3500746788795,9719.664172046045,0,S3,0,3,242991604.30115113,130987244.12019321,78940.20089614656,1457949.6258069067,39353.018354812506,109943613.12920068,0.8712939632903749
2024-04-24,114,C,5000.0,5129.653705280476,403208.4332601228,25392.803984134047,19542.942366800944,0.0,0.0,19542.942366800944,1,S3,0,3,97714711.83400472,50811650.153682455,0.0,2931441.3550201417,39353.018354812506,43529058.873687185,0.8712939632903749
2024-04-25,115,A,10000.0,10058.709262641114,411344.1883112867,15792.640719447772,14866.022768456463,3905.0253296306364,2978.4073786393274,15792.640719447772,0,S3,0,3,157926407.19447774,77303318.39597361,35740.88854367193,2368896.107917166,39676.39969168976,77767431.21404032,0.8706472006166205
2024-04-25,115,B,25000.0,25676.496349119712,108057.78859864091,9705.17664467612,10550.853980986794,6578.3500746788795,7424.027410989553,9705.17664467612,0,S3,0,3,242629416.11690298,142436528.74332172,89088.32893187462,1455776.496701418,39676.39969168976,98500288.35965765,0.8706472006166205
2024-04-25,115,C,5000.0,5149.670712725034,155022.53899728454,27325.99993992901,19527.550843906585,0.0,0.0,19527.550843906585,1,S3,0,3,97637754.21953292,50771632.19415712,0.0,2929132.626585988,39676.39969168976,43742290.46010083,0.8706472006166205
2024-04-26,116,A,10000.0,9962.719995890613,349744.8980468908,16054.332742933791,15958.592001406458,2978.4073786393274,2882.6666371119936,16054.332742933791,0,S1,0,5,160543327.42933792,82984678.40731359,34591.99964534392,2408149.911440069,39988.91837195885,74726173.29452007,0.8700221632560823
2024-04-26,116,B,25000.0,24922.321355773125,374236.89297516417,8843.986474397969,9166.897743175152,7424.027410989553,7746.938679766734,8843.986474397969,0,S1,0,5,221099661.85994923,123753119.53286456,92963.26415720081,1326597.9711596954,39988.91837195885,95512755.28042065,0.8700221632560823
2024-04-26,116,C,5000.0,5007.751329065389,343251.56650232116,23797.76445035587,19514.005262710318,0.0,0.0,19514.005262710318,1,S1,0,5,97570026.31355159,50736413.683046825,0.0,2927100.789406548,39988.91837195885,43523271.35622394,0.8700221632560823
2024-04-27,117,A,10000.0,10227.49569496643,237484.03079882782,13851.618000418355,13179.503075691633,2882.6666371119936,2210.5517123852715,13851.618000418355,0,S2,0,8,138516180.00418356,68533415.9935965,26526.620548623257,2077742.7000627532,40109.4432120074,67600901.21596487,0.8697811135759851
2024-04-27,117,B,25000.0,25482.248464635057,248251.30460225316,9446.574758034925,10389.418524558378,7746.938679766734,8689.782446290186,9446.574758034925,0,S2,0,8,236164368.95087314,140257150.0815381,104277.38935548224,1416986.213705239,40109.4432120074,94097594.51846005,0.8697811135759851
2024-04-27,117,C,5000.0,5062.812120659873,481171.51625040575,24540.240238663275,19508.709695727495,0.0,0.0,19508.709695727495,1,S2,0,8,97543548.47863747,50722645.20889149,0.0,2926306.4543591244,40109.4432120074,43373315.85592444,0.8697811135759851
2024-04-28,118,A,10000.0,10316.902923539601,348032.3626613049,14529.069037259358,13634.990927133376,2210.5517123852715,1316.4736022592897,14529.069037259358,0,S1,0,5,145290690.37259358,70901952.82109356,15797.683227111476,2179360.3555889037,40550.77104638164,71804996.37897633,0.8688984579072366
2024-04-28,118,B,25000.0,25140.767348111636,381949.3871888475,9106.018215969885,9800.321537257758,8689.782446290186,9384.08576757806,9106.018215969885,0,S1,0,5,227650455.39924714,132304340.75297973,112609.02921093673,1365902.7323954827,40550.77104638164,93445102.72642575,0.8688984579072366
2024-04-28,118,C,5000.0,5216.876307084697,304522.38136507804,26355.64430466469,19488.455041112877,0.0,0.0,19488.455041112877,1,S1,0,5,97442275.20556438,50669983.10689348,0.0,2923268.2561669317,40550.77104638164,43503950.690092504,0.8688984579072366
2024-04-29,119,A,9700.0,10091.062032904523,463974.8691669845,15531.196051066472,14089.978424118917,1316.4736022592897,0.0,15406.452026378207,1,S1,0,5,149442584.65586862,73267887.80541837,0.0,2310967.803956731,40872.70270856541,73358881.47461796,0.8682545945828691
2024-04-29,119,B,25000.0,25341.01122693939,237075.27215113258,10243.74271840322,9369.01165185963,9384.08576757806,8509.35470103447,10243.74271840322,0,S1,0,5,256093567.9600805,126481657.300105,102112.25641241364,1536561.407760483,40872.70270856541,127695289.0209429,0.8682545945828691
2024-04-29,119,C,5000.0,4984.415661535407,343320.30278854596,23714.26345117849,19474.686418173515,0.0,0.0,19474.686418173515,1,S1,0,5,97373432.09086758,50634184.687251136,0.0,2921202.9627260272,40872.70270856541,43433851.4353933,0.8682545945828691
2024-04-30,120,A,10000.0,10233.922443044916,151891.24276196223,14488.29108480172,13301.291117870718,0.0,0.0,13301.291117870718,1,S2,0,8,133012911.17870718,69166713.81292774,0.0,1995193.6676806076,41302.12239789084,61657810.332938984,0.8673957552042182
2024-04-30,120,B,25000.0,25095.677381763748,272836.16943179566,9401.432572253629,9442.586692478684,8509.35470103447,8550.508821259524,9401.432572253629,0,S2,0,8,235035814.30634072,127474920.34846224,102606.10585511429,1410214.8858380443,41302.12239789084,105733934.67435566,0.8673957552042182
2024-04-30,120,C,5000.0,5092.760352232601,180923.44753683926,24896.34663667718,19455.994466463537,0.0,0.0,19455.994466463537,1,S2,0,8,97279972.33231768,50585585.612805195,0.0,2918399.1699695303,41302.12239789084,43553761.97960822,0.8673957552042182
2024-05-01,121,A,10000.0,10255.108539190327,195085.7501483909,15870.55920611527,15361.62993388396,0.0,0.0,15361.62993388396,1,S3,0,3,153616299.3388396,79880475.6561966,0.0,2304244.490082594,41614.80030303728,71194878.64210898,0.8667703993939254
2024-05-01,121,B,25000.0,24775.903937407456,242846.23835864742,10511.19283689575,9847.178117264191,8550.508821259524,7886.4941016279645,10511.19283689575,0,S3,0,3,262779820.92239377,132936904.58306658,94637.92921953558,1576678.9255343627,41614.80030303728,127887138.4459116,0.8667703993939254
2024-05-01,121,C,5000.0,5035.793756598378,164631.44974860878,25860.70986149781,19441.809518339007,0.0,0.0,19441.809518339007,1,S3,0,3,97209047.59169504,50548704.74768142,0.0,2916271.427750851,41614.80030303728,43537825.166211136,0.8667703993939254
2024-05-02,122,A,10000.0,10344.5188077019,360784.9384132342,16564.791368531223,16600.8269102007,0.0,36.035541669476515,16564.791368531223,0,S3,0,3,165647913.68531224,86324299.93304364,432.4265000337182,2484718.7052796837,41896.87319667516,76435780.80887897,0.8662062536066497
2024-05-02,122,B,25000.0,25363.293044963626,318455.79736038536,9826.537724532192,9588.426087629872,7886.4941016279645,7648.382464725642,9826.537724532192,0,S3,0,3,245663443.11330482,129443752.18300328,91780.58957670772,1473980.658679829,41896.87319667516,114293577.01148795,0.8662062536066497
2024-05-02,122,C,4850.0,4861.595078463837,401400.225378244,27908.759650015447,19428.44482283545,0.0,0.0,19428.44482283545,1,S3,0,3,94227957.39075193,50513956.53937217,0.0,2914266.723425317,41896.87319667516,40356437.029379524,0.8662062536066497
2024-05-03,123,A,9700.0,9921.59823432146,381463.2403422445,14279.395570013512,15105.150282655317,36.035541669476515,861.7902543112814,14279.395570013512,0,S1,0,5,138510137.02913105,78546781.46980765,10341.483051735377,2141909.3355020266,42200.96704000498,57387440.53338739,0.8655980659199901
2024-05-03,123,B,25000.0,26168.356254678492,464035.8696520796,9578.065127112302,9424.162081017414,7648.382464725642,7494.479418630752,9578.065127112302,0,S1,0,5,239451628.17780757,127226188.09373508,89933.75302356902,1436709.7690668453,42200.96704000498,110192559.72529,0.8655980659199901
2024-05-03,123,C,5000.0,5094.643825166847,262639.25748078513,22885.03969906929,19415.245151170275,0.0,0.0,19415.245151170275,1,S1,0,5,97076225.75585137,50479637.39304271,0.0,2912286.772675541,42200.96704000498,43379461.36561233,0.8655980659199901
2024-05-04,124,A,10000.0,9992.468240881239,174582.11727783107,14532.09965757665,14886.090542819731,861.7902543112814,1215.781139554363,14532.09965757665,0,S3,0,3,145320996.5757665,77407670.8226626,14589.373674652357,2179814.9486364974,42511.02094614043,65501828.29256879,0.864977958107719
2024-05-04,124,B,25000.0,25154.329445500247,218016.05619861526,8871.964438994004,9594.87904846704,7494.479418630752,8217.39402810379,8871.964438994004,0,S3,0,3,221799110.9748501,129530867.15430506,98608.72833724548,1330794.6658491006,42511.02094614043,90578313.34921393,0.864977958107719
2024-05-04,124,C,5000.0,5131.547189325118,391149.4852090408,25150.817255679365,19400.79848680617,0.0,0.0,19400.79848680617,1,S3,0,3,97003992.43403085,50442076.06569604,0.0,2910119.7730209255,42511.02094614043,43218136.08915871,0.864977958107719
2024-05-05,125,A,9500.0,10031.517453908507,307508.2332865236,16015.603261069073,16755.970572783113,1215.781139554363,1956.1484512684056,16015.603261069073,0,S2,0,8,152148230.98015618,87131046.97847219,23473.781415220867,2402340.489160361,42896.87950764893,62240964.618314244,0.8642062409847021
2024-05-05,125,B,25000.0,24961.57410851539,304130.3668302937,8811.62642379303,9438.962765575645,8217.39402810379,8844.730369886405,8811.62642379303,0,S2,0,8,220290660.59482574,127425997.33527121,106136.76443863686,1321743.9635689545,42896.87950764893,91089755.285209,0.8642062409847021
2024-05-05,125,C,5000.0,5047.379807246511,256193.9959074084,23445.824557711014,19383.794887820754,0.0,0.0,19383.794887820754,1,S2,0,8,96918974.43910377,50397866.70833396,0.0,2907569.233173113,42896.87950764893,43314447.62218164,0.8642062409847021
2024-05-06,126,A,10000.0,9998.734856658311,309512.94774795015,14631.841465646336,15037.89132454262,1956.1484512684056,2362.198310164691,14631.841465646336,0,S3,0,3,146318414.65646335,78197034.88762163,28346.379721976293,2194776.2198469504,43059.21008096721,65545685.0114439,0.8638815798380655
2024-05-06,126,B,25000.0,25203.81956323829,261661.81424531044,9308.48735398219,9693.559320792965,8844.730369886405,9229.80233669718,9308.48735398219,0,S3,0,3,232712183.84955472,130863050.83070503,110757.62804036615,1396273.1030973285,43059.21008096721,100037381.2633857,0.8638815798380655
2024-05-06,126,C,4750.0,5014.302378383207,415621.3118428586,29572.850071328863,19375.98487686738,0.0,0.0,19375.98487686738,1,S3,0,3,92035928.16512005,50377560.67985519,0.0,2906397.731530107,43059.21008096721,38293289.23181093,0.8638815798380655
2024-05-07,127,A,10000.0,10238.466896838547,434354.00702125696,16145.600322850198,17387.552199442554,2362.198310164691,3604.150186757048,16145.600322850198,0,S3,0,3,161456003.22850198,90415271.43710129,43249.80224108457,2421840.0484275296,43304.26849719612,68097983.66521361,0.8633914630056078
2024-05-07,127,B,25000.0,26254.456279434595,182020.23940927332,9594.439026847129,10066.833322507478,9229.80233669718,9702.196632357529,9594.439026847129,0,S3,0,3,239860975.67117822,135902249.85385096,116426.35958829035,1439165.8540270694,43304.26849719612,102177809.09580544,0.8633914630056078
2024-05-07,127,C,5000.0,5120.086742687893,124649.5993510448,25163.68917635479,19365.08292276046,0.0,0.0,19365.08292276046,1,S3,0,3,96825414.6138023,50349215.5991772,0.0,2904762.438414069,43304.26849719612,43403482.70836279,0.8633914630056078
2024-05-08,128,A,10000.0,10084.681409462673,449100.10337515577,15998.622073983996,15217.187468182226,3604.150186757048,2822.7155809552787,15998.622073983996,0,S2,0,8,159986220.73983994,79129374.83454758,33872.586971463345,2399793.311097599,43586.240999521055,77930493.66284864,0.8628275180009579
2024-05-08,128,B,23750.0,25011.550167967867,392927.368867126,10330.916926810678,10091.873268054238,9702.196632357529,9463.152973601089,10330.916926810678,0,S2,0,8,245359277.0117536,136240289.1187322,113557.83568321307,1549637.5390216017,43586.240999521055,107019278.90844992,0.8628275180009579
2024-05-08,128,C,4850.0,5042.618730074028,362122.7400029162,27953.94223473659,19351.671927579147,0.0,0.0,19351.671927579147,1,S2,0,8,93855608.84875886,50314347.011705786,0.0,2902750.789136872,43586.240999521055,40232802.06691377,0.8628275180009579
2024-05-09,129,A,10000.0,9859.235404507555,482474.9660214539,14654.410192502864,14018.804683106222,2822.7155809552787,2187.110071558638,14654.410192502864,0,S1,0,5,146544101.92502865,72897784.35215235,26245.320858703657,2198161.5288754296,43852.018065726596,70895583.73905501,0.8622959638685467
2024-05-09,129,B,24250.0,24803.76234076395,304728.9555619029,10343.211934833786,10874.721330116494,9463.152973601089,9994.662368883795,10343.211934833786,0,S1,0,5,250822889.4197193,146808737.95657268,119935.94842660555,1551481.7902250679,43852.018065726596,101994152.75086732,0.8622959638685467
2024-05-09,129,C,4750.0,4975.090125374335,422769.19112796633,27790.40141125272,19338.990896434643,0.0,0.0,19338.990896434643,1,S1,0,5,91860206.75806455,50281376.33073007,0.0,2900848.6344651966,43852.018065726596,38211360.58367559,0.8622959638685467
2024-05-10,130,A,9500.0,10333.249509184554,133737.95777532452,16565.84010561902,17591.52801877513,2187.110071558638,3212.797984714751,16565.84010561902,0,S3,0,3,157375481.0033807,91475945.69763067,38553.57581657701,2484876.015842853,44066.52893126208,63198301.22738399,0.8618669421374758
2024-05-10,130,B,25000.0,24494.649012882193,335715.0814658512,8274.161265921199,8628.064825253296,9994.662368883795,10348.565928215894,8274.161265921199,0,S3,0,3,206854031.64802995,116478875.14091949,124182.79113859072,1241124.1898881798,44066.52893126208,88630067.91568658,0.8618669421374758
2024-05-10,130,C,4750.0,5205.762454194159,104886.18516614032,29126.982727658553,19329.129407290817,0.0,0.0,19329.129407290817,1,S3,0,3,91813364.68463138,50255736.45895612,0.0,2899369.4110936224,44066.52893126208,38509306.10048423,0.8618669421374758
2024-05-11,131,A,10000.0,10793.775312883123,123566.1357343214,14679.614721669634,15388.483940966658,3212.797984714751,3921.6672040117774,14679.614721669634,0,S3,0,3,146796147.21669632,80020116.49302663,47060.00644814133,2201942.208250445,44382.33369785257,64359080.03953893,0.861235332604295
2024-05-11,131,B,24250.0,25785.88647564439,140707.38367192238,9403.148303134056,10043.034464585264,10348.565928215894,10988.4520896671,9403.148303134056,0,S3,0,3,228026346.35100085,135580965.27190107,131861.4250760052,1410472.2454701085,44382.33369785257,90717957.69118388,0.861235332604295
2024-05-11,131,C,5000.0,5086.202464191139,109979.08748266028,23604.82983446586,19314.958994371038,0.0,0.0,19314.958994371038,1,S3,0,3,96574794.9718552,50218893.3853647,0.0,2897243.8491556556,44382.33369785257,43304296.31615432,0.861235332604295
2024-05-12,132,A,10000.0,10229.75074713305,376621.6588429674,14022.103539013959,14699.905003622907,3921.6672040117774,4599.468668620728,14022.103539013959,0,S2,0,8,140221035.39013958,76439506.01883912,55193.624023448734,2103315.530852094,44674.61006457535,61201723.94751737,0.8606507798708491
2024-05-12,132,B,25000.0,25142.833925858493,363786.91000219126,9163.404720057257,9326.093242427221,10988.4520896671,11151.140612037063,9163.404720057257,0,S2,0,8,229085118.0014314,125902258.77276748,133813.68734444474,1374510.7080085885,44674.61006457535,101266073.31324412,0.8606507798708491
2024-05-12,132,C,5000.0,4985.0112294345945,213602.32653432922,23231.014916426084,19301.254184685764,0.0,0.0,19301.254184685764,1,S2,0,8,96506270.92342882,50183260.88018299,0.0,2895188.127702865,44674.61006457535,43169544.97894406,0.8606507798708491
2024-05-13,133,A,10000.0,10475.964589538835,332799.4901823953,15114.414227937203,15578.10994512361,4599.468668620728,5063.164385807133,15114.414227937203,0,S2,0,8,151144142.27937204,81006171.71464276,60757.972629685595,2267162.1341905803,44876.66597161454,67432374.301755,0.8602466680567709
2024-05-13,133,B,25000.0,24893.894016656257,172136.8393499769,9037.83969467283,9576.509138712874,11151.140612037063,11689.810056077107,9037.83969467283,0,S2,0,8,225945992.36682075,129282873.3726238,140277.7206729253,1355675.9542009244,44876.66597161454,94950151.81400152,0.8602466680567709
2024-05-13,133,C,5000.0,5047.430519125014,209253.28504266942,24324.537570313572,19292.523362531887,0.0,0.0,19292.523362531887,1,S2,0,8,96462616.81265943,50160560.74258291,0.0,2893878.504379783,44876.66597161454,43154047.61468246,0.8602466680567709
2024-05-14,134,A,10000.0,10024.13106402462,345437.5750864444,16283.358615963421,15263.19388086547,5063.164385807133,4042.999650709182,16283.358615963421,0,S3,0,3,162833586.1596342,79368608.18050045,48515.99580851018,2442503.7923945133,45111.308091043735,80583409.30775324,0.8597773838179126
2024-05-14,134,B,25000.0,24862.134613465718,111932.84320519403,9710.936820902953,9462.344134541288,11689.810056077107,11441.217369715443,9710.936820902953,0,S3,0,3,242773420.52257383,127741645.8163074,137294.60843658532,1456640.523135443,45111.308091043735,113280795.42339817,0.8597773838179126
2024-05-14,134,C,5000.0,4946.2147479491505,431495.0156774849,26065.220855468193,19281.92818914526,0.0,0.0,19281.92818914526,1,S3,0,3,96409640.94572629,50133013.29177767,0.0,2892289.2283717887,45111.308091043735,42907732.1018083,0.8597773838179126
2024-05-15,135,A,10000.0,10094.534629137845,233709.3646857527,14386.250325617128,15319.925359641293,4042.999650709182,4976.674684733347,14386.250325617128,0,S2,0,8,143862503.2561713,79663611.87013473,59720.096216800164,2157937.5488425693,45429.69500511936,61702094.68128632,0.8591406099897613
2024-05-15,135,B,25000.0,25153.746900866092,230868.3433903623,10172.91381898011,9492.409976990893,11441.217369715443,10760.713527726226,10172.91381898011,0,S2,0,8,254322845.47450277,128147534.68937707,129128.5623327147,1525937.0728470166,45429.69500511936,124243947.11155048,0.8591406099897613
2024-05-15,135,C,5000.0,4845.907707304262,194190.0681607019,24815.115290104746,19266.845255007323,0.0,0.0,19266.845255007323,1,S2,0,8,96334226.27503662,50093797.66301904,0.0,2890026.7882510987,45429.69500511936,43110782.06060065,0.8591406099897613
2024-05-16,136,A,10000.0,10232.254764970807,144839.6929705688,14998.025033440817,16049.180168925785,4976.674684733347,6027.829820218316,14998.025033440817,0,S3,0,3,149980250.33440816,83455736.87841408,72333.9578426198,2249703.7550161225,45809.1580623215,64011826.89210245,0.8583816838753571
2024-05-16,136,B,23750.0,26149.37371937248,208555.2531300148,10129.399243333948,10851.00764396092,10760.713527726226,11482.321928353198,10129.399243333948,0,S3,0,3,240573232.02918127,146488603.19347242,137787.8631402384,1519409.8865000922,45809.1580623215,92173066.67487618,0.8583816838753571
2024-05-16,136,C,5000.0,5074.688067482433,282008.70423327514,23515.515572108954,19250.83482011489,0.0,0.0,19250.83482011489,1,S3,0,3,96254174.10057445,50052170.532298714,0.0,2887625.2230172334,45809.1580623215,42986560.48296291,0.8583816838753571
2024-05-17,137,A,10000.0,9961.25435254914,133909.8971088979,14708.782873264056,15395.226615098309,6027.829820218316,6714.273562052571,14708.782873264056,0,S2,0,8,147087828.73264056,80055178.3985112,80571.28274463085,2206317.430989608,46081.953023462906,64565769.77026276,0.8578360939530741
2024-05-17,137,B,25000.0,24621.897494154062,372555.81412154454,8780.314091199605,8459.166485294209,11482.321928353198,11161.174322447801,8780.314091199605,0,S2,0,8,219507852.27999014,114198747.55147181,133934.09186937363,1317047.1136799408,46081.953023462906,103439485.755824,0.8578360939530741
2024-05-17,137,C,5000.0,4917.041832528187,301263.540378008,23049.49463457988,19237.58693820342,0.0,0.0,19237.58693820342,1,S2,0,8,96187934.6910171,50017726.039328896,0.0,2885638.040730513,46081.953023462906,42937225.11755623,0.8578360939530741
2024-05-18,138,A,10000.0,10141.9188284228,370299.4046242278,13704.545735798287,14318.80331661797,6714.273562052571,7328.531142872254,13704.545735798287,0,S2,0,8,137045457.35798287,74457777.24641344,87942.37371446704,2055681.860369743,46439.37975112713,60027317.09310987,0.8571212404977457
2024-05-18,138,B,25000.0,25643.99508985721,496058.24562230526,8544.185740007146,7963.859184907005,11161.174322447801,10580.84776734766,8544.185740007146,0,S2,0,8,213604643.50017864,107512098.99624456,126970.17320817191,1281627.861001072,46439.37975112713,104141448.84435138,0.8571212404977457
2024-05-18,138,C,5000.0,5063.588858271837,114864.26472774288,23460.903063967875,19220.78772465981,0.0,0.0,19220.78772465981,1,S2,0,8,96103938.62329905,49974048.084115505,0.0,2883118.158698972,46439.37975112713,43085468.73600571,0.8571212404977457
2024-05-19,139,A,10000.0,10182.739385201792,302303.31132853177,14478.690085582766,13712.628433898359,7328.531142872254,6562.469491187847,14478.690085582766,0,S3,0,3,144786900.85582766,71305667.85627146,78749.63389425416,2171803.512837415,46677.58166814436,70881698.95982787,0.8566448366637113
2024-05-19,139,B,25000.0,24814.989609719454,181088.7018250733,8702.665242599272,8148.854522884776,10580.84776734766,10027.037047633163,8702.665242599272,0,S3,0,3,217566631.06498182,110009536.05894448,120324.44457159795,1305399.7863898908,46677.58166814436,105903604.49158265,0.8566448366637113
2024-05-19,139,C,5000.0,5102.296121515882,349234.10298808845,22093.42533527013,19209.890185035063,0.0,0.0,19209.890185035063,1,S3,0,3,96049450.92517531,49945714.481091164,0.0,2881483.5277552595,46677.58166814436,42826341.23167265,0.8566448366637113
2024-05-20,140,A,10000.0,10398.010041167383,278638.67604700313,15718.1303018141,16153.809198335652,6562.469491187847,6998.148387709396,15718.1303018141,0,S3,0,3,157181303.018141,83999807.8313454,83977.78065251275,2357719.545272115,46871.46886086632,70414287.71596313,0.8562570622782673
2024-05-20,140,B,24250.0,24468.420560501887,349140.38634246995,9293.114471080464,8856.377690397787,10027.037047633163,9590.300266950488,9293.114471080464,0,S3,0,3,225358025.92370126,119561098.82037012,115083.60320340586,1393967.1706620695,46871.46886086632,103891864.47426233,0.8562570622782673
2024-05-20,140,C,5000.0,5175.380316016894,230385.44111173262,24320.96719279336,19201.24907582385,0.0,0.0,19201.24907582385,1,S3,0,3,96006245.37911925,49923247.59714201,0.0,2880187.3613735773,46871.46886086632,42925553.510631055,0.8562570622782673
2024-05-21,141,A,10000.0,9944.914938037104,421058.3765572364,14374.716246951939,15473.188935794886,6998.148387709396,8096.621076552343,14374.716246951939,0,S1,0,5,143747162.46951938,80460582.4661334,97159.45291862811,2156207.437042791,47093.57505673659,60565061.161810584,0.8558128498865267
2024-05-21,141,B,25000.0,25856.992235746176,162270.07885004516,9776.914281264984,8961.681486421254,9590.300266950488,8775.067472106759,9776.914281264984,0,S1,0,5,244422857.03162462,120982700.06668693,105300.80966528111,1466537.1421897477,47093.57505673659,121658955.35917589,0.8558128498865267
2024-05-21,141,C,5000.0,5117.3905296640105,424359.5009335841,25017.572382073537,19191.75106461123,0.0,0.0,19191.75106461123,1,S1,0,5,95958755.32305616,49898552.7679892,0.0,2878762.659691685,47093.57505673659,42709986.81938495,0.8558128498865267
2024-05-22,142,A,9500.0,9869.28620412826,214203.5966761665,17550.16386820389,17450.562525238896,8096.621076552343,7997.019733587349,17550.16386820389,0,S1,0,5,166726556.74793696,90742925.13124226,95964.23680304819,2632524.5802305834,47335.12586178732,72993604.0771231,0.8553297482764253
2024-05-22,142,B,25000.0,25113.05199058663,441810.74721687846,9704.403436676042,9662.661766113872,8775.067472106759,8733.325801544586,9704.403436676042,0,S1,0,5,242610085.91690105,130445933.84253727,104799.90961853504,1455660.5155014063,47335.12586178732,110114545.77616516,0.8553297482764253
2024-05-22,142,C,5000.0,5118.425495710495,491002.3936515724,25565.361248025976,19179.60089911474,0.0,0.0,19179.60089911474,1,S1,0,5,95898004.4955737,49866962.337698326,0.0,2876940.134867211,47335.12586178732,42615764.5034948,0.8553297482764253
2024-05-23,143,A,10000.0,10119.534607174619,206933.08578302898,14540.590373015168,15425.463330098597,7997.019733587349,8881.89269067078,14540.590373015168,0,S1,0,5,145405903.73015168,80212409.3165127,106582.71228804937,2181088.555952275,47493.87817494395,62651396.18144068,0.855012243650112
2024-05-23,143,B,25000.0,26367.22899613552,264011.88548412477,9558.86918199498,9055.45305996451,8733.325801544586,8229.909679514118,9558.86918199498,0,S1,0,5,238971729.54987448,122248616.30952089,98758.91615416942,1433830.377299247,47493.87817494395,114879018.1832411,0.855012243650112
2024-05-23,143,C,4850.0,5348.5346137700535,372719.8854792789,27392.35800742311,19172.656402602715,0.0,0.0,19172.656402602715,1,S1,0,5,92987383.55262317,49848906.64676706,0.0,2875898.460390407,47493.87817494395,39842364.68181148,0.855012243650112
2024-05-24,144,A,10000.0,9506.21298064522,469649.8595936862,13788.447844663357,12589.44763280993,8881.89269067078,7682.892478817355,13788.447844663357,0,S2,0,8,137884478.44663358,65465127.69061164,92194.70974580827,2068267.1766995036,47710.724072544705,69741528.2859104,0.8545785518549105
2024-05-24,144,B,24250.0,25350.372025441866,301502.53510685527,8891.591370473514,8487.003676270517,8229.909679514118,7825.321985311122,8891.591370473514,0,S2,0,8,215621090.7339827,114574549.62965198,93903.86382373347,1333738.705571027,47710.724072544705,99269685.27575658,0.8545785518549105
2024-05-24,144,C,5000.0,4976.176942457044,185738.17477911324,23209.24104057091,19162.434948064056,0.0,0.0,19162.434948064056,1,S2,0,8,95812174.74032028,49822330.86496654,0.0,2874365.242209608,47710.724072544705,42882029.73429248,0.8545785518549105
2024-05-25,145,A,9700.0,9985.317297553422,399838.49839412374,14700.143854893722,13279.598214906395,7682.892478817355,6262.346838830028,14700.143854893722,0,S1,1,12,142591395.3924691,69053910.71751325,75148.16206596034,2205021.5782340583,47984.66199951268,70809491.77426222,0.8540306760009745
2024-05-25,145,B,25000.0,26032.531598854293,226332.59403539228,8420.071922276336,8997.098172388192,7825.321985311122,8402.348235422978,8420.071922276336,0,S1,1,12,210501798.0569084,121460825.3272406,100828.17882507574,1263010.7883414505,47984.66199951268,87402816.50646637,0.8540306760009745
2024-05-25,145,C,5000.0,5009.2733993393895,183490.75337478422,21056.11859415251,19150.04409583159,0.0,0.0,19150.04409583159,1,S1,1,12,95750220.47915794,49790114.64916213,0.0,2872506.614374738,47984.66199951268,42856123.80024677,0.8540306760009745
2024-05-26,146,A,10000.0,10046.59918983309,385820.8393080329,14546.261343522741,14288.15467180712,6262.346838830028,6004.240167114409,14546.261343522741,0,S1,0,5,145462613.43522742,74298404.29339702,72050.8820053729,2181939.2015284114,48257.00726668992,68476141.21172188,0.8534859854666201
2024-05-26,146,B,25000.0,24955.73762664165,265594.95050214947,8689.736232704534,8341.05247336269,8402.348235422978,8053.664476081132,8689.736232704534,0,S1,0,5,217243405.81761333,112604208.39039631,96643.97371297359,1303460.4349056801,48257.00726668992,102925241.06082954,0.8534859854666201
2024-05-26,146,C,5000.0,5239.031702044185,232885.11151226494,23821.029005159766,19137.94801093052,0.0,0.0,19137.94801093052,1,S1,0,5,95689740.05465259,49758664.82841935,0.0,2870692.2016395777,48257.00726668992,42779240.9058147,0.8534859854666201
2024-05-27,147,A,10000.0,9692.271477273078,422234.4422781868,14087.086403717645,13982.973838483711,6004.240167114409,5900.1276018804765,14087.086403717645,0,S1,0,5,140870864.03717646,72711463.9601153,70801.53122256571,2113062.9605576466,48483.20690691458,65504817.93609584,0.8530335861861709
2024-05-27,147,B,25000.0,25230.173670226377,211484.07222253596,8788.35392121457,9272.049664207489,8053.664476081132,8537.36021907405,8788.35392121457,0,S1,0,5,219708848.03036425,125172670.46680109,102448.32262888859,1318253.0881821855,48483.20690691458,92855508.87362264,0.8530335861861709
2024-05-27,147,C,5000.0,4948.665502823173,217350.0691167986,23184.2306366614,19128.242924438004,0.0,0.0,19128.242924438004,1,S1,0,5,95641214.62219001,49733431.60353881,0.0,2869236.4386657006,48483.20690691458,42772713.30396178,0.8530335861861709
2024-05-28,148,A,10000.0,9947.232826189836,438183.1594861713,15151.949331400463,16666.28015209112,5900.1276018804765,7414.458422571131,15151.949331400463,0,S3,0,3,151519493.31400463,86664656.79087383,88973.50107085358,2272792.3997100694,48722.73684646747,62006164.72601724,0.8525545263070651
2024-05-28,148,B,25000.0,25197.22720738084,276842.517822291,9205.721402961713,8691.819066152675,8537.36021907405,8023.457882265011,9205.721402961713,0,S3,0,3,230143035.07404283,117339557.39306112,96281.49458718013,1380858.2104442571,48722.73684646747,111000772.72128151,0.8525545263070651
2024-05-28,148,C,5000.0,5077.20328391658,416958.25874002115,25693.28747497105,19117.256415029773,0.0,0.0,19117.256415029773,1,S3,0,3,95586282.07514887,49704866.67907741,0.0,2867588.462254466,48722.73684646747,42548145.9382305,0.8525545263070651
2024-05-29,149,A,9700.0,10320.756289525396,468160.1891840238,16670.30058222721,17936.498117544754,7414.458422571131,8680.655957888674,16670.30058222721,0,S2,0,8,161701915.64760393,93269790.21123272,104167.87149466408,2500545.0873340815,49006.72526731084,65310245.56309112,0.8519865494653782
2024-05-29,149,B,25000.0,25138.09098820644,186444.82203286845,9412.233670513131,9897.371293441203,8023.457882265011,8508.595505193083,9412.233670513131,0,S2,0,8,235305841.7628283,133614512.46145624,102103.146062317,1411835.0505769697,49006.72526731084,99941939.55743259,0.8519865494653782
2024-05-29,149,C,5000.0,5035.255477123864,200363.85154996492,23608.605690239674,19104.9174856268,0.0,0.0,19104.9174856268,1,S2,0,8,95524587.428134,49672785.46262968,0.0,2865737.62284402,49006.72526731084,42736693.76584301,0.8519865494653782
2024-05-30,150,A,10000.0,9882.920298279289,195163.9546657323,12987.423232840145,13919.071156433627,8680.655957888674,9612.303881482156,12987.423232840145,0,S3,0,3,129874232.32840145,72379170.01345485,115347.64657778587,1948113.4849260217,49308.10124452088,55187129.12753253,0.8513837975109582
2024-05-30,150,B,25000.0,24858.370722687898,385856.06447161076,8973.684102215275,8513.687229837684,8508.595505193083,8048.598632815492,8973.684102215275,0,S3,0,3,224342102.55538186,114934777.60280873,96583.18359378591,1346052.6153322912,49308.10124452088,107529524.98793092,0.8513837975109582
2024-05-30,150,C,5000.0,5070.614202570054,248179.83647917918,25073.820141426266,19091.34253550969,0.0,0.0,19091.34253550969,1,S3,0,3,95456712.67754845,49637490.592325196,0.0,2863701.3803264536,49308.10124452088,42658032.7671731,0.8513837975109582
2024-05-31,151,A,10000.0,10286.269644095817,222880.45345292526,13552.112275095886,14688.8551164682,9612.303881482156,10749.04672285447,13552.112275095886,0,S2,0,8,135521122.75095886,76382046.60563463,128988.56067425363,2032816.841264383,49613.47869782344,56704776.811234854,0.8507730426043529
2024-05-31,151,B,25000.0,25426.07018889898,441978.05145221326,8264.257867230519,7807.317299314189,8048.598632815492,7591.658064899162,8264.257867230519,0,S2,0,8,206606446.68076298,105398783.54074155,91099.89677878995,1239638.6800845778,49613.47869782344,99385333.03300802,0.8507730426043529
2024-05-31,151,C,5000.0,5170.611722742259,241275.13188838435,22967.03299974903,19077.646862032336,0.0,0.0,19077.646862032336,1,S2,0,8,95388234.31016168,49601881.841284074,0.0,2861647.0293048504,49613.47869782344,42633816.828986555,0.8507730426043529
2024-06-01,152,A,10000.0,10133.667569950474,294683.97365739796,14090.409642744651,15048.371770499398,10749.04672285447,11707.008850609216,14090.409642744651,0,S3,0,3,140904096.4274465,78251533.20659687,140484.1062073106,2113561.4464116977,49847.170933154826,60053986.52364008,0.8503056581336903
2024-06-01,152,B,24250.0,25393.080950319585,354003.16634432256,9929.030985560292,10111.730889608463,7591.658064899162,7774.357968947332,9929.030985560292,0,S3,0,3,240779001.39983708,136508367.00971425,93292.29562736797,1489354.6478340437,49847.170933154826,102284137.10938393,0.8503056581336903
2024-06-01,152,C,5000.0,5066.371375504619,440656.73051869945,22953.222437558718,19067.676959449425,0.0,0.0,19067.676959449425,1,S3,0,3,95338384.79724713,49575960.094568506,0.0,2860151.543917414,49847.170933154826,42411769.25730935,0.8503056581336903
2024-06-02,153,A,9700.0,10218.569948325985,492097.850110379,15424.825162195708,14253.41987113462,11707.008850609216,10535.603559548128,15424.825162195708,0,S3,0,3,149620804.07329836,74117783.32990003,126427.24271457753,2313723.7743293564,50189.9088056937,72520581.96743833,0.8496201823886125
2024-06-02,153,B,24250.0,25186.628946068413,319707.9606406655,8683.546087451035,8108.033236620602,7774.357968947332,7198.845118116898,8683.546087451035,0,S3,0,3,210575992.6206876,109458448.69437812,86386.14141740277,1302531.9131176553,50189.9088056937,99358728.00232805,0.8496201823886125
2024-06-02,153,C,5000.0,5023.539887148027,157965.66274333594,22887.523611905875,19052.282984577585,0.0,0.0,19052.282984577585,1,S3,0,3,95261414.92288792,49535935.75990172,0.0,2857842.4476866378,50189.9088056937,42659481.14375054,0.8496201823886125
2024-06-03,154,A,10000.0,10019.286995386781,266680.4094272029,13800.375206518223,14584.033751408826,10535.603559548128,11319.26210443873,13800.375206518223,0,S1,0,5,138003752.06518224,75836975.5073259,135831.14525326475,2070056.2809777334,50419.90528079017,59643788.816917345,0.8491601894384196
2024-06-03,154,B,25000.0,24821.840307269755,216188.133771559,8383.950134562465,8156.505424556091,7198.845118116898,6971.400408110525,8383.950134562465,0,S1,0,5,209598753.36406162,110112823.23150723,83656.8048973263,1257592.5201843698,50419.90528079017,97878072.76842037,0.8491601894384196
2024-06-03,154,C,4750.0,5031.676082158413,375752.18146805925,28377.605038349604,19041.887076514082,0.0,0.0,19041.887076514082,1,S1,0,5,90448963.61344188,49508906.398936614,0.0,2856283.061477112,50419.90528079017,37657602.06627931,0.8491601894384196
2024-06-04,155,A,10000.0,10040.477053192197,146681.47667154376,14991.454875024818,13653.541613905249,11319.26210443873,9981.348843319163,14991.454875024818,0,S2,0,8,149914548.75024816,70998416.3923073,119776.18611982996,2248718.2312537227,50621.113991919265,76350335.34990385,0.8487577720161614
2024-06-04,155,B,25000.0,24934.2152207594,222733.53594913607,8826.741285924014,8017.967328251672,6971.400408110525,6162.626450438183,8826.741285924014,0,S2,0,8,220668532.14810035,108242558.93139757,73951.5174052582,1324011.1928886021,50621.113991919265,110754655.85646786,0.8487577720161614
2024-06-04,155,C,5000.0,4909.787535183444,466678.0312341399,24508.24372381452,19033.290466318762,0.0,0.0,19033.290466318762,1,S2,0,8,95166452.33159381,49486555.21242878,0.0,2854993.569947814,50621.113991919265,42307604.40399116,0.8487577720161614
2024-06-05,156,A,9700.0,9622.979244153912,457715.70779229706,15112.114177029078,15033.332350479131,9981.348843319163,9902.567016769215,15112.114177029078,0,S1,0,5,146587507.51718205,78173328.22249149,118830.80420123058,2266817.1265543615,50769.76874028962,65520045.887402385,0.8484604625194206
2024-06-05,156,B,25000.0,26025.78772164618,101490.20323104829,9226.286838663156,8860.500176245449,6162.626450438183,5796.839788020476,9226.286838663156,0,S1,0,5,230657170.9665789,119616752.37931356,69562.07745624571,1383943.0257994735,50769.76874028962,109434653.51203828,0.8484604625194206
2024-06-05,156,C,4750.0,4963.832288975227,150261.32273499874,25936.118632474696,19026.373237807795,0.0,0.0,19026.373237807795,1,S1,0,5,90375272.87958702,49468570.41830026,0.0,2853955.985671169,50769.76874028962,37851715.384140305,0.8484604625194206
2024-06-06,157,A,10000.0,10077.814908409988,253964.9788804174,14222.25592948417,15263.809845664056,9902.567016769215,10944.120932949103,14222.25592948417,0,S1,0,5,142222559.2948417,79371811.1974531,131329.45119538924,2133338.389422626,51010.820870893906,60281104.457019284,0.8479783582582122
2024-06-06,157,B,25000.0,25242.541811929124,457967.1529542083,8642.376363194086,7989.719393328999,5796.839788020476,5144.18281815539,8642.376363194086,0,S1,0,5,216059409.07985213,107861211.80994149,61730.19381786468,1296356.4544791128,51010.820870893906,106331132.64778857,0.8479783582582122
2024-06-06,157,C,5000.0,5073.538956996997,489688.33313412656,25274.593477850685,19015.766766955338,0.0,0.0,19015.766766955338,1,S1,0,5,95078833.83477668,49440993.594083875,0.0,2852365.0150433006,51010.820870893906,42244776.071644485,0.8479783582582122
2024-06-07,158,A,9500.0,10219.89665544159,261897.29946850683,15209.858183452423,14579.704144014464,10944.120932949103,10313.966893511144,15209.858183452423,0,S3,0,3,144493652.74279803,75814461.54887521,123767.60272213373,2281478.7275178633,51131.90572342847,65960915.65849088,0.8477361885531429
2024-06-07,158,B,25000.0,26569.179028713992,324344.6291745551,8795.33633679658,8693.807134534418,5144.18281815539,5042.653615893229,8795.33633679658,0,S3,0,3,219883408.41991448,117366396.31621464,60511.84339071874,1319300.4505194868,51131.90572342847,100761723.27489166,0.8477361885531429
2024-06-07,158,C,5000.0,5082.71373070984,177189.77670713753,23026.723449045494,19010.56553300092,0.0,0.0,19010.56553300092,1,S3,0,3,95052827.66500461,49427470.385802396,0.0,2851584.829950138,51131.90572342847,42545450.76682151,0.8477361885531429
2024-06-08,159,A,10000.0,10092.342813912386,303755.9534463969,13973.800882695434,13915.96243411426,10313.966893511144,10256.12844492997,13973.800882695434,0,S2,0,8,139738008.82695433,72363004.65739416,123073.54133915962,2096070.132404315,51329.702141871516,64800774.84022844,0.847340595716257
2024-06-08,159,B,25000.0,25438.840951512117,421613.51135366195,8164.38719923546,8038.502038702637,5042.653615893229,4916.768455360407,8164.38719923546,0,S2,0,8,204109679.9808865,108519777.5224856,59001.22146432488,1224658.0798853189,51329.702141871516,93833299.94355573,0.847340595716257
2024-06-08,159,C,5000.0,5121.50538688062,360319.58460715273,22588.328391480944,19001.03685884546,0.0,0.0,19001.03685884546,1,S2,0,8,95005184.29422729,49402695.832998194,0.0,2850155.528826819,51329.702141871516,42340683.64565325,0.847340595716257
2024-06-09,160,A,10000.0,9982.072241556662,392557.5647099768,12744.42699599176,12434.421395936854,10256.12844492997,9946.12284487506,12744.42699599176,0,S3,0,3,127444269.9599176,64658991.25887164,119353.47413850072,1911664.049398764,51681.87290122983,60310021.7398975,0.8466362541975403
2024-06-09,160,B,25000.0,26221.071130810375,413984.7653152711,7923.350596569557,7657.2863658728975,4916.768455360407,4650.704224663748,7923.350596569557,0,S3,0,3,198083764.91423893,103373365.93928412,55808.45069596498,1188502.5894854334,51681.87290122983,93000421.29655692,0.8466362541975403
2024-06-09,160,C,5000.0,5306.749472382026,367266.5907436659,22684.67882881266,18984.8476335597,0.0,0.0,18984.8476335597,1,S3,0,3,94924238.1677985,49360603.84725522,0.0,2847727.145033955,51681.87290122983,42296958.71186443,0.8466362541975403
2024-06-10,161,A,10000.0,10286.286703424306,200365.17158102588,14094.641799963236,13801.63941164632,9946.12284487506,9653.120456558147,14094.641799963236,0,S3,0,3,140946417.99963236,71768524.94056086,115837.44547869776,2114196.269994485,51961.047556775855,66695533.12446052,0.8460779048864483
2024-06-10,161,B,25000.0,25568.937476838946,262754.38396594144,9339.674682343422,10019.276017700073,4650.704224663748,5330.305560020399,9339.674682343422,0,S3,0,3,233491867.05858555,135260226.23895097,63963.666720244786,1400951.2023515133,51961.047556775855,96452010.51904012,0.8460779048864483
2024-06-10,161,C,5000.0,5058.183278653672,158555.93155448293,21504.90336700772,18973.05364411493,0.0,0.0,18973.05364411493,1,S3,0,3,94865268.22057465,49329939.47469882,0.0,2845958.0466172397,51961.047556775855,42478853.720147334,0.8460779048864483
2024-06-11,162,A,9700.0,10341.702316015986,219248.91675347733,15705.64872614975,16227.637433330468,9653.120456558147,10175.109163738864,15705.64872614975,0,S3,0,3,152344792.64365256,84383714.65331843,122101.30996486636,2355847.3089224626,52301.504696959986,65211578.94999637,0.8453969906060799
2024-06-11,162,B,25000.0,25601.716899969026,401263.20760835055,9145.583507546587,9929.007238070111,5330.305560020399,6113.729290543923,9145.583507546587,0,S3,0,3,228639587.68866467,134041597.7139465,73364.75148652706,1371837.526131988,52301.504696959986,92699222.98479433,0.8453969906060799
2024-06-11,162,C,5000.0,5025.965060924465,245493.5918237665,22976.646364408705,18957.609238947665,0.0,0.0,18957.609238947665,1,S3,0,3,94788046.19473833,49289784.02126393,0.0,2843641.3858421496,52301.504696959986,42356825.69111153,0.8453969906060799
2024-06-12,163,A,10000.0,9984.959603593747,202251.0975876359,16167.493243139623,15259.257388370172,10175.109163738864,9266.873308969414,16167.493243139623,0,S2,0,8,161674932.43139622,79348138.4195249,111202.47970763297,2425123.9864709433,52709.93974140922,79535506.50836372,0.8445801205171815
2024-06-12,163,B,25000.0,25655.05127772811,175578.3001848755,8891.583843670984,8341.658859895062,6113.729290543923,5563.804306768001,8891.583843670984,0,S2,0,8,222289596.09177458,112612394.60858333,66765.65168121601,1333737.5765506476,52709.93974140922,108048410.01503311,0.8445801205171815
2024-06-12,163,C,5000.0,5135.525083731035,324751.1339572042,22455.94434259586,18939.68947755857,0.0,0.0,18939.68947755857,1,S2,0,8,94698447.38779286,49243192.641652286,0.0,2840953.4216337856,52709.93974140922,42236840.250808164,0.8445801205171815
2024-06-13,164,A,10000.0,9961.775584833214,427245.16741022904,14177.562789257569,13294.960038246676,9266.873308969414,8384.27055795852,14177.562789257569,0,S2,0,8,141775627.89257568,69133792.19888271,100611.24669550224,2126634.4183886354,52875.76748207279,69934469.09371653,0.8442484650358544
2024-06-13,164,B,25000.0,26309.91940218195,112510.90050992256,9307.663085068201,9093.20454045775,5563.804306768001,5349.345762157549,9307.663085068201,0,S2,0,8,232691577.12670502,122758261.29617962,64192.14914589059,1396149.4627602303,52875.76748207279,108307587.55062729,0.8442484650358544
2024-06-13,164,C,5000.0,5006.752923256154,102436.1118700507,23282.348412902495,18932.16670723353,0.0,0.0,18932.16670723353,1,S2,0,8,94660833.53616765,49223633.438807175,0.0,2839825.0060850293,52875.76748207279,42442063.21192332,0.8442484650358544
2024-06-14,165,A,10000.0,10159.626790201217,424750.44423495716,13998.15733314371,13355.752857267087,8384.27055795852,7741.866082081899,13998.15733314371,0,S3,0,3,139981573.3314371,69449914.85778885,92902.39298498278,2099723.5999715566,53193.92867365447,67861088.10778311,0.843612142652691
2024-06-14,165,B,24250.0,24636.612738338485,314959.45022773626,8825.835357089789,9262.72460015279,5349.345762157549,5786.235005220549,8825.835357089789,0,S3,0,3,214026507.40942737,125046782.10206266,69434.82006264658,1323875.3035634684,53193.92867365447,87218261.8048372,0.843612142652691
2024-06-14,165,C,5000.0,5136.024544512672,312159.81576740154,23688.774910116717,18918.63411555092,0.0,0.0,18918.63411555092,1,S3,0,3,94593170.5777546,49188448.7004324,0.0,2837795.1173326382,53193.92867365447,42201573.01554851,0.843612142652691
2024-06-15,166,A,9700.0,10457.56459765324,373157.86237945803,14444.946934459593,14656.120911017986,7741.866082081899,7953.04005864029,14444.946934459593,0,S2,0,8,140115985.26425806,76211828.73729353,95436.48070368348,2166742.0401689387,53455.52511369418,61215364.61859875,0.8430889497726117
2024-06-15,166,B,23750.0,25313.573027429546,100125.76785763478,8372.8076485073,9063.70251070742,5786.235005220549,6477.12986742067,8372.8076485073,0,S2,0,8,198854181.65204838,122359983.89455017,77725.55840904804,1255921.1472760949,53455.52511369418,75006969.75884174,0.8430889497726117
2024-06-15,166,C,4850.0,5032.004440959232,264841.9340724294,24747.319595897137,18907.00916486385,0.0,0.0,18907.00916486385,1,S2,0,8,91698994.44958968,49158223.82864601,0.0,2836051.374729578,53455.52511369418,39386421.78702797,0.8430889497726117
2024-06-16,167,A,9700.0,10449.266071904893,167397.08772216178,15172.283936294549,13961.970252832214,7953.04005864029,6742.726375177957,15172.283936294549,0,S2,0,8,147171154.1820571,72602245.31472751,80912.71650213549,2275842.5904441825,53569.75752981445,71991186.71513131,0.8428604849403711
2024-06-16,167,B,25000.0,25610.34710681278,230844.90240846458,8168.541387699843,7666.572905051682,6477.12986742067,5975.161384772509,8168.541387699843,0,S2,0,8,204213534.69249606,103498734.2181977,71701.93661727011,1225281.2081549764,53569.75752981445,99133402.66958784,0.8428604849403711
2024-06-16,167,C,5000.0,5246.620364296914,277467.82979308016,21422.73171342109,18901.96372553734,0.0,0.0,18901.96372553734,1,S2,0,8,94509818.62768671,49145105.68639709,0.0,2835294.558830601,53569.75752981445,42198380.79513612,0.8428604849403711
2024-06-17,168,A,9500.0,10270.797675550195,339373.04066631326,16356.247504994017,17898.890668282445,6742.726375177957,8285.369538466386,16356.247504994017,0,S2,0,8,155384351.29744315,93074231.47506872,99424.43446159663,2453437.1257491023,53742.153658998584,59364143.06783842,0.8425156926820028
2024-06-17,168,B,25000.0,25731.31615737805,281917.10292681993,8485.160276621347,7935.487231287872,5975.161384772509,5425.4883394390345,8485.160276621347,0,S2,0,8,212129006.9155337,107129077.62238628,65105.86007326841,1272774.041493202,53742.153658998584,103326390.13499512,0.8425156926820028
2024-06-17,168,C,5000.0,5079.920185802557,221101.9432982609,22157.46793103033,18893.61291648755,0.0,0.0,18893.61291648755,1,S2,0,8,94468064.58243774,49123393.58286763,0.0,2834041.9374731323,53742.153658998584,42235784.96513972,0.8425156926820028
2024-06-18,169,A,10000.0,9898.526763856034,230396.4181662499,14230.285020973633,15228.370550335161,8285.369538466386,9283.455067827914,14230.285020973633,0,S2,0,8,142302850.20973635,79187526.86174284,111401.46081393497,2134542.753146045,54032.02115621693,60584950.69471107,0.8419359576875662
2024-06-18,169,B,25000.0,26081.42714435813,253825.62685236812,9148.698286277631,9973.157721670941,5425.4883394390345,6249.947774832344,9148.698286277631,0,S2,0,8,228717457.1569408,134637629.2425577,74999.37329798813,1372304.7429416447,54032.02115621693,92324666.15013486,0.8419359576875662
2024-06-18,169,C,5000.0,5142.466777399784,295811.519732191,25985.560390484123,18881.05494794702,0.0,0.0,18881.05494794702,1,S2,0,8,94405274.73973511,49090742.86466225,0.0,2832158.2421920532,54032.02115621693,42132530.0919924,0.8419359576875662
2024-06-19,170,A,10000.0,10224.752389447543,339180.2052479027,14839.272164924907,15465.156108975556,9283.455067827914,9909.339011878561,14839.272164924907,0,S2,0,8,148392721.64924908,80418811.7666729,118912.06814254273,2225890.8247387363,54249.076445753206,65235677.70800124,0.8415018471084936
2024-06-19,170,B,25000.0,25154.10391026156,350850.3901248492,9650.673358339638,9854.479450680315,6249.947774832344,6453.753867173022,9650.673358339638,0,S2,0,8,241266833.95849094,133035472.58418426,77445.04640607626,1447601.0037509457,54249.076445753206,106301215.85757905,0.8415018471084936
2024-06-19,170,C,5000.0,4984.736515043257,224708.5835111668,21672.855666244628,18870.77716978665,0.0,0.0,18870.77716978665,1,S2,0,8,94353885.84893323,49064020.64144529,0.0,2830616.575467997,54249.076445753206,42180290.972063035,0.8415018471084936
2024-06-20,171,A,10000.0,10066.553596794469,325081.22121740115,14372.554088247427,14014.848934339365,9909.339011878561,9551.6338579705,14372.554088247427,0,S3,0,3,143725540.88247427,72877214.4585647,114619.60629564601,2155883.113237114,54512.370924530886,68198230.11223489,0.8409752581509382
2024-06-20,171,B,25000.0,26090.85521204573,332162.7344721681,8585.047326450356,9243.316444915597,6453.753867173022,7112.022985638263,8585.047326450356,0,S3,0,3,214626183.1612589,124784772.00636056,85344.27582765915,1287757.0989675533,54512.370924530886,88081634.67470643,0.8409752581509382
2024-06-20,171,C,5000.0,5168.098305792149,244152.74413200415,24096.82549575386,18858.654459256068,0.0,0.0,18858.654459256068,1,S3,0,3,94293272.29628034,49032501.59406578,0.0,2828798.16888841,54512.370924530886,42133307.41826961,0.8409752581509382
2024-06-21,172,A,10000.0,9722.40889913568,244673.87000886007,12660.112329423275,11811.670616048505,9551.6338579705,8703.19214459573,12660.112329423275,0,S2,0,8,126601123.29423274,61420687.20345222,104438.30573514877,1899016.8494134913,54710.69943589073,62877596.366187125,0.8405786011282185
2024-06-21,172,B,25000.0,25396.85880101365,248019.90421346415,8970.926923375337,9121.72525424902,7112.022985638263,7262.821316511947,8970.926923375337,0,S2,0,8,224273173.08438343,123143290.93236178,87153.85579814337,1345639.0385063004,54710.69943589073,99394358.65406786,0.8405786011282185
2024-06-21,172,C,5000.0,5069.926080611872,127935.43699740128,21550.422630469624,18849.93576746385,0.0,0.0,18849.93576746385,1,S2,0,8,94249678.83731924,49009832.99540601,0.0,2827490.3651195774,54710.69943589073,42229709.340360366,0.8405786011282185
2024-06-22,173,A,10000.0,10212.864337831772,265819.2096361276,12515.420357319292,12805.996483522413,8703.19214459573,8993.768270798852,12515.420357319292,0,S2,0,8,125154203.57319292,66591181.71431655,107925.21924958623,1877313.0535978938,54968.13503985946,56256996.24135291,0.840063729920281
2024-06-22,173,B,25000.0,25638.62537244302,493202.1996304753,8381.30994319639,8928.183076973057,7262.821316511947,7809.6944502886145,8381.30994319639,0,S2,0,8,209532748.57990974,120530471.53913626,93716.33340346337,1257196.4914794583,54968.13503985946,87103193.88122022,0.840063729920281
2024-06-22,173,C,4750.0,4979.190889329772,140131.72713801937,24038.744277016704,18837.689395058205,0.0,0.0,18837.689395058205,1,S2,0,8,89479024.62652647,48977992.42715134,0.0,2825653.4092587307,54968.13503985946,37480278.92793853,0.840063729920281
2024-06-23,174,A,10000.0,10302.770106650903,465624.23213058064,12834.470611788629,13573.101374538117,8993.768270798852,9732.399033548341,12834.470611788629,0,S3,0,3,128344706.11788629,70580127.1475982,116788.7884025801,1925170.5917682943,55285.115605969106,55201710.24238066,0.8394297687880619
2024-06-23,174,B,24250.0,25673.85314990095,127055.82180122574,8411.711891122985,9198.061116904128,7809.6944502886145,8596.043676069756,8411.711891122985,0,S3,0,3,203984013.3597324,124173825.07820572,103152.52411283707,1261756.7836684478,55285.115605969106,78262938.0363382,0.8394297687880619
2024-06-23,174,C,5000.0,5076.092335670799,403869.0815951984,23694.533794600597,18823.85710145826,0.0,0.0,18823.85710145826,1,S3,0,3,94119285.5072913,48942028.463791475,0.0,2823578.5652187387,55285.115605969106,41894524.28107992,0.8394297687880619
2024-06-24,175,A,9700.0,10173.240004606509,197120.3720981109,15249.087964718961,15882.91723363503,9732.399033548341,10366.22830246441,15249.087964718961,0,S1,0,5,147916153.25777394,82591169.61490215,124394.73962957291,2287363.1947078444,55587.117764770745,62660518.218671486,0.8388257644704584
2024-06-24,175,B,25000.0,24490.517962031307,135049.16456261484,8326.793188536107,8936.412231775517,8596.043676069756,9205.662719309166,8326.793188536107,0,S1,0,5,208169829.71340266,120641565.12896949,110467.95263171,1249018.978280416,55587.117764770745,85978141.37119366,0.8388257644704584
2024-06-24,175,C,5000.0,4925.414747832246,451690.3427254263,22100.77006364454,18811.477245052225,0.0,0.0,18811.477245052225,1,S1,0,5,94057386.22526112,48909840.837135784,0.0,2821721.5867578336,55587.117764770745,41818546.34087731,0.8388257644704584
2024-06-25,176,A,10000.0,10138.110465326597,390760.2810616727,14299.528028053788,15028.667059757454,10366.22830246441,11095.367334168073,14299.528028053788,0,S3,0,3,142995280.28053787,78149068.71073876,133144.4080100169,2144929.204208068,55879.268327757534,62121498.4081916,0.8382414633444849
2024-06-25,176,B,25000.0,25273.040927003778,371604.0112678079,8527.119056089452,8186.457424210054,9205.662719309166,8865.001087429768,8527.119056089452,0,S3,0,3,213177976.4022363,110517175.22683573,106380.01304915722,1279067.8584134178,55879.268327757534,100847870.02434245,0.8382414633444849
2024-06-25,176,C,5000.0,5280.874237728505,264020.20531839103,21961.227123915625,18798.04205041974,0.0,0.0,18798.04205041974,1,S3,0,3,93990210.2520987,48874909.33109132,0.0,2819706.307562961,55879.268327757534,41975695.13979826,0.8382414633444849
2024-06-26,177,A,10000.0,9801.062398094618,305045.29922145145,14510.252440376053,14025.101750463546,11095.367334168073,10610.216644255566,14510.252440376053,0,S2,0,8,145102524.40376052,72930529.10241044,127322.59973106679,2176537.866056408,56100.64801244453,69506988.8883287,0.8377987039751108
2024-06-26,177,B,25000.0,25957.870253888665,284910.1441121128,8962.778733600659,8245.945421855138,8865.001087429768,8148.167775684247,8962.778733600659,0,S2,0,8,224069468.34001645,111320263.19504437,97778.01330821097,1344416.8100400988,56100.64801244453,110965999.52949922,0.8377987039751108
2024-06-26,177,C,5000.0,5350.081668000732,445440.02794166165,24549.582771337115,18787.993164583044,0.0,0.0,18787.993164583044,1,S2,0,8,93939965.82291523,48848782.22791591,0.0,2818198.9746874566,56100.64801244453,41771443.94435775,0.8377987039751108
2024-06-27,178,A,10000.0,10457.028751941605,354843.3652712955,13449.041297964115,12549.615628315749,10610.216644255566,9710.7909746072,13449.041297964115,0,S2,0,8,134490412.97964114,65258001.267241895,116529.4916952864,2017356.1946946173,56430.58984885442,66687252.07088919,0.837138820302291
2024-06-27,178,B,25000.0,26022.36356314202,170560.90994176597,9157.950680999726,8651.513482713377,8148.167775684247,7641.730577397899,9157.950680999726,0,S2,0,8,228948767.02499315,116795432.01663059,91700.76692877478,1373692.6021499587,56430.58984885442,110460950.1394932,0.837138820302291
2024-06-27,178,C,5000.0,4903.886834258567,296999.93947123707,22079.64795296896,18772.606301080843,0.0,0.0,18772.606301080843,1,S2,0,8,93863031.50540422,48808776.38281019,0.0,2815890.9451621263,56430.58984885442,41884933.64811181,0.837138820302291
2024-06-28,179,A,9700.0,10108.26996231242,155348.2771574414,14326.691147992442,14714.741820727455,9710.7909746072,10098.841647342215,14326.691147992442,0,S3,0,3,138968904.1355267,76516657.46778277,121186.09976810658,2149003.6721988665,56795.93786056455,59969912.68075894,0.8364081242788709
2024-06-28,179,B,25000.0,25745.306726874816,153472.20942069343,9058.768310122374,8646.7186217079,7641.730577397899,7229.680888983425,9058.768310122374,0,S3,0,3,226469207.75305936,116730701.39305665,86756.1706678011,1358815.246518356,56795.93786056455,108082666.7955353,0.8364081242788709
2024-06-28,179,C,5000.0,5222.88861888964,419173.64687154756,20864.8832129643,18755.587038113143,0.0,0.0,18755.587038113143,1,S3,0,3,93777935.19056572,48764526.29909417,0.0,2813338.0557169714,56795.93786056455,41724101.25102247,0.8364081242788709
2024-06-29,180,A,10000.0,10129.269043120406,321064.5424414587,12552.087409910608,13395.653465776217,10098.841647342215,10942.407703207824,12552.087409910608,0,S2,0,8,125520874.09910607,69657398.02203633,131308.8924384939,1882813.1114865912,56899.21798220877,53471390.31272099,0.8362015640355824
2024-06-29,180,B,25000.0,26018.977709879808,159091.42501642747,7631.073777941299,6955.050561106614,7229.680888983425,6553.65767214874,7631.073777941299,0,S2,0,8,190776844.4485325,93893182.57493928,78643.89206578488,1144661.066691195,56899.21798220877,95444366.2718376,0.8362015640355824
2024-06-29,180,C,5000.0,5282.62278693468,360819.3932819467,23460.68985844933,18749.737322361205,0.0,0.0,18749.737322361205,1,S2,0,8,93748686.61180602,48749317.038139135,0.0,2812460.598354181,56899.21798220877,41769190.36404855,0.8362015640355824
2024-06-30,181,A,10000.0,10101.344364373846,214590.87255759197,12507.270105842352,11373.623505172982,10942.407703207824,9808.761102538454,12507.270105842352,0,S1,0,5,125072701.05842352,59142842.226899505,117705.13323046145,1876090.5158763528,57162.352532649966,63664309.957326956,0.8356752949347002
2024-06-30,181,B,25000.0,24445.260242269975,487596.7465507654,7416.422543823608,6912.509976478127,6553.65767214874,6049.745104803258,7416.422543823608,0,S1,0,5,185410563.5955902,93318884.68245472,72596.94125763909,1112463.3815735413,57162.352532649966,90361859.49122088,0.8356752949347002
2024-06-30,181,C,5000.0,5089.350478870918,315692.2230622709,23358.365167791362,18738.41069435281,0.0,0.0,18738.41069435281,1,S1,0,5,93692053.47176404,48719867.805317305,0.0,2810761.6041529216,57162.352532649966,41788569.4866989,0.8356752949347002
2024-07-01,182,A,9700.0,10427.496280550766,282190.5513766951,13968.268405948507,14402.328016630416,9808.761102538454,10242.820713220364,13968.268405948507,0,S3,0,3,135492203.53770053,74892105.68647817,122913.84855864437,2095240.2608922762,57463.912661819195,58042289.27773293,0.8350721746763616
2024-07-01,182,B,24250.0,25689.56375735131,442896.2051026193,9607.213415944796,9849.511780303817,6049.745104803258,6292.0434691622795,9607.213415944796,0,S3,0,3,232974925.3366613,132968409.03410153,75504.52162994735,1441082.0123917195,57463.912661819195,97989569.65077367,0.8350721746763616
2024-07-01,182,C,5000.0,5204.0774982166095,162564.86084226216,23529.088644333664,18724.31146221892,0.0,0.0,18724.31146221892,1,S3,0,3,93621557.3110946,48683209.8017692,0.0,2808646.719332838,57463.912661819195,41909672.01648848,0.8350721746763616
2024-07-02,183,A,10000.0,10131.83845432127,497636.18790684646,14148.926923923602,13356.874445254416,10242.820713220364,9450.768234551178,14148.926923923602,0,S2,0,8,141489269.23923603,69455747.11532296,113409.21881461414,2122339.03858854,57721.40416369062,69242416.27443938,0.8345571916726187
2024-07-02,183,B,25000.0,25688.924902562005,102239.77554569625,8388.59546624334,7710.926358688715,6292.0434691622795,5614.374361607654,8388.59546624334,0,S2,0,8,209714886.6560835,104097505.84229764,67372.49233929184,1258289.3199365009,57721.40416369062,104131757.82180066,0.8345571916726187
2024-07-02,183,C,5000.0,5096.857487690057,272739.20045387896,25419.39532710057,18712.827526142377,0.0,0.0,18712.827526142377,1,S2,0,8,93564137.63071188,48653351.56797018,0.0,2806924.1289213565,57721.40416369062,41773401.32920278,0.8345571916726187
2024-07-03,184,A,10000.0,9989.047112032036,154588.0658170756,14200.731888838727,13300.374056682773,9450.768234551178,8550.410402395224,14200.731888838727,0,S3,0,3,142007318.88838726,69161945.09475042,102604.92482874269,2130109.783325809,57944.18343817557,70400126.83622704,0.8341116331236489
2024-07-03,184,B,24250.0,25335.692684623566,350337.31495079456,8164.108462997857,7661.026746910042,5614.374361607654,5111.2926455198385,8164.108462997857,0,S3,0,3,197979630.22769803,103423861.08328557,61335.51174623806,1224616.2694496785,57944.18343817557,92861535.86482756,0.8341116331236489
2024-07-03,184,C,5000.0,5154.230472615531,133315.68815384043,21179.829875979824,18702.56056995468,0.0,0.0,18702.56056995468,1,S3,0,3,93512802.84977339,48626657.48188217,0.0,2805384.085493202,57944.18343817557,41889501.41080601,0.8341116331236489
2024-07-04,185,A,10000.0,10343.996224004437,437892.02315242734,13748.765203885947,15068.024874039576,8550.410402395224,9869.670072548854,13748.765203885947,0,S3,0,3,137487652.03885946,78353729.3450058,118436.04087058624,2062314.780582892,58270.812516203216,56457009.036731556,0.8334583749675935
2024-07-04,185,B,25000.0,26433.9636179476,340128.5880186578,8527.854733771464,9298.858457126134,5111.2926455198385,5882.296368874509,8527.854733771464,0,S3,0,3,213196368.34428662,125534589.17120281,70587.55642649412,1279178.2100657197,58270.812516203216,85913614.00605674,0.8334583749675935
2024-07-04,185,C,5000.0,5110.4554034586745,254682.14540486952,23509.303897800448,18687.730217743847,0.0,0.0,18687.730217743847,1,S3,0,3,93438651.08871923,48588098.566134,0.0,2803159.532661577,58270.812516203216,41734440.03200258,0.8334583749675935
2024-07-05,186,A,10000.0,9753.324201320343,482755.44012647675,12387.905187707369,11618.136514777978,9869.670072548854,9099.901399619463,12387.905187707369,0,S1,0,5,123879051.87707369,60414309.87684549,109198.81679543355,1858185.7781561054,58569.98991942412,60956031.97523077,0.8328600201611518
2024-07-05,186,B,25000.0,26286.725481042773,356068.49924329977,8031.019191760604,7752.11476540895,5882.296368874509,5603.391942522854,8031.019191760604,0,S1,0,5,200775479.7940151,104653549.33302082,67240.70331027426,1204652.8787640906,58569.98991942412,94435398.38975719,0.8328600201611518
2024-07-05,186,C,4850.0,4788.864116675563,421883.43543247477,20798.556478906445,18673.51606225178,0.0,0.0,18673.51606225178,1,S1,0,5,90566552.90192114,48551141.761854626,0.0,2801027.409337767,58569.98991942412,38733930.30537685,0.8328600201611518
2024-07-06,187,A,10000.0,10157.107953777602,379418.8455686847,12417.558929158486,12239.027890534553,9099.901399619463,8921.370360995532,12417.558929158486,0,S3,0,3,124175589.29158485,63642945.030779675,107056.44433194638,1862633.8393737727,58856.4398361902,58124678.69169458,0.8322871203276195
2024-07-06,187,B,25000.0,24345.780514720773,382711.30300373625,8297.995380423032,7529.123354970288,5603.391942522854,4834.519917070111,8297.995380423032,0,S3,0,3,207449884.5105758,101643165.2920989,58014.23900484133,1244699.3070634548,58856.4398361902,104062437.92956868,0.8322871203276195
2024-07-06,187,C,5000.0,5062.640949374832,364227.1172830042,22088.80559232184,18660.866829753108,0.0,0.0,18660.866829753108,1,S3,0,3,93304334.14876553,48518253.75735808,0.0,2799130.0244629662,58856.4398361902,41563866.80982529,0.8322871203276195
2024-07-07,188,A,10000.0,10319.326190709884,158865.5530743777,12531.854501146685,11357.348093710309,8921.370360995532,7746.863953559157,12531.854501146685,0,S3,0,3,125318545.01146685,59058210.0872936,92962.36744270989,1879778.1751720028,59180.47614057444,64069548.35234358,0.8316390477188511
2024-07-07,188,B,24250.0,25549.19348608164,399993.24963332777,8806.180275842637,8199.257743387456,4834.519917070111,4227.59738461493,8806.180275842637,0,S3,0,3,213549871.68918395,110689979.53573066,50731.16861537916,1320927.0413763954,59180.47614057444,101029060.2176876,0.8316390477188511
2024-07-07,188,C,5000.0,5167.279761137443,178197.31797805862,19267.028365656926,18646.760564124,0.0,0.0,18646.760564124,1,S3,0,3,93233802.82062,48481577.4667224,0.0,2797014.0846186,59180.47614057444,41717833.47516037,0.8316390477188511
2024-07-08,189,A,10000.0,9909.309052824201,268299.11792859744,13593.33418074319,13974.145102216698,7746.863953559157,8127.674875032666,13593.33418074319,0,S2,0,8,135933341.8074319,72665554.53152683,97532.09850039199,2039000.1271114785,59290.26455979181,60803665.667804815,0.8314194708804162
2024-07-08,189,B,25000.0,25301.81436986749,416675.2580709264,8729.095590477762,9538.320049498003,4227.59738461493,5036.821843635171,8729.095590477762,0,S2,0,8,218227389.76194406,128767320.66822304,60441.86212362205,1309364.3385716644,59290.26455979181,87614297.370395,0.8314194708804162
2024-07-08,189,C,5000.0,5090.008165380086,433295.8163856208,22289.6059539243,18641.725289453625,0.0,0.0,18641.725289453625,1,S2,0,8,93208626.44726813,48468485.75257943,0.0,2796258.7934180438,59290.26455979181,41451295.82032525,0.8314194708804162
2024-07-09,190,A,9700.0,10091.532286430407,111228.0047655828,15689.346454462255,14201.422162335351,8127.674875032666,6639.750582905763,15689.346454462255,0,S2,0,8,152186660.60828388,73847395.24414383,79677.00699486915,2353401.968169338,59503.8688161451,75735454.5153941,0.8309922623677097
2024-07-09,190,B,25000.0,24735.356091686528,184066.06499692466,8549.380337247545,8153.4093201104415,5036.821843635171,4640.850826498066,8549.380337247545,0,S2,0,8,213734508.4311886,110071025.82149096,55690.2099179768,1282407.0505871316,59503.8688161451,102081815.41537946,0.8309922623677097
2024-07-09,190,C,5000.0,5185.884362944172,435451.99334594107,23194.156340180587,18632.782359875826,0.0,0.0,18632.782359875826,1,S2,0,8,93163911.79937913,48445234.135677144,0.0,2794917.353981374,59503.8688161451,41428804.44755852,0.8309922623677097
2024-07-10,191,A,10000.0,10060.222476254887,389011.52893329633,13761.254245941875,13346.755428984105,6639.750582905763,6225.2517659479945,13761.254245941875,0,S3,0,3,137612542.45941874,69403128.23071735,74703.02119137594,2064188.1368912812,59923.806097327346,65621587.73558811,0.8301523878053454
2024-07-10,191,B,25000.0,25296.89102365028,438379.6005811515,8724.114065075806,8734.288295372526,4640.850826498066,4651.025056794786,8724.114065075806,0,S3,0,3,218102851.62689516,117912891.9875291,55812.30068153743,1308617.1097613708,59923.806097327346,98327226.82224467,0.8301523878053454
2024-07-10,191,C,5000.0,5260.007819477744,295496.1997345749,22027.972235918576,18613.861916771188,0.0,0.0,18613.861916771188,1,S3,0,3,93069309.58385594,48396040.98360509,0.0,2792079.287515678,59923.806097327346,41525769.30690327,0.8301523878053454
2024-07-11,192,A,10000.0,10364.382467105528,234779.09262864763,13282.142797357445,14359.570694317632,6225.2517659479945,7302.679662908182,13282.142797357445,0,S2,0,8,132821427.97357444,74669767.61045168,87632.15595489819,1992321.4196036167,60209.66433355497,55776718.030602045,0.82958067133289
2024-07-11,192,B,24250.0,26353.648211253727,213626.4768812785,8769.975770417388,8760.940172409963,4651.025056794786,4641.9894587873605,8769.975770417388,0,S2,0,8,212671912.43262166,118272692.3275345,55703.873505448326,1315496.3655626082,60209.66433355497,92754183.72480428,0.82958067133289
2024-07-11,192,C,5000.0,5073.487583588338,467707.7045312283,23242.96659767469,18601.7295899432,0.0,0.0,18601.7295899432,1,S2,0,8,93008647.949716,48364496.933852315,0.0,2790259.43849148,60209.66433355497,41325974.208507426,0.82958067133289
2024-07-12,193,A,10000.0,10066.326164683436,380822.02497143316,12803.686220720214,13325.609903729084,7302.679662908182,7824.60334591705,12803.686220720214,0,S2,0,8,128036862.20720214,69293171.49939124,93895.2401510046,1920552.933108032,60446.59457367565,56287973.91500675,0.8291068108526487
2024-07-12,193,B,25000.0,25870.420377708797,218435.16746183918,7950.999948260507,8278.164599987549,4641.9894587873605,4969.154110514402,7950.999948260507,0,S2,0,8,198774998.7065127,111755222.09983191,59629.84932617283,1192649.9922390762,60446.59457367565,85488615.00308001,0.8291068108526487
2024-07-12,193,C,4850.0,5064.307023223161,401243.67861376907,23348.09601363144,18591.149847594712,0.0,0.0,18591.149847594712,1,S2,0,8,90167076.76083435,48336989.60374625,0.0,2788672.4771392066,60446.59457367565,38579724.40676145,0.8291068108526487
2024-07-13,194,A,10000.0,10425.572989583565,100964.55897267105,13062.738065540298,14270.293770779546,7824.60334591705,9032.159051156299,13062.738065540298,0,S1,0,5,130627380.65540297,74205527.60805364,108385.9086138756,1959410.7098310445,60772.54130615613,54192319.32862559,0.8284549173876877
2024-07-13,194,B,25000.0,25232.571778287296,184733.78458340454,7635.180068642301,8317.439696635887,4969.154110514402,5651.4137385079885,7635.180068642301,0,S1,0,5,190879501.71605754,112285435.90458448,67816.96486209586,1145277.0102963452,60772.54130615613,77135465.51042506,0.8284549173876877
2024-07-13,194,C,5000.0,5119.369709381715,279909.77671891113,19507.223136496264,18576.751021114025,0.0,0.0,18576.751021114025,1,S1,0,5,92883755.10557012,48299552.65489647,0.0,2786512.653167104,60772.54130615613,41457007.47948148,0.8284549173876877
2024-07-14,195,A,10000.0,10304.457079400307,339658.371035083,12761.442664877924,13665.797693821829,9032.159051156299,9936.514080100204,12761.442664877924,0,S2,0,8,127614426.64877924,71062148.0078735,119238.16896120243,1914216.3997316887,60998.150711055154,54118167.55046671,0.8280036985778896
2024-07-14,195,B,25000.0,24388.67939364204,464354.16123823903,7997.175751416714,7442.368663078287,5651.4137385079885,5096.606650169561,7997.175751416714,0,S2,0,8,199929393.78541785,100471976.95155688,61159.27980203474,1199576.3627125071,60998.150711055154,97671328.87939714,0.8280036985778896
2024-07-14,195,C,5000.0,5223.18433612096,373485.08518273744,20553.49014763127,18566.340425799393,0.0,0.0,18566.340425799393,1,S2,0,8,92831702.12899697,48272485.107078426,0.0,2784951.063869909,60998.150711055154,41339782.72215485,0.8280036985778896
2024-07-15,196,A,9700.0,10623.72436441597,446496.76790302596,14395.575880250197,14592.61506995161,9936.514080100204,10133.553269801616,14395.575880250197,0,S3,0,3,139637086.0384269,75881598.36374837,121602.63923761938,2159336.3820375297,61407.708130083316,60966644.17737028,0.8271845837398333
2024-07-15,196,B,25000.0,25529.881049559117,269451.33016073843,8838.970084469074,8777.53453233144,5096.606650169561,5035.171098031926,8838.970084469074,0,S3,0,3,220974252.11172685,118496716.18647443,60422.05317638311,1325845.5126703612,61407.708130083316,100760409.32111485,0.8271845837398333
2024-07-15,196,C,4850.0,5197.611264777712,489605.66017817,23607.29491301404,18547.756461041747,0.0,0.0,18547.756461041747,1,S3,0,3,89956618.83605248,48224166.79870854,0.0,2782163.469156262,61407.708130083316,38399275.199879415,0.8271845837398333
2024-07-16,197,A,9700.0,9919.18284107583,331703.95486656966,13710.019649633203,14924.153665006475,10133.553269801616,11347.687285174889,13710.019649633203,0,S1,0,5,132987190.60144207,77605599.05803367,136172.24742209865,2056502.9474449805,61655.468387233326,52795556.92528751,0.8266890632255333
2024-07-16,197,B,25000.0,24990.105024624972,330141.4481260659,8343.97551412266,8764.69032886455,5035.171098031926,5455.885912773816,8343.97551412266,0,S1,0,5,208599387.8530665,118323319.43967143,65470.63095328579,1251596.3271183989,61655.468387233326,88567204.5388101,0.8266890632255333
2024-07-16,197,C,5000.0,5015.206019394775,392659.23608437274,22830.330948372644,18537.025975439643,0.0,0.0,18537.025975439643,1,S1,0,5,92685129.87719822,48196267.53614307,0.0,2780553.8963159462,61655.468387233326,41253993.7402676,0.8266890632255333
2024-07-17,198,A,10000.0,10526.559354991075,168655.00505153972,14313.87900958252,15009.151590255073,11347.687285174889,12042.959865847439,14313.87900958252,0,S2,0,8,143138790.0958252,78047588.26932637,144515.51839016925,2147081.851437378,61820.29923012527,62569129.15238961,0.8263594015397494
2024-07-17,198,B,24250.0,24590.38809405473,469196.7946621588,8616.944602872034,7816.482009664965,5455.885912773816,4655.4233195667475,8616.944602872034,0,S2,0,8,208960906.61964682,105522507.13047703,55865.07983480097,1292541.690430805,61820.29923012527,101558975.62501189,0.8263594015397494
2024-07-17,198,C,5000.0,4979.572243257967,211991.0748624573,23334.21952489381,18530.16006926389,0.0,0.0,18530.16006926389,1,S2,0,8,92650800.34631945,48178416.18008611,0.0,2779524.010389583,61820.29923012527,41419048.78175117,0.8263594015397494
2024-07-18,199,A,10000.0,10003.711031735345,300686.366740883,12642.637382118271,12724.764155457222,12042.959865847439,12125.08663918639,12642.637382118271,0,S3,0,3,126426373.82118271,66168773.60837755,145501.03967023667,1896395.6073177408,62044.31719688569,57852972.88187942,0.8259113656062285
2024-07-18,199,B,25000.0,24921.360836638927,273248.4829945252,8169.5091695346,8920.884020499585,4655.4233195667475,5406.7981705317325,8169.5091695346,0,S3,0,3,204237729.238365,120431934.2767444,64881.57804638079,1225426.37543019,62044.31719688569,82180194.2079526,0.8259113656062285
2024-07-18,199,C,4850.0,4996.06585299862,399732.7952282962,24596.7628917205,18520.07424062297,0.0,0.0,18520.07424062297,1,S3,0,3,89822360.0670214,48152193.02561972,0.0,2778011.1360934456,62044.31719688569,38430378.79288305,0.8259113656062285
2024-07-19,200,A,10000.0,10269.486893812207,163945.11036379228,13374.305922220867,12628.325933292846,12125.08663918639,11379.106650258369,13374.305922220867,0,S1,0,5,133743059.22220866,65667294.8531228,136549.27980310042,2006145.88833313,62414.67429086168,65706709.416294985,0.8251706514182766
2024-07-19,200,B,25000.0,25585.50224701062,386082.00172885857,8144.309526571809,8934.7895687357,5406.7981705317325,6197.278212695623,8144.309526571809,0,S1,0,5,203607738.16429523,120619659.17793195,74367.33855234747,1221646.4289857715,62414.67429086168,81243568.54280543,0.8251706514182766
2024-07-19,200,C,5000.0,5053.7377391148275,440659.8009337864,21455.096437418306,18503.334427300924,0.0,0.0,18503.334427300924,1,S1,0,5,92516672.13650462,48108669.5109824,0.0,2775500.1640951387,62414.67429086168,41129427.98620243,0.8251706514182766
2024-07-20,201,A,10000.0,10338.25024780111,205165.62885153768,13767.168538346257,13453.36942826966,11379.106650258369,11065.307540181773,13767.168538346257,0,S2,0,8,137671685.38346258,69957521.02700223,132783.69048218126,2065075.2807519387,62558.30742676567,65248581.44894793,0.8248833851464686
2024-07-20,201,B,25000.0,24990.568219676934,182437.56253217626,6783.1742473212125,6202.528787946408,6197.278212695623,5616.632753320819,6783.1742473212125,0,S2,0,8,169579356.1830303,83734138.6372765,67399.59303984983,1017476.1370981819,62558.30742676567,84515345.94565684,0.8248833851464686
2024-07-20,201,C,5000.0,5078.524337278948,224553.09770746226,21234.14018270748,18497.561184984905,0.0,0.0,18497.561184984905,1,S2,0,8,92487805.92492452,48093659.08096075,0.0,2774634.1777477358,62558.30742676567,41332401.26108181,0.8248833851464686
2024-07-21,202,A,9700.0,10656.96739530438,176913.59045690973,15300.155789862998,15330.805619948458,11065.307540181773,11095.957370267235,15300.155789862998,0,S3,0,3,148411511.16167107,79720189.22373198,133151.48844320682,2295023.36847945,62886.89656175388,66023346.59399777,0.8242262068764921
2024-07-21,202,B,25000.0,25219.733495325214,154879.12334906615,7256.526498787876,7194.611395596808,5616.632753320819,5554.717650129751,7256.526498787876,0,S3,0,3,181413162.4696969,97127253.8405569,66656.61180155701,1088478.9748181815,62886.89656175388,82913007.02260944,0.8242262068764921
2024-07-21,202,C,5000.0,5086.950678811566,337514.4907732703,18535.003434401053,18483.033377969354,0.0,0.0,18483.033377969354,1,S3,0,3,92415166.88984677,48055886.78272032,0.0,2772455.0066954033,62886.89656175388,41186423.71309602,0.8242262068764921
2024-07-22,203,A,10000.0,10140.600397579108,193641.36912995798,12934.152763374252,12826.76052046588,11095.957370267235,10988.565127358863,12934.152763374252,0,S1,0,5,129341527.63374251,66699154.706422575,131862.78152830637,1940122.9145061378,63072.75546918544,60313673.106686346,0.8238544890616291
2024-07-22,203,B,25000.0,25387.979148957696,312632.0843989259,7810.131442500006,8366.757504193145,5554.717650129751,6111.343711822889,7810.131442500006,0,S1,0,5,195253286.06250015,112951226.30660746,73336.12454187467,1171519.716375001,63072.75546918544,80681499.0751077,0.8238544890616291
2024-07-22,203,C,5000.0,5097.4613755913615,350709.2302700856,19965.668285521995,18474.013264697387,0.0,0.0,18474.013264697387,1,S1,0,5,92370066.32348694,48032434.488213204,0.0,2771101.989704608,63072.75546918544,41152747.85982985,0.8238544890616291
2024-07-23,204,A,10000.0,10461.45407806744,418426.8398406867,13474.124741149335,13735.086301699701,10988.565127358863,11249.526687909227,13474.124741149335,0,S1,0,5,134741247.41149336,71422448.76883845,134994.32025491074,2021118.7111724003,63283.73870033108,60680975.032686576,0.8234325225993379
2024-07-23,204,B,25000.0,26148.82418758428,339427.91691886313,7973.4215677663315,7327.354402359829,6111.343711822889,5465.276546416387,7973.4215677663315,0,S1,0,5,199335539.1941583,98919284.43185769,65583.31855699664,1196013.2351649497,63283.73870033108,98751946.55295946,0.8234325225993379
2024-07-23,204,C,5000.0,4938.429871680838,310346.0923850053,20124.306512301475,18464.086027111498,0.0,0.0,18464.086027111498,1,S1,0,5,92320430.13555749,48006623.67048989,0.0,2769612.9040667247,63283.73870033108,41170563.72991553,0.8234325225993379
2024-07-24,205,A,10000.0,10175.696822821152,432827.36297921016,14089.70017463612,13662.798261287011,11249.526687909227,10822.624774560118,14089.70017463612,0,S2,1,17,140897001.7463612,71046550.95869246,129871.49729472141,2113455.026195418,63498.42747681329,67110798.47372258,0.8230031450463734
2024-07-24,205,B,25000.0,25879.792227270234,490844.7681844333,8503.288770048224,8584.818218785262,5465.276546416387,5546.805995153423,8503.288770048224,0,S2,1,17,212582219.2512056,115895045.95360103,66561.67194184108,1275493.3155072336,63498.42747681329,94790775.11449423,0.8230031450463734
2024-07-24,205,C,5000.0,4992.112543810458,252265.17108065635,23086.780771135458,18454.37997327199,0.0,0.0,18454.37997327199,1,S2,1,17,92271899.86635995,47981387.93050717,0.0,2768156.9959907983,63498.42747681329,41206591.34130451,0.8230031450463734
2024-07-25,206,A,10000.0,10072.449655216878,163240.71557745192,11910.358692930198,11623.537095350428,10822.624774560118,10535.803176980347,11910.358692930198,0,S3,0,3,119103586.92930198,60442392.89582223,126429.63812376416,1786553.8039395297,63812.22548932805,56521157.65034968,0.8223755490213438
2024-07-25,206,B,24250.0,25350.862847688004,310516.31400014996,8806.491699830842,8221.628350230156,5546.805995153423,4961.942645552737,8806.491699830842,0,S3,0,3,213557423.7208979,110991982.72810711,59543.31174663285,1320973.7549746262,63812.22548932805,100810595.38658006,0.8223755490213438
2024-07-25,206,C,5000.0,4996.457969646633,142328.3010818093,20371.784736338825,18439.842575956427,0.0,0.0,18439.842575956427,1,S3,0,3,92199212.87978214,47943590.69748671,0.0,2765976.386393464,63812.22548932805,41283505.26933083,0.8223755490213438
2024-07-26,207,A,10000.0,9654.528256744185,202987.9572914097,11255.267607859709,10255.609446516111,10535.803176980347,9536.145015636748,11255.267607859709,0,S3,0,3,112552676.07859708,53329169.12188378,114433.74018764097,1688290.1411789563,64008.23446273899,57153786.88359256,0.8219835310745219
2024-07-26,207,B,25000.0,25052.61850323305,458317.7987385127,7147.791947430695,6917.992042288689,4961.942645552737,4732.142740410731,7147.791947430695,0,S3,0,3,178694798.68576735,93392892.5708973,56785.71288492877,1072168.7921146043,64008.23446273899,83650625.57666928,0.8219835310745219
2024-07-26,207,C,5000.0,5089.480380625125,267016.0943713969,22108.98725090839,18430.0220094107,0.0,0.0,18430.0220094107,1,S3,0,3,92150110.0470535,47918057.224467814,0.0,2764503.301411605,64008.23446273899,41136525.19233995,0.8219835310745219
2024-07-27,208,A,10000.0,10106.28903483164,241805.06247134274,11458.6130662465,11604.08887123449,9536.145015636748,9681.62082062474,11458.6130662465,0,S2,0,8,114586130.662465,60341262.13041934,116179.44984749687,1718791.959936975,64213.49749066614,52103878.56229918,0.8215730050186677
2024-07-27,208,B,25000.0,26405.555739084582,275161.4329702653,7691.565564227911,6962.485836919223,4732.142740410731,4003.0630131020425,7691.565564227911,0,S2,0,8,192289139.10569778,93993558.79840952,48036.75615722451,1153734.8346341867,64213.49749066614,96754433.78603593,0.8215730050186677
2024-07-27,208,C,5000.0,5185.802546687174,143486.8158745437,20334.880499508792,18421.042346263483,0.0,0.0,18421.042346263483,1,S2,0,8,92105211.73131742,47894710.10028505,0.0,2763156.351939522,64213.49749066614,41239644.96572763,0.8215730050186677
2024-07-28,209,A,9700.0,10165.389712849399,340743.09569452866,12618.522946118774,13112.623076126074,9681.62082062474,10175.72095063204,12618.522946118774,0,S1,0,5,122399672.5773521,68185639.99585558,122108.65140758448,1892778.441917816,64527.04301823532,51793875.34945836,0.8209459139635292
2024-07-28,209,B,25000.0,25826.599518980995,426841.1401331008,8087.725842404896,7877.974676003184,4003.0630131020425,3793.3118467003296,8087.725842404896,0,S1,0,5,202193146.0601224,106352658.12604298,45519.742160403955,1213158.8763607345,64527.04301823532,94090441.13240695,0.8209459139635292
2024-07-28,209,C,5000.0,5254.9014734463335,366641.90688847855,21971.95984969905,18407.04577577039,0.0,0.0,18407.04577577039,1,S1,0,5,92035228.87885197,47858319.017003015,0.0,2761056.866365559,64527.04301823532,40984684.04557668,0.8209459139635292
2024-07-29,210,A,10000.0,10390.46888908969,378748.0198099194,13087.368304963988,13253.49803918402,10175.72095063204,10341.85068485207,13087.368304963988,0,S1,1,12,130873683.04963988,68918189.80375691,124102.20821822484,1963105.245744598,64857.54764654626,59424680.22446369,0.8202849047069074
2024-07-29,210,B,25000.0,25500.660543536116,383287.59216350556,7998.78754332027,7811.022841479977,3793.3118467003296,3605.5471448600365,7998.78754332027,0,S1,1,12,199969688.58300674,105448808.35997969,43266.56573832044,1199818.1314980404,64857.54764654626,92829650.38598064,0.8202849047069074
2024-07-29,210,C,5000.0,4985.772529213201,385719.7648772455,19520.97890230824,18392.942240497676,0.0,0.0,18392.942240497676,1,S1,1,12,91964711.20248838,47821649.82529396,0.0,2758941.336074651,64857.54764654626,40933542.72859598,0.8202849047069074
2024-07-30,211,A,10000.0,10283.63970249526,325936.94039916334,13740.352102774745,14492.258858845793,10341.85068485207,11093.75744092312,13740.352102774745,0,S1,0,5,137403521.02774745,75359746.06599812,133125.08929107746,2061052.8154162117,65091.069110595025,59458569.04753228,0.8198178617788099
2024-07-30,211,B,25000.0,26303.590180799933,480487.9547883102,8651.519346246274,8126.8186457356705,3605.5471448600365,3080.846444349434,8651.519346246274,0,S1,0,5,216287983.65615684,109712051.71743155,36970.15733219321,1297727.901936941,65091.069110595025,104695654.85555723,0.8198178617788099
2024-07-30,211,C,5000.0,5216.994566155641,487525.4897052629,22668.609837170727,18382.493174032665,0.0,0.0,18382.493174032665,1,S1,0,5,91912465.87016332,47794482.252484925,0.0,2757373.9761049,65091.069110595025,40807993.08275764,0.8198178617788099
2024-07-31,212,A,10000.0,10451.392344307842,396819.9013283682,11897.088050981718,11965.078552835044,11093.75744092312,11161.747942776445,11897.088050981718,0,S1,0,5,118970880.50981718,62218408.474742234,133940.97531331732,1784563.2076472577,65331.81912435728,54371816.131661646,0.8193363617512853
2024-07-31,212,B,24250.0,25999.963642852723,424628.2784115372,8863.360626018963,8107.5143156688255,3080.846444349434,2325.000133999296,8863.360626018963,0,S1,0,5,214936495.18095985,109451443.26152915,27900.00160799155,1329504.0939028445,65331.81912435728,103637687.72638398,0.8193363617512853
2024-07-31,212,C,4750.0,5095.429696822357,387259.8545994586,24872.9456944213,18371.98351536116,0.0,0.0,18371.98351536116,1,S1,0,5,87266921.69796552,47767157.13993902,0.0,2755797.527304174,65331.81912435728,36291375.35699851,0.8193363617512853
2024-08-01,213,A,9700.0,10215.333571507705,191573.5097231778,15077.58666483617,15457.27812782352,11161.747942776445,11541.439405763795,15077.58666483617,0,S3,0,3,146252590.64891085,80377846.26468231,138497.27286916552,2261637.9997254256,65615.44387981096,63217420.158030964,0.8187691122403778
2024-08-01,213,B,25000.0,26322.18646907209,454809.03622335335,8084.866067486853,7414.301738589254,2325.000133999296,1654.4358051016952,8084.866067486853,0,S3,0,3,202121651.68717134,100093073.47095492,19853.229661220343,1212729.910123028,65615.44387981096,100275570.59632899,0.8187691122403778
2024-08-01,213,C,5000.0,4959.180860523134,484938.08070028486,21498.8552862404,18358.89125305162,0.0,0.0,18358.89125305162,1,S3,0,3,91794456.2652581,47733117.25793421,0.0,2753833.687957743,65615.44387981096,40756951.79478605,0.8187691122403778
2024-08-02,214,A,10000.0,10003.48629317226,250707.38851869406,11712.82858002201,11541.85739887894,11541.439405763795,11370.468224620725,11712.82858002201,0,S2,0,8,117128285.80022009,60017658.47417048,136445.6186954487,1756924.2870033013,65932.05154664733,54900617.98028552,0.8181358969067054
2024-08-02,214,B,25000.0,25487.8326637679,186818.52126330382,6985.610365875471,6605.2320564575575,1654.4358051016952,1274.0574956837827,6985.610365875471,0,S2,0,8,174640259.14688677,89170632.76217702,15288.689948205392,1047841.5548813207,65932.05154664733,84153745.56707028,0.8181358969067054
2024-08-02,214,C,4750.0,5245.63846082974,482355.56299653114,23914.810391551015,18344.257376533158,0.0,0.0,18344.257376533158,1,S2,0,8,87135222.5385325,47695069.178986214,0.0,2751638.6064799735,65932.05154664733,36140227.13852313,0.8181358969067054
2024-08-03,215,A,10000.0,9948.545348139301,234174.34965118443,11228.287089155165,10680.607776660187,11370.468224620725,10822.788912125747,11228.287089155165,0,S1,0,5,112282870.89155164,55539160.43863297,129873.46694550896,1684243.0633732746,66250.87212440542,54629168.7008243,0.8174982557511891
2024-08-03,215,B,25000.0,24848.663908507002,208207.83868408043,6732.1485871683835,6513.326860559219,1274.0574956837827,1055.2357690746185,6732.1485871683835,0,S1,0,5,168303714.6792096,87929912.61754946,12662.829228895422,1009822.2880752576,66250.87212440542,79076858.2335475,0.8174982557511891
2024-08-03,215,C,5000.0,5126.891787683105,333756.97895544535,18811.39220194096,18329.693780872,0.0,0.0,18329.693780872,1,S1,0,5,91648468.90436,47657203.8302672,0.0,2749454.0671308,66250.87212440542,40841803.15588215,0.8174982557511891
2024-08-04,216,A,9700.0,10410.34206769355,280216.113755,12667.168015996927,12184.320746872996,10822.788912125747,10339.941643001815,12667.168015996927,0,S3,0,3,122871529.7551702,63358467.88373958,124079.29971602178,1900075.202399539,66462.44997622258,57142228.805583835,0.8170751000475549
2024-08-04,216,B,25000.0,25442.382948044422,193092.59164037494,7604.708439568085,7928.4876043519025,1055.2357690746185,1379.014933858436,7604.708439568085,0,S3,0,3,190117710.9892021,107034582.65875068,16548.179206301233,1140706.2659352128,66462.44997622258,81666318.84369333,0.8170751000475549
2024-08-04,216,C,5000.0,5255.554152605865,440798.24376779125,22494.954168417484,18319.695600469,0.0,0.0,18319.695600469,1,S3,0,3,91598478.002345,47631208.5612194,0.0,2747954.34007035,66462.44997622258,40712054.40731123,0.8170751000475549
2024-08-05,217,A,10000.0,9994.708314664009,328289.0771676677,11844.68087380733,12360.949401497091,10339.941643001815,10856.210170691578,11844.68087380733,0,S1,0,5,118446808.7380733,64276936.887784876,130274.52204829894,1776702.1310710995,66912.9335763845,51867693.18642498,0.816174132847231
2024-08-05,217,B,25000.0,25714.506868908706,108721.91111220796,7850.031573643405,8084.7236382242745,1379.014933858436,1613.7069984393065,7850.031573643405,0,S1,0,5,196250789.34108514,109143769.11602771,19364.48398127168,1177504.7360465107,66912.9335763845,85734516.16034105,0.816174132847231
2024-08-05,217,C,5000.0,5116.274572911513,146194.34944917957,18546.93747310074,17652.429584089998,0.0,0.0,17652.429584089998,1,S1,0,5,88262147.92044999,45896316.918634,0.0,2647864.4376135,66912.9335763845,39504859.281176925,0.816174132847231
2024-08-06,218,A,10000.0,10317.769500175953,482393.7077360806,13479.005317934369,13998.091370145885,10856.210170691578,11375.296222903095,13479.005317934369,0,S2,0,8,134790053.1793437,72790075.1247586,136503.55467483713,2021850.7976901552,67200.08395025307,59292029.91053378,0.8155998320994937
2024-08-06,218,B,25000.0,24778.073644778928,102255.79392900679,8161.20146213559,8232.642696780069,1613.7069984393065,1685.1482330837844,8161.20146213559,0,S2,0,8,204030036.55338976,111140676.40653093,20221.778797005412,1224180.2193203385,67200.08395025307,91475502.27086222,0.8155998320994937
2024-08-06,218,C,5000.0,5090.561616228146,349343.96998536104,20852.752299685064,18286.314516662973,0.0,0.0,18286.314516662973,1,S2,0,8,91431572.58331487,47544417.74332373,0.0,2742947.177499446,67200.08395025307,40727663.608556084,0.8155998320994937
2024-08-07,219,A,10000.0,10274.976399301513,227716.09697834845,13835.050340067623,13065.99886783768,11375.296222903095,10606.24475067315,13835.050340067623,0,S1,0,5,138350503.40067622,67943194.11275594,127274.9370080778,2075257.5510101435,67452.85674620671,67909607.84617749,0.8150942865075864
2024-08-07,219,B,25000.0,24624.851973238707,342339.5581326311,7985.398181225064,7956.74641009491,1685.1482330837844,1656.4964619536295,7985.398181225064,0,S1,0,5,199634954.5306266,107416076.53628129,19877.957543443554,1197809.7271837597,67452.85674620671,90591397.89473926,0.8150942865075864
2024-08-07,219,C,4850.0,5173.4448348583255,215956.66875164007,24962.909779299083,18275.162720279,0.0,0.0,18275.162720279,1,S1,0,5,88634539.19335315,47515423.0727254,0.0,2741274.40804185,67452.85674620671,38094432.18708805,0.8150942865075864
2024-08-08,220,A,10000.0,10432.400999155367,453596.9128604169,13448.99997950772,13616.923165839175,10606.24475067315,10774.167937004604,13448.99997950772,0,S1,0,5,134489999.7950772,70808000.4623637,129290.01524405525,2017349.996926158,67849.95860964851,61013912.449073225,0.8143000827807029
2024-08-08,220,B,25000.0,25978.143061271618,351563.84756109555,7409.441036246855,8029.405283932312,1656.4964619536295,2276.4607096390864,7409.441036246855,0,S1,0,5,185236025.90617138,108396971.33308621,27317.528515669037,1111416.1554370283,67849.95860964851,75280907.08296174,0.8143000827807029
2024-08-08,220,C,5000.0,5236.698045902464,383944.9196909995,21432.394748027033,18256.597902899084,0.0,0.0,18256.597902899084,1,S1,0,5,91282989.51449542,47467154.54753762,0.0,2738489.6854348625,67849.95860964851,40625550.40322229,0.8143000827807029
2024-08-09,221,A,10000.0,10259.03906512817,431572.39259498636,11797.179771302031,12238.523080439852,10774.167937004604,11215.511246142425,11797.179771302031,0,S2,0,8,117971797.71302031,63640320.018287234,134586.1349537091,1769576.9656953048,68070.89066896797,51927671.31082011,0.813858218662064
2024-08-09,221,B,25000.0,25862.856691579324,357231.87107583845,7236.19060402156,7203.08825633204,2276.4607096390864,2243.3583619495676,7236.19060402156,0,S2,0,8,180904765.100539,97241691.46048254,26920.30034339481,1085428.590603234,68070.89066896797,82125421.98736502,0.813858218662064
2024-08-09,221,C,5000.0,5028.580790450056,129036.57052946609,19078.08776329,18246.212286247275,0.0,0.0,18246.212286247275,1,S2,0,8,91231061.43123637,47440151.94424292,0.0,2736931.8429370914,68070.89066896797,40856870.18285793,0.813858218662064
2024-08-10,222,A,9700.0,10550.97768622711,239707.76754831,13002.626289411273,12811.106042155892,11215.511246142425,11023.990998887042,13002.626289411273,0,S3,0,3,126125475.00728935,66617751.41921064,132287.8919866445,1950393.943411691,68336.41382450602,57116997.571307555,0.8133271723509878
2024-08-10,222,B,25000.0,25623.864614041824,244469.32416707612,7400.505599998298,7611.243510078996,2243.3583619495676,2454.096272030267,7400.505599998298,0,S3,0,3,185012639.99995744,102751787.38606645,29449.155264363202,1110075.8399997447,68336.41382450602,80808521.8806353,0.8133271723509878
2024-08-10,222,C,5000.0,5101.792820144445,460766.6651408817,19486.541538068683,17750.05851421608,0.0,0.0,17750.05851421608,1,S3,0,3,88750292.5710804,46150152.13696181,0.0,2662508.7771324124,68336.41382450602,39408528.57802079,0.8133271723509878
2024-08-11,223,A,10000.0,10349.584863215912,156503.79036243734,11556.32125577943,12180.576485579502,11023.990998887042,11648.246228687114,11556.32125577943,0,S1,0,5,115563212.5577943,63338997.72501341,139778.95474424536,1733448.1883669146,68502.6421140193,50125981.257193275,0.8129947157719613
2024-08-11,223,B,24250.0,25865.690747265988,173683.0857042928,7404.625107579208,8017.4779226901255,2454.096272030267,3066.9490871411854,7404.625107579208,0,S1,0,5,179562158.8587958,108235951.9563167,36803.389045694224,1110693.7661368812,68502.6421140193,69936524.0194782,0.8129947157719613
2024-08-11,223,C,4850.0,5215.331155230517,436136.5512054233,21676.69691814435,18226.105898291313,0.0,0.0,18226.105898291313,1,S1,0,5,88396613.60671286,47387875.335557416,0.0,2733915.884743697,68502.6421140193,37770183.1930923,0.8129947157719613
2024-08-12,224,A,10000.0,9993.303474897288,204324.29508410842,10922.123445533922,11698.54157251731,11648.246228687114,12424.664355670502,10922.123445533922,0,S2,0,8,109221234.45533922,60832416.17709001,149095.97226804603,1638318.5168300883,68694.02018794224,46328385.473879024,0.8126119596241155
2024-08-12,224,B,24250.0,25516.499451118783,227765.49036142306,8046.289852259099,8071.015053073593,3066.9490871411854,3091.6742879556805,8046.289852259099,0,S2,0,8,195122528.91728315,108958703.2164935,37100.091455468166,1206943.4778388648,68694.02018794224,84623322.62094595,0.8126119596241155
2024-08-12,224,C,5000.0,5123.667380473212,483760.0341085898,20666.285010879477,18216.469849179703,0.0,0.0,18216.469849179703,1,S2,0,8,91082349.24589851,47362821.607867226,0.0,2732470.4773769556,68694.02018794224,40434603.106357805,0.8126119596241155
2024-08-13,225,A,10000.0,9746.123773144856,399500.47909782396,11987.002243641942,12225.251028052733,12424.664355670502,12662.913140081295,11987.002243641942,0,S2,0,8,119870022.43641943,63571305.34587421,151954.95768097555,1798050.3365462914,68949.57020302114,53880261.7470171,0.8121008595939576
2024-08-13,225,B,24250.0,25067.122801411566,359155.68066526396,7870.181698046439,7766.529491622219,3091.6742879556805,2988.0220815314606,7870.181698046439,0,S2,0,8,190851906.17762616,104848148.13689996,35856.26497837753,1180527.2547069658,68949.57020302114,84359269.27017257,0.8121008595939576
2024-08-13,225,C,5000.0,5038.940959437006,189497.11742789502,20536.09944003048,18204.39458485798,0.0,0.0,18204.39458485798,1,S2,0,8,91021972.9242899,47331425.920630746,0.0,2730659.187728697,68949.57020302114,40701441.12829954,0.8121008595939576
2024-08-14,226,A,10000.0,10018.052331754025,422800.44095822127,12981.079396211062,13169.125758623515,12662.913140081295,12850.959502493748,12981.079396211062,0,S1,0,5,129810793.96211062,68479453.94484228,154211.514029925,1947161.9094316594,69141.01448337124,58738025.138365164,0.8117179710332575
2024-08-14,226,B,25000.0,25336.23459157582,481113.65983018005,7623.193608037032,8052.081367644975,2988.0220815314606,3416.9098411394043,7623.193608037032,0,S1,0,5,190579840.2009258,108703098.46320717,41002.91809367285,1143479.041205555,69141.01448337124,80142005.10410585,0.8117179710332575
2024-08-14,226,C,5000.0,5051.011322734933,425588.3821275442,21461.03332913886,18195.759636655042,0.0,0.0,18195.759636655042,1,S1,0,5,90978798.18327521,47308975.05530311,0.0,2729363.9454982565,69141.01448337124,40445729.78586292,0.8117179710332575
2024-08-15,227,A,10000.0,10293.258614392273,478825.05675657146,11930.114508380837,11529.846080248435,12850.959502493748,12450.691074361348,11930.114508380837,0,S2,0,8,119301145.08380836,59955199.61729186,149408.29289233618,1789517.1762571256,69470.44702859296,56858724.493581876,0.811059105942814
2024-08-15,227,B,25000.0,25657.89117496082,109620.1902693085,7175.235103690169,7094.571933624293,3416.9098411394043,3336.246671073528,7175.235103690169,0,S2,0,8,179380877.59225422,95776721.10392796,40034.960052882336,1076285.2655535254,69470.44702859296,82308745.62542197,0.811059105942814
2024-08-15,227,C,5000.0,4851.697332764244,485781.484317243,21818.59588122084,18180.86217986167,0.0,0.0,18180.86217986167,1,S2,0,8,90904310.89930835,47270241.66764034,0.0,2727129.3269792506,69470.44702859296,40351687.973342925,0.811059105942814
2024-08-16,228,A,10000.0,10016.693769591107,192084.54351173452,11601.317459382219,10841.116495334132,12450.691074361348,11690.490110313262,11601.317459382219,0,S2,0,8,116013174.59382218,56373805.77573749,140285.88132375915,1740197.618907333,69610.83795485145,57497189.93638702,0.810778324090297
2024-08-16,228,B,25000.0,26228.052134423637,256511.70035974885,7887.53246313173,7899.371042981231,3336.246671073528,3348.085250923029,7887.53246313173,0,S2,0,8,197188311.57829323,106641509.08024661,40177.02301107635,1183129.8694697595,69610.83795485145,88997373.06725119,0.810778324090297
2024-08-16,228,C,4850.0,5119.84301230403,207231.51296388195,20336.650974906734,18173.86614439166,0.0,0.0,18173.86614439166,1,S2,0,8,88143250.80029956,47252051.975418314,0.0,2726079.921658749,69610.83795485145,37888276.55230376,0.810778324090297
2024-08-17,229,A,9700.0,10353.02257551982,228623.6437547127,11682.422153862517,11199.130181299353,11690.490110313262,11207.198137750096,11682.422153862517,0,S2,0,8,113319494.89246641,58235476.94275664,134486.37765300117,1752363.3230793776,69877.99685054591,52898666.60837214,0.8102440062989082
2024-08-17,229,B,25000.0,24883.81763394254,218305.94605647243,6701.159686562734,7245.536925279585,3348.085250923029,3892.46248963988,6701.159686562734,0,S2,0,8,167528992.16406837,97814748.4912744,46709.54987567856,1005173.9529844101,69877.99685054591,68374176.22702686,0.8102440062989082
2024-08-17,229,C,4750.0,5097.967300597899,479969.182808952,21013.33154839642,18160.727734365668,0.0,0.0,18160.727734365668,1,S2,0,8,86263456.73823692,47217892.10935073,0.0,2724109.16015485,69877.99685054591,35771608.28907184,0.8102440062989082
2024-08-18,230,A,10000.0,10043.588419278463,248451.02262109268,10418.41631694704,10660.537130290184,11207.198137750096,11449.31895109324,10418.41631694704,0,S1,1,9,104184163.1694704,55434793.077508956,137391.82741311888,1562762.447542056,70170.55146311916,46730594.24292205,0.8096588970737617
2024-08-18,230,B,24250.0,25989.204904882306,381482.4540653157,7431.103540286056,8151.214302892593,3892.46248963988,4612.573252246417,7431.103540286056,0,S1,1,9,180204260.85193685,110041393.08905001,55350.879026957,1114665.5310429083,70170.55146311916,68541198.34728853,0.8096588970737617
2024-08-18,230,C,5000.0,5038.036146127145,458928.7076549204,18578.706979134684,17919.68209806132,0.0,0.0,17919.68209806132,1,S1,1,9,89598410.4903066,46591173.45495943,0.0,2687952.3147091977,70170.55146311916,39790185.461519934,0.8096588970737617
2024-08-19,231,A,10000.0,10451.751200155868,155224.6915807619,11923.96895373612,12882.407587166164,11449.31895109324,12407.757584523286,11923.96895373612,0,S3,0,3,119239689.53736119,66988519.45326406,148893.09101427943,1788595.3430604178,70514.70112781042,50087942.257313855,0.8089705977443791
2024-08-19,231,B,25000.0,25007.836471487404,303549.66963601013,7743.119285424816,7148.954279608626,4612.573252246417,4018.4082464302273,7743.119285424816,0,S3,0,3,193577982.1356204,96510882.77471645,48220.89895716273,1161467.8928137224,70514.70112781042,95483346.19836922,0.8089705977443791
2024-08-19,231,C,5000.0,4876.427989784875,479692.852849744,18768.655085968734,18132.20095130743,0.0,0.0,18132.20095130743,1,S3,0,3,90661004.75653715,47143722.47339932,0.0,2719830.1426961143,70514.70112781042,40247244.58646417,0.8089705977443791
2024-08-20,232,A,10000.0,10403.838241417632,404704.6421288332,13120.792906528804,13254.716124559653,12407.757584523286,12541.680802554132,13120.792906528804,0,S3,0,3,131207929.06528804,68924523.84771019,150500.1696306496,1968118.9359793207,70828.18298215704,59689253.28685689,0.8083436340356858
2024-08-20,232,B,25000.0,26206.401239131566,361627.9476233344,7256.853849029916,7651.057180680727,4018.4082464302273,4412.611578081038,7256.853849029916,0,S3,0,3,181421346.2257479,103289271.9391898,52951.338936972454,1088528.0773544875,70828.18298215704,76558138.73966116,0.8083436340356858
2024-08-20,232,C,5000.0,5103.195103363075,304680.8689494643,18901.545802545115,18118.43206959967,0.0,0.0,18118.43206959967,1,S3,0,3,90592160.34799834,47107923.38095914,0.0,2717764.8104399503,70828.18298215704,40390963.10466763,0.8083436340356858
2024-08-21,233,A,10000.0,10424.584912148115,249618.42453700304,12488.350496145813,11800.96946023989,12541.680802554132,11854.299766648208,12488.350496145813,0,S3,0,3,124883504.96145813,61365041.19324743,142251.59719977848,1873252.574421872,71239.78745947662,61182101.38459257,0.8075204250810468
2024-08-21,233,B,25000.0,25172.62061697658,227108.57701580122,7432.373706377667,6927.038780106512,4412.611578081038,3907.2766518098824,7432.373706377667,0,S3,0,3,185809342.65944168,93515023.5314379,46887.319821718585,1114856.05595665,71239.78745947662,90834227.38775013,0.8075204250810468
2024-08-21,233,C,5000.0,5214.783368077677,356919.0746102917,21798.28199296104,18099.539933876214,0.0,0.0,18099.539933876214,1,S3,0,3,90497699.66938107,47058803.82807816,0.0,2714930.9900814323,71239.78745947662,40295805.98915171,0.8075204250810468
2024-08-22,234,A,10000.0,9927.359602717872,445393.7773189811,13155.65716579025,12874.590990225362,11854.299766648208,11573.23359108332,13155.65716579025,0,S1,0,5,131556571.6579025,66947873.14917188,138878.80309299985,1973348.5748685375,71384.41030377477,61979692.94314632,0.8072311793924504
2024-08-22,234,B,25000.0,25484.756140676098,340011.77669717936,7249.565922118855,7009.445075879528,3907.2766518098824,3667.1558055705564,7249.565922118855,0,S1,0,5,181239148.0529714,94627508.52437364,44005.86966684667,1087434.8883178283,71384.41030377477,85068802.58361214,0.8072311793924504
2024-08-22,234,C,5000.0,5147.584108867825,258669.57898536063,21103.297471914608,18092.90654541414,0.0,0.0,18092.90654541414,1,S1,0,5,90464532.72707069,47041557.01807676,0.0,2713935.981812121,71384.41030377477,40378985.73789267,0.8072311793924504
2024-08-23,235,A,9700.0,9936.520674032525,269794.7069930041,12799.349626244035,12409.908488449622,11573.23359108332,11183.792453288908,12799.349626244035,0,S2,0,8,124153691.37456714,64531524.139938034,134205.5094394669,1919902.4439366052,71656.10738707396,57226608.466872945,0.8066877852258519
2024-08-23,235,B,25000.0,25301.86582356787,476827.09346854384,7151.85595334077,6442.197143992404,3667.1558055705564,2957.4969962221894,7151.85595334077,0,S2,0,8,178796398.83351925,86969661.44389746,35489.96395466627,1072778.3930011154,71656.10738707396,90169985.83181038,0.8066877852258519
2024-08-23,235,C,5000.0,5115.487779851842,491099.1470573184,19666.090565418173,18046.26590402675,0.0,0.0,18046.26590402675,1,S2,0,8,90231329.52013375,46920291.35046955,0.0,2706939.8856040123,71656.10738707396,40041343.0296158,0.8066877852258519
2024-08-24,236,A,10000.0,10014.341402939219,377255.2138617721,11116.437086801545,11589.730193539184,11183.792453288908,11657.085560026548,11116.437086801545,0,S3,0,3,111164370.86801545,60266597.00640376,139885.02672031856,1667465.5630202317,72026.13045361849,48641141.92755576,0.805947739092763
2024-08-24,236,B,25000.0,25312.5095796281,264971.9558472841,6926.21381962405,7447.061413212692,2957.4969962221894,3478.344589810831,6926.21381962405,0,S3,0,3,173155345.49060127,100535329.07837135,41740.135077729974,1038932.0729436076,72026.13045361849,71202346.11790769,0.805947739092763
2024-08-24,236,C,5000.0,5076.533434621657,178048.0221814899,17040.399256255954,16095.747081777748,0.0,0.0,16095.747081777748,1,S3,0,3,80478735.40888874,41848942.41262215,0.0,2414362.0622666623,72026.13045361849,35965356.78136483,0.805947739092763
2024-08-25,237,A,10000.0,10447.486646406678,282278.74400847347,11517.723775214734,10948.895950955042,11657.085560026548,11088.257735766856,11517.723775214734,0,S2,0,8,115177237.75214733,56934258.94496622,133059.09282920227,1727658.5662822102,72250.66131646596,56027731.74274475,0.805498677367068
2024-08-25,237,B,23750.0,25931.453919528783,416110.1068296947,7916.568600905393,8656.22412484994,3478.344589810831,4218.000113755377,7916.568600905393,0,S2,0,8,188018504.2715031,116859025.68547419,50616.00136506453,1187485.290135809,72250.66131646596,69433016.52638187,0.805498677367068
2024-08-25,237,C,5000.0,5165.148976962468,377270.84778360435,18800.19532801203,18053.006920194013,0.0,0.0,18053.006920194013,1,S2,0,8,90265034.60097006,46937817.99250443,0.0,2707951.038029102,72250.66131646596,40169744.06133645,0.805498677367068
2024-08-26,238,A,10000.0,10110.762797021787,435904.4993001122,11981.645313764919,12681.531258484578,11088.257735766856,11788.143680486515,11981.645313764919,0,S1,0,5,119816453.1376492,65943962.544119805,141457.72416583818,1797246.7970647379,72554.35690275162,51425327.216095954,0.8048912861944967
2024-08-26,238,B,25000.0,26691.872977599764,436635.438701228,8018.693824236288,7420.91241737801,4218.000113755377,3620.2187068971007,8018.693824236288,0,S1,0,5,200467345.6059072,100182317.63460314,43442.62448276521,1202804.073635443,72554.35690275162,98529591.47758187,0.8048912861944967
2024-08-26,238,C,5000.0,5448.970675872331,285640.34567672934,19989.305383117717,18039.25744691862,0.0,0.0,18039.25744691862,1,S1,0,5,90196287.2345931,46902069.36198841,0.0,2705888.6170377927,72554.35690275162,40230134.55298741,0.8048912861944967
2024-08-27,239,A,10000.0,10390.932408957995,123920.48370901572,12585.496544335398,13104.348124603326,11788.143680486515,12306.995260754444,12585.496544335398,0,S1,0,5,125854965.44335398,68142610.24793729,147683.94312905334,1887824.4816503096,72888.05729992887,55480038.229628384,0.8042238854001423
2024-08-27,239,B,25000.0,25335.93826280855,464309.85587263905,7067.484174155824,7287.822961071022,3620.2187068971007,3840.557493812298,7067.484174155824,0,S1,0,5,176687104.3538956,98385609.9744588,46086.689925747574,1060122.6261233736,72888.05729992887,76658087.15021512,0.8042238854001423
2024-08-27,239,C,5000.0,5000.475097523545,483369.92149858695,19957.416501863514,18024.88092986109,0.0,0.0,18024.88092986109,1,S1,0,5,90124404.64930545,46864690.41763884,0.0,2703732.1394791636,72888.05729992887,39999724.11338893,0.8042238854001423
2024-08-28,240,A,9700.0,10571.426998181352,453939.0369057526,14163.43875869717,14592.928573934114,12306.995260754444,12736.485075991388,14163.43875869717,0,S1,0,5,137385355.95936254,75883228.5844574,152837.82091189665,2124515.8138045752,73140.06660593527,58697694.63667698,0.8037198667881296
2024-08-28,240,B,25000.0,25112.314077136125,330367.71052910644,7820.939338765733,7727.677455168018,3840.557493812298,3747.2956102145836,7820.939338765733,0,S1,0,5,195523483.46914333,104323645.64476825,44967.547322575,1173140.90081486,73140.06660593527,89578221.5991026,0.8037198667881296
2024-08-28,240,C,5000.0,5177.53286842763,218421.49112320438,19877.329141872644,18013.40004950866,0.0,0.0,18013.40004950866,1,S1,0,5,90067000.24754329,46834840.12872251,0.0,2702010.0074262987,73140.06660593527,40238588.55366534,0.8037198667881296
2024-08-29,241,A,10000.0,10348.596240676627,461730.4736233889,11405.459941521014,10398.449725375604,12736.485075991388,11729.474859845977,11405.459941521014,0,S1,0,5,114054599.41521014,54071938.57195314,140753.69831815173,1710818.991228152,73410.34238414114,57595947.33770317,0.8031793152317176
2024-08-29,241,B,24250.0,25847.835555808,243997.11791205173,7687.108051445013,7136.575980720907,3747.2956102145836,3196.7635394904773,7687.108051445013,0,S1,0,5,186412370.24754158,96343775.73973225,38361.16247388573,1153066.207716752,73410.34238414114,88559759.67732249,0.8031793152317176
2024-08-29,241,C,5000.0,5246.385196531927,384060.975154397,21021.773814824555,18002.156783021,0.0,0.0,18002.156783021,1,S1,0,5,90010783.915105,46805607.6358546,0.0,2700323.51745315,73410.34238414114,40047381.444258705,0.8031793152317176
2024-08-30,242,A,10000.0,10173.4497086325,458473.4671886172,10833.523358064183,10187.821163705365,11729.474859845977,11083.772665487159,10833.523358064183,0,S1,0,5,108335233.58064184,52976670.0512679,133005.2719858459,1625028.5037096275,73698.59291896768,53068357.693570875,0.8026028141620646
2024-08-30,242,B,24250.0,24992.16986978497,366452.5455651886,7350.957145666543,6697.462390796085,3196.7635394904773,2543.2687846200197,7350.957145666543,0,S1,0,5,178260710.78241366,90415742.27574715,30519.225415440236,1102643.5718499813,73698.59291896768,86271654.57091694,0.8026028141620646
2024-08-30,242,C,5000.0,5106.034091412834,291654.03698516486,18317.14770927518,17988.76476147385,0.0,0.0,17988.76476147385,1,S1,0,5,89943823.80736925,46770788.37983201,0.0,2698314.7142210775,73698.59291896768,40109368.08341203,0.8026028141620646
2024-08-31,243,A,10000.0,10446.99258827459,405568.20272585197,11539.011058749262,10835.794829929497,11083.772665487159,10380.556436667392,11539.011058749262,0,S1,0,5,115390110.58749261,56346133.11563338,124566.67724000869,1730851.6588123892,74127.62289335129,56708863.31018764,0.8017447542132974
2024-08-31,243,B,25000.0,26197.60895913566,265272.2291742378,7888.401597207487,8250.525042173525,2543.2687846200197,2905.3922295860593,7888.401597207487,0,S1,0,5,197210039.93018717,111382088.0693426,34864.70675503271,1183260.239581123,74127.62289335129,84270427.06244083,0.8017447542132974
2024-08-31,243,C,4750.0,4999.895370423773,336458.87477476604,21549.052318272526,17968.96046096013,0.0,0.0,17968.96046096013,1,S1,0,5,85352562.18956062,46719297.19849634,0.0,2695344.0691440194,74127.62289335129,35527334.424252145,0.8017447542132974
2024-09-01,244,A,10000.0,9897.228169198648,319845.45488812437,10804.879708310436,11688.446707628,10380.556436667392,11264.123435984955,10804.879708310436,0,S3,0,3,108048797.08310436,60779922.8796656,135169.48123181946,1620731.9562465656,74444.6310126797,45118682.680059575,0.8011107379746406
2024-09-01,244,B,25000.0,25045.855641033202,335461.0607969239,6401.581949693288,6890.602023476096,2905.3922295860593,3394.4123033688675,6401.581949693288,0,S3,0,3,160039548.7423322,93023127.3169273,40732.94764042641,960237.2924539932,74444.6310126797,65605545.493500866,0.8011107379746406
2024-09-01,244,C,5000.0,5041.429391721934,317643.6458886746,19014.347437322936,17597.767490567872,0.0,0.0,17597.767490567872,1,S3,0,3,87988837.45283936,45754195.475476466,0.0,2639665.123585181,74444.6310126797,39202888.576876365,0.8011107379746406
2024-09-02,245,A,9500.0,10118.737086299607,346105.6351375414,12770.908977288887,13584.828439889803,11264.123435984955,12078.04289858587,12770.908977288887,0,S3,0,3,121323635.28424443,70641107.88742697,144936.51478303043,1915636.3465933332,74787.46381435818,48201061.436489195,0.8004250723712836
2024-09-02,245,B,24250.0,25306.565006448833,285084.8674379296,7214.103612850271,6874.386464272747,3394.4123033688675,3054.695154791343,7214.103612850271,0,S3,0,3,174942012.61161909,92804217.26768208,36656.34185749612,1082115.5419275407,74787.46381435818,80659151.12889968,0.8004250723712836
2024-09-02,245,C,4750.0,5068.590232305541,443587.3318474683,22105.681570086967,17938.82061667889,0.0,0.0,17938.82061667889,1,S3,0,3,85209397.92922473,46640933.603365116,0.0,2690823.0925018336,74787.46381435818,35359266.43769596,0.8004250723712836
2024-09-03,246,A,10000.0,10365.564288509391,391102.1115412849,12495.060241669713,12078.630788989627,12078.04289858587,11661.613445905785,12495.060241669713,0,S1,0,5,124950602.41669713,62808880.10274606,139939.3613508694,1874259.036250457,75190.72793819693,59661231.076870255,0.7996185441236061
2024-09-03,246,B,25000.0,24796.487163933027,250509.06067443345,7005.825412326954,7628.281071032544,3054.695154791343,3677.1508134969336,7005.825412326954,0,S1,0,5,175145635.30817387,102981794.45893934,44125.8097619632,1050873.8118490432,75190.72793819693,70743141.4390109,0.7996185441236061
2024-09-03,246,C,5000.0,5215.026681655377,379405.7471471282,20524.166352734126,17920.488092836065,0.0,0.0,17920.488092836065,1,S1,0,5,89602440.46418032,46593269.04137377,0.0,2688073.2139254096,75190.72793819693,39866501.73379582,0.7996185441236061
2024-09-04,247,A,10000.0,10583.928802470879,202284.70144075016,11908.477561200518,11939.017664542935,11661.613445905785,11692.1535492482,11908.477561200518,0,S2,0,8,119084775.61200517,62082891.85562326,140305.8425909784,1786271.6341800776,75478.67791950515,54797542.9002506,0.7990426441609897
2024-09-04,247,B,25000.0,25963.964107464366,454260.0463628543,7300.886498918395,6884.356701279439,3677.1508134969336,3260.621015857978,7300.886498918395,0,S2,0,8,182522162.47295988,92938815.46727243,39127.452190295735,1095132.9748377593,75478.67791950515,87919347.85437703,0.7990426441609897
2024-09-04,247,C,5000.0,5027.784132016819,256605.76603205252,20591.951210969983,17906.960113043806,0.0,0.0,17906.960113043806,1,S2,0,8,89534800.56521903,46558096.29391389,0.0,2686044.016956571,75478.67791950515,39958575.81039701,0.7990426441609897
2024-09-05,248,A,10000.0,10073.129731550298,315800.13732873707,11753.846895855746,11776.337923644538,11692.1535492482,11714.644577036994,11753.846895855746,0,S1,0,5,117538468.95855746,61236957.202951595,140575.73492444394,1763077.034378362,75768.3085116461,54006290.54046267,0.7984633829767078
2024-09-05,248,B,25000.0,25691.650990285674,471441.455289133,7583.753801880943,7839.267330253388,3260.621015857978,3516.1345442304228,7583.753801880943,0,S1,0,5,189593845.04702356,105830108.95842074,42193.61453076507,1137563.0702821414,75768.3085116461,82036769.63998912,0.7984633829767078
2024-09-05,248,C,4850.0,4988.712601070306,469837.02132745954,22164.562651660573,17893.88038767796,0.0,0.0,17893.88038767796,1,S1,0,5,86785319.8802381,46524089.007962696,0.0,2684082.058151694,75768.3085116461,37031543.48428461,0.7984633829767078
2024-09-06,249,A,9500.0,10369.511420553374,342854.4780084036,13605.033838449357,13806.336814122611,11714.644577036994,11915.94755271025,13605.033838449357,0,S1,0,5,129247821.4652689,71792951.43343757,142991.370632523,2040755.0757674035,76028.52529118797,54852240.5821318,0.797942949417624
2024-09-06,249,B,25000.0,25369.68908815324,224232.15303092753,7399.591908398368,7056.201820748403,3516.1345442304228,3172.744456580458,7399.591908398368,0,S1,0,5,184989797.7099592,95258724.58010344,38072.9334789655,1109938.7862597553,76028.52529118797,88282800.73179492,0.797942949417624
2024-09-06,249,C,5000.0,5178.498556368383,165138.9012259083,19627.982804633073,17882.04397263636,0.0,0.0,17882.04397263636,1,S1,0,5,89410219.86318178,46493314.32885453,0.0,2682306.595895454,76028.52529118797,39993431.5119147,0.797942949417624
2024-09-07,250,A,9700.0,10455.614364592398,161873.77986343022,12353.795886744156,12093.519171212503,11915.94755271025,11655.670837178597,12353.795886744156,0,S3,1,8,119831820.10141832,62886299.69030502,139868.05004614318,1853069.3830116233,76417.23361556556,54714291.964576535,0.7971655327688687
2024-09-07,250,B,25000.0,25300.91017696189,433345.0597345632,7332.4785029987725,6965.121618946985,3172.744456580458,2805.3875725286707,7332.4785029987725,0,S3,1,8,183311962.57496932,94029141.8557843,33664.65087034405,1099871.775449816,76417.23361556556,87639521.99951474,0.7971655327688687
2024-09-07,250,C,5000.0,5027.238160965078,246685.00651648387,18225.372242162837,17863.68300998583,0.0,0.0,17863.68300998583,1,S3,1,8,89318415.04992916,46445575.82596316,0.0,2679552.4514978747,76417.23361556556,39870184.53233607,0.7971655327688687
2024-09-08,251,A,10000.0,10759.481649645935,470278.9067078338,11526.500626525389,11280.626518841298,11655.670837178597,11409.796729494507,11526.500626525389,0,S2,0,8,115265006.26525389,58659257.89797475,136917.56075393409,1728975.0939788083,76623.20206923972,54192953.603769325,0.7967535958615205
2024-09-08,251,B,25000.0,26158.49640458395,167069.75508806642,7124.100972653117,6767.600713536753,2805.3875725286707,2448.887313412306,7124.100972653117,0,S2,0,8,178102524.31632793,91362609.63274616,29386.64776094767,1068615.1458979675,76623.20206923972,85398219.93276556,0.7967535958615205
2024-09-08,251,C,5000.0,5195.252806866253,283649.44682541897,17809.519765182224,17855.73737708836,0.0,46.21761190613688,17809.519765182224,0,S2,0,8,89047598.82591112,46424917.180429734,554.6113428736426,2671427.9647773337,76623.20206923972,39590426.42046651,0.7967535958615205
2024-09-09,252,A,9500.0,10229.352509521465,226464.59232082794,12598.081238179231,12717.13792854544,11409.796729494507,11528.853419860716,12598.081238179231,0,S2,0,8,119681771.76270269,66129117.22843629,138346.2410383286,1889712.1857268848,76803.3673067415,51221328.14787361,0.7963932653865171
2024-09-09,252,B,24250.0,25060.23707526002,222331.66226593067,7712.177541739718,7038.700810088275,2448.887313412306,1775.4105817608615,7712.177541739718,0,S2,0,8,187020305.38718817,95022460.93619171,21304.92698113034,1156826.6312609578,76803.3673067415,90520577.8631817,0.7963932653865171
2024-09-09,252,C,4850.0,5265.500900350694,185675.0505750012,23039.878294645467,17847.434950487906,46.21761190613688,0.0,17893.652562394043,1,S2,0,8,86784214.92761111,46403330.871268556,0.0,2684047.8843591064,76803.3673067415,37434357.75410171,0.7963932653865171
2024-09-10,253,A,10000.0,10350.82953079615,241917.4428957529,11597.16442236842,10764.192977336417,11528.853419860716,10695.881974828713,11597.16442236842,0,S3,0,3,115971644.22368419,55973803.48214937,128350.58369794456,1739574.663355263,76974.27134962477,57811023.78023624,0.7960514573007504
2024-09-10,253,B,25000.0,25957.71472987725,461568.05927928636,7605.7993839986775,7644.526063861672,1775.4105817608615,1814.137261623855,7605.7993839986775,0,S3,0,3,190144984.59996694,103201101.86213256,21769.64713948626,1140869.9075998017,76974.27134962477,85242700.85246617,0.7960514573007504
2024-09-10,253,C,5000.0,5106.641216354665,146208.47747037504,19312.627966735425,17839.09100524969,0.0,0.0,17839.09100524969,1,S3,0,3,89195455.02624846,46381636.6136492,0.0,2675863.6507874536,76974.27134962477,39914772.01299181,0.7960514573007504
2024-09-11,254,A,10000.0,10000.152751312646,434561.8131749605,12407.667667010503,12572.325800518227,10695.881974828713,10860.54010833644,12407.667667010503,0,S3,0,3,124076676.67010503,65376094.16269478,130326.48130003727,1861150.1500515754,77283.83509143739,56197260.22779223,0.7954323298171252
2024-09-11,254,B,25000.0,25849.40158408554,168756.7181508097,7476.487896423783,7370.892254108207,1814.137261623855,1708.5416193082783,7476.487896423783,0,S3,0,3,186912197.41059458,99507045.4304608,20502.49943169934,1121473.1844635676,77283.83509143739,86017135.74299628,0.7954323298171252
2024-09-11,254,C,5000.0,5147.513181250216,273981.3853161604,21244.943640724316,17825.73090099361,0.0,0.0,17825.73090099361,1,S3,0,3,89128654.50496805,46346900.34258339,0.0,2673859.6351490417,77283.83509143739,39756629.30682802,0.7954323298171252
2024-09-12,255,A,10000.0,10270.54751483744,372406.7866507901,12254.434233390617,11750.484642710904,10860.54010833644,10356.590517656725,12254.434233390617,0,S2,0,8,122544342.33390617,61102520.1420967,124279.0862118807,1838165.1350085926,77628.22757303467,59029342.95636517,0.7947435448539306
2024-09-12,255,B,25000.0,24976.48646323031,477257.72295660625,6941.113806187966,6635.896911575488,1708.5416193082783,1403.3247246958008,6941.113806187966,0,S2,0,8,173527845.15469915,89584608.3062691,16839.89669634961,1041167.0709281948,77628.22757303467,82330343.93027586,0.7947435448539306
2024-09-12,255,C,4850.0,5064.0075987963655,486677.69764117483,22683.718376434783,17810.03087491856,0.0,0.0,17810.03087491856,1,S2,0,8,86378649.74335502,46306080.27478826,0.0,2671504.631237784,77628.22757303467,36836758.91211477,0.7947435448539306
2024-09-13,256,A,10000.0,10014.246173103782,228597.20122154156,11656.430233020366,11502.393320910931,10356.590517656725,10202.55360554729,11656.430233020366,0,S2,0,8,116564302.33020367,59812445.26873684,122430.64326656747,1748464.534953055,77962.86868282786,54574401.81334283,0.7940742626343442
2024-09-13,256,B,25000.0,25057.037974535113,136373.92843079145,6620.6002934297285,6063.065872111532,1403.3247246958008,845.7903033776047,6620.6002934297285,0,S2,0,8,165515007.33574322,81851389.27350569,10149.483640531256,993090.0440144592,77962.86868282786,82446041.73746891,0.7940742626343442
2024-09-13,256,C,4750.0,5107.258256426309,362290.1890932524,21407.82688163399,17795.130076031197,0.0,0.0,17795.130076031197,1,S2,0,8,84526867.86114818,46267338.197681114,0.0,2669269.5114046796,77962.86868282786,35150007.0942863,0.7940742626343442
2024-09-14,257,A,10000.0,10821.86883002323,417432.80473278736,11539.31892614965,10429.736800838731,10202.55360554729,9092.971480236369,11539.31892614965,0,S3,0,3,115393189.2614965,54234631.364361405,109115.65776283643,1730897.8389224475,78281.47781963459,58822830.11789739,0.7934370443607308
2024-09-14,257,B,25000.0,25851.14166534914,320260.691064161,6709.084523658003,6123.280270813249,845.7903033776047,259.98605053285155,6709.084523658003,0,S3,0,3,167727113.09145007,82664283.65597887,3119.8326063942186,1006362.6785487004,78281.47781963459,83654804.75543231,0.7934370443607308
2024-09-14,257,C,5000.0,5025.289793993222,182810.24027062368,17657.88540659933,17780.80721100776,0.0,122.92180440843003,17657.88540659933,0,S3,0,3,88289427.03299664,46230098.748620175,1475.0616529011604,2648682.8109898996,78281.47781963459,39148078.693643406,0.7934370443607308
2024-09-15,258,A,10000.0,10364.512801987568,444068.06253966683,11311.984860881159,12352.740086798052,9092.971480236369,10133.726706153262,11311.984860881159,0,S2,0,8,113119848.60881159,64234248.45134987,121604.72047383914,1696797.7291321738,78625.6004437639,46544504.04487227,0.7927487991124721
2024-09-15,258,B,25000.0,26120.43286937713,471482.63795497484,7107.87892581443,7274.912562070115,259.98605053285155,427.019686788537,7107.87892581443,0,S2,0,8,177696973.14536074,98211319.58794655,5124.236241462444,1066181.8388721645,78625.6004437639,77864239.24390182,0.7927487991124721
2024-09-15,258,C,5000.0,5183.219016342388,266163.6724594105,17769.688292525818,17764.723010471138,122.92180440843003,117.95652235375019,17769.688292525818,0,S2,0,8,88848441.4626291,46188279.82722496,1415.4782682450023,2665453.2438788726,78625.6004437639,39648503.64035384,0.7927487991124721
2024-09-16,259,A,10000.0,10498.352053085211,102985.52816470718,11821.369943003685,11831.547857553403,10133.726706153262,10143.90462070298,11821.369943003685,0,S1,0,5,118213699.43003684,61524048.859277695,121726.85544843576,1773205.4914505528,78800.16605978807,54612932.52963567,0.7923996678804237
2024-09-16,259,B,25000.0,25346.808362948814,397436.60296492267,7006.464878259254,7425.6817974048745,427.019686788537,846.2366059341575,7006.464878259254,0,S1,0,5,175161621.95648134,100246704.2649658,10154.83927120989,1050969.7317388882,78800.16605978807,73377556.35148072,0.7923996678804237
2024-09-16,259,C,5000.0,5153.952849019449,158239.05531341254,18371.486179121282,17756.162106264423,117.95652235375019,0.0,17874.118628618173,1,S1,0,5,89370593.14309086,46166021.4762875,0.0,2681117.794292726,78800.16605978807,40286414.651137434,0.7923996678804237
2024-09-17,260,A,9700.0,10320.189442869867,480324.7373030733,13034.965895614334,13352.314098717932,10143.90462070298,10461.252823806577,13034.965895614334,0,S2,1,15,126439169.18745904,69432033.31333324,125535.03388567892,1955244.88434215,79132.60478981644,54366898.61380508,0.7917347904203671
2024-09-17,260,B,25000.0,26121.85962651849,244639.20892301193,7732.22669816523,7518.70201221359,846.2366059341575,632.7119199825174,7732.22669816523,0,S2,1,15,193305667.45413074,101502477.16488346,7592.543039790209,1159834.0047247845,79132.60478981644,90311991.92776987,0.7917347904203671
2024-09-17,260,C,5000.0,5279.456276104009,294470.91739553364,20582.508398607784,17741.23369912203,0.0,0.0,17741.23369912203,1,S2,1,15,88706168.49561015,46127207.61771727,0.0,2661185.054868304,79132.60478981644,39544172.30083922,0.7917347904203671
2024-09-18,261,A,10000.0,10498.869772257009,398083.7447600934,12723.49700716908,13306.90313643033,10461.252823806577,11044.658953067828,12723.49700716908,0,S2,0,8,127234970.0716908,69195896.30943772,132535.90743681393,1908524.5510753621,79402.3742735557,55520527.184707254,0.7911952514528886
2024-09-18,261,B,25000.0,24799.0939575973,146017.126144881,7424.259275263999,6946.194751092365,632.7119199825174,154.6473958108827,7424.259275263999,0,S2,0,8,185606481.8816,93773629.13974692,1855.7687497305924,1113638.8912896,79402.3742735557,90491938.5813953,0.7911952514528886
2024-09-18,261,C,5000.0,5197.745986959682,340420.1258141765,21291.32189696035,17728.579584724055,0.0,0.0,17728.579584724055,1,S2,0,8,88642897.92362027,46094306.92028254,0.0,2659286.9377086083,79402.3742735557,39469481.56554139,0.7911952514528886
2024-09-19,262,A,10000.0,10117.9480978512,105785.64584078913,11947.657787967459,11516.092828412608,11044.658953067828,10613.093993512979,11947.657787967459,0,S3,0,3,119476577.87967458,59883682.70774556,127357.12792215575,1792148.668195119,79519.01235014526,57488084.71762082,0.7909619752997095
2024-09-19,262,B,25000.0,25609.450225111377,373912.3673769381,7933.263974463938,7651.350771720196,154.6473958108827,0.0,7805.998167531078,1,S3,0,3,195149954.18827695,103293235.41822264,0.0,1170899.7251296618,79519.01235014526,90232387.66519757,0.7909619752997095
2024-09-19,262,C,4850.0,5274.234138321593,147869.42707500447,22335.721295142997,17723.317835689068,0.0,0.0,17723.317835689068,1,S3,0,3,85958091.50309198,46080626.37279157,0.0,2658497.6753533604,79519.01235014526,36991579.01552189,0.7909619752997095
2024-09-20,263,A,10000.0,10387.373706519582,494197.6503102339,11309.055910490497,11936.561857725173,10613.093993512979,11240.599940747656,11309.055910490497,0,S1,0,5,113090559.10490496,62070121.660170905,134887.19928897187,1696358.3865735745,79765.5225198893,48615228.68604139,0.7904689549602213
2024-09-20,263,B,25000.0,25810.328612662,377488.62883726886,6768.325606446281,7263.112687679731,0.0,494.7870812334495,6768.325606446281,0,S1,0,5,169208140.16115704,98052021.28367637,5937.444974801394,1015248.8409669421,79765.5225198893,69677678.44018178,0.7904689549602213
2024-09-20,263,C,5000.0,5134.550642043512,412436.17743303184,19579.84761188984,17713.02915517852,0.0,0.0,17713.02915517852,1,S1,0,5,88565145.7758926,46053875.80346415,0.0,2656954.373276778,79765.5225198893,39362113.899198756,0.7904689549602213
2024-09-21,264,A,10000.0,10676.344630478694,291172.3535825839,11589.317699607926,10512.574420014113,11240.599940747656,10163.856661153843,11589.317699607926,0,S2,0,8,115893176.99607925,54665386.984073386,121966.27993384612,1738397.6549411889,79943.91440926962,58996309.809138976,0.7901121711814607
2024-09-21,264,B,25000.0,25081.7270827976,152502.11949170826,6200.576934964936,5613.6896903225625,494.7870812334495,0.0,6108.476771556012,1,S2,0,8,152711919.2889003,75784810.8193546,0.0,916271.5157334018,79943.91440926962,75778390.91991131,0.7901121711814607
2024-09-21,264,C,5000.0,5094.004826349956,312537.2421081224,17528.8978538765,17705.06468570882,0.0,176.1668318323209,17528.8978538765,0,S2,0,8,87644489.2693825,46033168.18284293,2114.0019819878507,2629334.678081475,79943.91440926962,38587391.24995872,0.7901121711814607
2024-09-22,265,A,10000.0,10397.687326674217,234064.49973147537,11265.05182140465,11625.64915173177,10163.856661153843,10524.453991480961,11265.05182140465,0,S3,0,3,112650518.2140465,60453375.5890052,126293.44789777153,1689757.7732106973,80236.6170895447,50066790.287111804,0.7895267658209105
2024-09-22,265,B,25000.0,26703.702476058173,326935.4667381832,7167.401841101322,7566.975482687412,0.0,399.57364158609016,7167.401841101322,0,S3,0,3,179185046.02753305,102154169.01628007,4794.883699033082,1075110.2761651983,80236.6170895447,75543799.76756103,0.7895267658209105
2024-09-22,265,C,5000.0,5285.157712408483,265565.82175710145,19810.03622279299,17692.056974724124,176.1668318323209,0.0,17868.223806556445,1,S3,0,3,89341119.03278223,45999348.13428272,0.0,2680233.5709834667,80236.6170895447,40315734.88866939,0.7895267658209105
2024-09-23,266,A,9500.0,10173.679485943198,131626.8685854431,11834.515889365593,12432.085847864737,10524.453991480961,11122.023949980106,11834.515889365593,0,S2,0,8,112427900.94897313,64646846.40889663,133464.28739976126,1775177.383404839,80448.49602437398,45660337.50466208,0.789103007951252
2024-09-23,266,B,25000.0,25297.49058443836,279344.8643299048,6522.684687481524,6647.870388212537,399.57364158609016,524.7593423171038,6522.684687481524,0,S2,0,8,163067117.1870381,89746250.24086925,6297.112107805246,978402.7031222286,80448.49602437398,71976373.77058454,0.789103007951252
2024-09-23,266,C,5000.0,4947.931373751384,200881.71559699503,19357.54643713957,17683.208986502465,0.0,0.0,17683.208986502465,1,S2,0,8,88416044.93251233,45976343.36490641,0.0,2652481.3479753695,80448.49602437398,39505890.00800917,0.789103007951252
2024-09-24,267,A,10000.0,10231.123091688005,151125.81436885352,11856.438094974701,10726.858919679724,11122.023949980106,9992.444774685127,11856.438094974701,0,S1,0,5,118564380.94974701,55779666.38233457,119909.33729622152,1778465.714246205,80805.78391356734,60654407.91758759,0.7883884321728653
2024-09-24,267,B,25000.0,25382.06410899754,452171.710313055,7698.157038214752,8410.37147986337,524.7593423171038,1236.9737839657219,7698.157038214752,0,S1,0,5,192453925.9553688,113540014.9781555,14843.685407588662,1154723.5557322127,80805.78391356734,77211366.24184687,0.7883884321728653
2024-09-24,267,C,4850.0,5035.94399302074,445373.5024223483,20561.47154880896,17666.717994531766,0.0,0.0,17666.717994531766,1,S1,0,5,85683582.27347906,45933466.78578259,0.0,2650007.699179765,80805.78391356734,36573928.502180785,0.7883884321728653
2024-09-25,268,A,10000.0,10024.710527944813,256043.8849822878,12680.745071632973,11854.430729532063,9992.444774685127,9166.130432584217,12680.745071632973,0,S1,0,5,126807450.71632974,61643039.793566726,109993.56519101061,1902111.760744946,81215.19698427088,62815046.5148605,0.7875696060314582
2024-09-25,268,B,25000.0,25335.181036882554,154958.5797261106,7492.482982471,7637.677864351234,1236.9737839657219,1382.1686658459566,7492.482982471,0,S1,0,5,187312074.561775,103108651.16874166,16586.02399015148,1123872.44737065,81215.19698427088,82826791.14496215,0.7875696060314582
2024-09-25,268,C,4850.0,5311.806499105332,418928.4989393947,21520.156021531428,17648.43525831248,0.0,0.0,17648.43525831248,1,S1,0,5,85594911.00281551,45885931.67161244,0.0,2647265.2887468715,81215.19698427088,36561570.34653254,0.7875696060314582
2024-09-26,269,A,10000.0,10193.39211866888,262485.64560337603,12051.567534259759,12954.84404788902,9166.130432584217,10069.406946213481,12051.567534259759,0,S2,0,8,120515675.34259759,67365189.04902291,120832.88335456178,1807735.130138964,81532.18088314257,50877900.45359464,0.7869356382337148
2024-09-26,269,B,25000.0,25549.01580976721,109063.3363823367,7129.766965327479,6662.049515906929,1382.1686658459566,914.4512164254065,7129.766965327479,0,S2,0,8,178244174.13318697,89937668.46474354,10973.414597104878,1069465.0447991218,81532.18088314257,87035471.69178173,0.7869356382337148
2024-09-26,269,C,5000.0,5289.348244955849,474937.32853581174,18722.464349344238,17029.128100488695,0.0,0.0,17029.128100488695,1,S2,0,8,85145640.50244348,44275733.06127061,0.0,2554369.2150733043,81532.18088314257,37759068.716680616,0.7869356382337148
2024-09-27,270,A,10000.0,10075.434870492902,175484.71922845734,10933.639697235423,11912.514331931425,10069.406946213481,11048.281580909483,10933.639697235423,0,S2,0,8,109336396.97235423,61945074.52604341,132579.3789709138,1640045.9545853136,81724.4464186654,45361487.94710748,0.7865511071626692
2024-09-27,270,B,25000.0,25505.018569499396,425410.12457382825,6234.51830491152,6235.417412695345,914.4512164254065,915.3503242092311,6234.51830491152,0,S2,0,8,155862957.622788,84178135.07138716,10984.203890510773,935177.7457367281,81724.4464186654,70231526.0307811,0.7865511071626692
2024-09-27,270,C,5000.0,5073.16000831831,272521.7324479897,18489.755369272665,17626.423125028523,0.0,0.0,17626.423125028523,1,S2,0,8,88132115.62514262,45828700.12507416,0.0,2643963.4687542785,81724.4464186654,39305205.852447525,0.7865511071626692
2024-09-28,271,A,10000.0,10204.467127381895,484616.3481968795,11462.267289262229,10356.867356774865,11048.281580909483,9942.881648422117,11462.267289262229,0,S3,0,3,114622672.89262229,53855710.255229294,119314.5797810654,1719340.0933893344,82024.27220390206,58361667.34382182,0.7859514555921958
2024-09-28,271,B,25000.0,26019.696028932904,155330.13554870358,6932.389528541242,7328.820350357186,915.3503242092311,1311.7811460251742,6932.389528541242,0,S3,0,3,173309738.21353105,98939074.72982201,15741.37375230209,1039858.4292811863,82024.27220390206,73077709.27292293,0.7859514555921958
2024-09-28,271,C,5000.0,5216.685087350217,389315.3343260815,18768.01598991014,17613.35170733411,0.0,0.0,17613.35170733411,1,S3,0,3,88066758.53667055,45794714.43906868,0.0,2642002.7561001163,82024.27220390206,39158701.73497177,0.7859514555921958
2024-09-29,272,A,10000.0,10449.458664080894,166964.1407348496,11355.480317233101,11433.484836786183,9942.881648422117,10020.8861679752,11355.480317233101,0,S2,0,8,113554803.172331,59454121.15128815,120250.63401570241,1703322.0475849651,82334.72074579196,52027810.47796154,0.785330558508416
2024-09-29,272,B,24250.0,25703.398496923946,430974.8655151842,7459.693702544084,6760.944463042301,1311.7811460251742,613.0319065233916,7459.693702544084,0,S2,0,8,180897572.28669402,91272750.25107107,7356.3828782806995,1118954.0553816126,82334.72074579196,87985202.0111021,0.785330558508416
2024-09-29,272,C,4850.0,5084.077609849321,350044.02578738827,19989.309864547038,17598.999760651768,0.0,0.0,17598.999760651768,1,S2,0,8,85355148.83916107,45757399.3776946,0.0,2639849.9640977653,82334.72074579196,36525520.750835516,0.785330558508416
2024-09-30,273,A,9700.0,10619.499581903041,489190.0403526412,12509.792241878855,12482.18081433805,10020.8861679752,9993.274740434394,12509.792241878855,0,S1,0,5,121344984.7462249,64907340.23455786,119919.29688521272,1876468.8362818281,82658.96382694897,53869407.3743204,0.784682072346102
2024-09-30,273,B,25000.0,25767.814625486313,382181.2883757858,7723.225547614475,7000.693988830133,613.0319065233916,0.0,7613.725895353525,1,S1,0,5,190343147.38383812,94509368.84920679,0.0,1142058.8843030287,82658.96382694897,94226879.39812556,0.784682072346102
2024-09-30,273,C,5000.0,5220.331984926859,455892.39514194004,20833.584429553484,17584.130914413807,0.0,0.0,17584.130914413807,1,S1,0,5,87920654.57206903,45718740.377475895,0.0,2637619.637162071,82658.96382694897,39025743.19846218,0.784682072346102
2024-10-01,274,A,10000.0,9968.055172381763,234586.9663506908,11576.034319503347,11489.061056178489,9993.274740434394,9906.301477109535,11576.034319503347,0,S2,0,8,115760343.19503348,59743117.49212814,118875.61772531443,1736405.1479255022,82959.48286904907,53844398.48803478,0.7840810342619019
2024-10-01,274,B,25000.0,25789.881033510363,324268.307567471,6928.201845957787,6428.415675187415,0.0,0.0,6428.415675187415,1,S2,0,8,160710391.87968537,86783611.61503011,0.0,964262.3512781123,82959.48286904907,72555290.12294063,0.7840810342619019
2024-10-01,274,C,5000.0,5284.046273556256,223036.04576877193,19182.68830074955,17570.99671781539,0.0,0.0,17570.99671781539,1,S2,0,8,87854983.58907695,45684591.466320015,0.0,2635649.5076723085,82959.48286904907,39228747.0864468,0.7840810342619019
2024-10-02,275,A,9700.0,10030.557181928449,415102.36944824,12507.172355458832,12747.744440435436,9906.301477109535,10146.87356208614,12507.172355458832,0,S2,0,8,121319571.84795067,66288271.09026427,121762.48274503369,1876075.8533188247,83361.7119387869,52534998.34023552,0.7832765761224262
2024-10-02,275,B,25000.0,25080.37330596738,186495.3197211488,7040.274287897817,7380.061771882767,0.0,339.7874839849501,7040.274287897817,0,S2,0,8,176006857.19744542,99630833.92041735,4077.449807819401,1056041.1431846726,83361.7119387869,75046047.65237564,0.7832765761224262
2024-10-02,275,C,5000.0,5281.075458418741,375259.12061638216,20727.60991446653,17552.75304889018,0.0,0.0,17552.75304889018,1,S2,0,8,87763765.2444509,45637157.927114464,0.0,2632912.957333527,83361.7119387869,39035073.52744774,0.7832765761224262
2024-10-03,276,A,10000.0,10377.379570127161,284649.7464757386,12049.032062154583,11601.274261086408,10146.87356208614,9699.115761017965,12049.032062154583,0,S3,0,3,120490320.62154584,60326626.15764932,116389.38913221558,1807354.8093231875,83609.51087410087,57871691.00809127,0.7827809782517983
2024-10-03,276,B,25000.0,26059.96035951352,386657.2126983379,7881.6678847664425,7801.4216863152005,339.7874839849501,259.5412855337081,7881.6678847664425,0,S3,0,3,197041697.11916107,105319192.76525521,3114.4954264044973,1182250.1827149664,83609.51087410087,90066872.95219204,0.7827809782517983
2024-10-03,276,C,4850.0,5126.6530455037555,493702.04691597156,20851.109343216143,17541.71908043192,0.0,0.0,17541.71908043192,1,S3,0,3,85077337.54009482,45608469.609123,0.0,2631257.862064788,83609.51087410087,36260298.51111697,0.7827809782517983
2024-10-04,277,A,10000.0,10387.536979819095,359826.91163288703,11405.99850500255,11605.163614894436,9699.115761017965,9898.280870909854,11405.99850500255,0,S2,0,8,114059985.0500255,60346850.79745107,118779.37045091824,1710899.7757503826,84075.37398141235,51439552.82075882,0.7818492520371753
2024-10-04,277,B,25000.0,25092.06631945865,298396.5416540974,6676.108218843631,6589.891544635834,259.5412855337081,173.32461132591106,6676.108218843631,0,S2,0,8,166902705.4710908,88963535.85258377,2079.8953359109328,1001416.2328265447,84075.37398141235,76553201.57470906,0.7818492520371753
2024-10-04,277,C,4850.0,4992.760348829981,370335.60481410066,21123.167386084955,17519.90825191581,0.0,0.0,17519.90825191581,1,S2,0,8,84971555.02179168,45551761.45498111,0.0,2627986.2377873715,84075.37398141235,36337396.35022769,0.7818492520371753
2024-10-05,278,A,10000.0,10514.87439884344,446331.7150129967,11303.47768848854,11071.237833664189,9898.280870909854,9666.041016085503,11303.47768848854,0,S3,0,3,113034776.8848854,57570436.73505378,115992.49219302603,1695521.653273281,84383.37287609102,53122110.91647622,0.7812332542478179
2024-10-05,278,B,25000.0,24632.76159337881,221246.54135867997,6178.338660385804,5758.430952204886,173.32461132591106,0.0,5931.755563530797,1,S3,0,3,148293889.08826992,77738817.85476597,0.0,889763.3345296195,84383.37287609102,69359677.98473956,0.7812332542478179
2024-10-05,278,C,4850.0,4979.486863181701,295036.1911312372,19339.853000147436,17506.027156194952,0.0,0.0,17506.027156194952,1,S3,0,3,84904231.70754552,45515670.60610688,0.0,2625904.0734292427,84383.37287609102,36383237.46400207,0.7812332542478179
2024-10-06,279,A,10000.0,9836.174549326106,158454.1623684344,10845.375629127824,10843.267595642174,9666.041016085503,9663.932982599852,10845.375629127824,0,S1,0,5,108453756.29127824,56384991.4973393,115967.19579119823,1626806.3443691735,84789.96555158625,50082747.12585855,0.7804200688968275
2024-10-06,279,B,25000.0,25133.663423273505,278777.72615715046,6350.128415700659,6509.940719949848,0.0,159.81230424918886,6350.128415700659,0,S1,0,5,158753210.3925165,87884199.71932295,1917.7476509902663,952519.262355099,84789.96555158625,69551005.97147872,0.7804200688968275
2024-10-06,279,C,5000.0,4970.739549294284,398054.96747015405,18834.086916161843,17361.99489673027,0.0,0.0,17361.99489673027,1,S1,0,5,86809974.48365135,45141186.7314987,0.0,2604299.2345095403,84789.96555158625,38581643.58462137,0.7804200688968275
2024-10-07,280,A,9700.0,10584.758782748784,410027.91123596695,12392.250878290055,13117.612532077743,9663.932982599852,10389.294636387538,12392.250878290055,0,S1,0,5,120204833.51941353,68211585.16680427,124671.53563665046,1858837.6317435082,85152.79526663978,49514558.4787265,0.7796944094667204
2024-10-07,280,B,25000.0,25795.239840166927,146385.16006673302,7167.480869524963,7579.962459893005,159.81230424918886,572.2938946172308,7167.480869524963,0,S1,0,5,179187021.73812407,102329493.20855556,6867.526735406769,1075122.1304287445,85152.79526663978,75544000.91707097,0.7796944094667204
2024-10-07,280,C,4750.0,5180.652595466886,297454.5634256989,24259.96512836779,17471.505262238778,0.0,0.0,17471.505262238778,1,S1,0,5,82989649.9956342,45425913.681820825,0.0,2620725.7893358166,85152.79526663978,34560403.165785216,0.7796944094667204
2024-10-08,281,A,10000.0,10987.495436398738,145221.05841300217,11583.785533701723,12080.621592284957,10389.294636387538,10886.130694970774,11583.785533701723,0,S1,0,5,115837855.33701722,62819232.279881775,130633.5683396493,1737567.8300552585,85364.08712359294,50919836.51320395,0.7792718257528141
2024-10-08,281,B,25000.0,25934.86172187488,462980.92673436244,7746.948553155367,8400.05904058568,572.2938946172308,1225.4043820475435,7746.948553155367,0,S1,0,5,193673713.82888418,113400797.04790668,14704.852584570523,1162042.282973305,85364.08712359294,78547824.63156168,0.7792718257528141
2024-10-08,281,C,5000.0,5271.847642179856,118002.15495924439,20501.15098148244,17461.80941255732,0.0,0.0,17461.80941255732,1,S1,0,5,87309047.0627866,45400704.47264903,0.0,2619271.4118835977,85364.08712359294,39085704.93617112,0.7792718257528141
2024-10-09,282,A,9700.0,10141.58052031891,132982.20700438664,12884.69746281231,14003.195351858658,10886.130694970774,12004.628584017122,12884.69746281231,0,S3,0,3,124981565.38927941,72816615.82966502,144055.54300820548,1932704.6194218465,85741.36520556794,49869465.82497438,0.7785172695888641
2024-10-09,282,B,25000.0,25408.424466934535,415222.98495218426,6560.842325108898,5922.3045839888555,1225.4043820475435,586.8666409275011,6560.842325108898,0,S3,0,3,164021058.12772244,79951111.88384955,7042.399691130013,984126.3487663347,85741.36520556794,82577813.14525767,0.7785172695888641
2024-10-09,282,C,5000.0,4957.295153344603,471223.03839422733,19383.80746479967,17444.548531569664,0.0,0.0,17444.548531569664,1,S3,0,3,87222742.65784833,45355826.182081126,0.0,2616682.2797354497,85741.36520556794,38693269.79243195,0.7785172695888641
2024-10-10,283,A,10000.0,10381.192285584266,308211.9136551683,11476.068280443424,11760.364099084118,12004.628584017122,12288.924402657818,11476.068280443424,0,S2,0,8,114760682.80443424,61153893.31523741,147467.09283189382,1721410.2420665135,86034.87586412889,51343665.36477913,0.7779302482717421
2024-10-10,283,B,25000.0,25671.43702966434,345140.51182417094,6834.212177567905,6900.17296068331,586.8666409275011,652.8274240429055,6834.212177567905,0,S2,0,8,170855304.43919763,93152334.96922468,7833.929088514866,1025131.8266351857,86034.87586412889,76238828.32656094,0.7779302482717421
2024-10-10,283,C,5000.0,5183.58387145986,121530.16097664463,20097.84377696927,17431.70450192672,0.0,0.0,17431.70450192672,1,S2,0,8,87158522.5096336,45322431.705009475,0.0,2614755.6752890083,86034.87586412889,39013770.092494346,0.7779302482717421
2024-10-11,284,A,9500.0,10359.880732779306,342311.88498155744,12497.899332581972,12824.408713123965,12288.924402657818,12615.43378319981,12497.899332581972,0,S1,0,5,118730043.65952873,66686925.308244616,151385.2053983977,1874684.899887296,86371.99510855592,49588364.36590832,0.7772560097828881
2024-10-11,284,B,25000.0,25759.264222236365,205027.08498716075,6886.024645694506,7259.035897029582,652.8274240429055,1025.8386753779814,6886.024645694506,0,S1,0,5,172150616.14236265,97996984.60989936,12310.064104535777,1032903.6968541759,86371.99510855592,72817018.69140886,0.7772560097828881
2024-10-11,284,C,4850.0,5314.694017319809,378876.62854964123,21744.69588796391,17415.99765287424,0.0,0.0,17415.99765287424,1,S1,0,5,84467588.61644007,45281593.89747303,0.0,2612399.647931136,86371.99510855592,36108346.44737771,0.7772560097828881
2024-10-12,285,A,10000.0,10272.285232331244,437939.92953500804,10851.482492813124,11219.433004233184,12615.43378319981,12983.384294619867,10851.482492813124,0,S2,0,8,108514824.92813124,58341051.622012556,155800.6115354384,1627722.3739219685,86599.4966680881,47865710.89445818,0.7768010066638238
2024-10-12,285,B,25000.0,26519.974177813237,413696.9411756131,6865.296589212205,6899.849276701021,1025.8386753779814,1060.3913628667979,6865.296589212205,0,S2,0,8,171632414.7303051,93147965.23546378,12724.696354401574,1029794.4883818307,86599.4966680881,76941633.87226139,0.7768010066638238
2024-10-12,285,C,5000.0,5086.539090620999,344197.79258809244,16753.35526247685,17242.54844661814,0.0,489.19318414129157,16753.35526247685,0,S2,0,8,83766776.31238425,44830625.96120717,5870.318209695499,2513003.2893715273,86599.4966680881,35986479.45433968,0.7768010066638238
2024-10-13,286,A,10000.0,9614.680773956758,412569.21141887095,10578.379974695597,11284.727116753065,12983.384294619867,13689.731436677337,10578.379974695597,0,S3,0,3,105783799.74695598,58680581.00711594,164276.77724012805,1586756.9962043397,86768.3339945276,44852847.42098217,0.7764633320109449
2024-10-13,286,B,25000.0,26791.680186034326,334319.7022342532,7302.115369371922,6979.979402597172,1060.3913628667979,738.2553960920486,7302.115369371922,0,S3,0,3,182552884.23429805,94229721.93506183,8859.064753104583,1095317.3054057881,86768.3339945276,86797897.89284857,0.7764633320109449
2024-10-13,286,C,5000.0,5164.437861271309,171018.620911331,17232.454560790335,16539.03217449851,489.19318414129157,0.0,17028.2253586398,1,S3,0,3,85141126.793199,43001483.65369612,0.0,2554233.80379597,86768.3339945276,39327622.38080105,0.7764633320109449
2024-10-14,287,A,10000.0,10413.258518952385,334717.703589501,11786.73964022801,11253.33456723244,13689.731436677337,13156.326363681768,11786.73964022801,0,S1,0,5,117867396.4022801,58517339.74960869,157875.9163641812,1768010.9460342014,87146.04876223141,57002306.03792131,0.7757079024755372
2024-10-14,287,B,25000.0,26384.768189203147,194244.09383912603,7437.77630202305,7029.9652345897075,738.2553960920486,330.4443286587057,7437.77630202305,0,S1,0,5,185944407.55057627,94904530.66696104,3965.331943904468,1115666.4453034576,87146.04876223141,89638854.96376652,0.7757079024755372
2024-10-14,287,C,5000.0,5013.801576294908,107747.62641235687,17628.995584390934,17380.334647310687,0.0,0.0,17380.334647310687,1,S1,0,5,86901673.23655343,45188870.08300778,0.0,2607050.197096603,87146.04876223141,38910859.28127446,0.7757079024755372
2024-10-15,288,A,9500.0,10377.023329954798,258669.0395700309,13504.155471291408,12375.526525616522,13156.326363681768,12027.697418006883,13504.155471291408,0,S2,0,8,128289476.97726837,64352737.93320592,144332.3690160826,2025623.320693711,87430.44327405047,61420683.871508576,0.775139113451899
2024-10-15,288,B,25000.0,25067.121168491067,143197.2458596244,7114.189565382767,7308.447146620097,330.4443286587057,524.7019098960354,7114.189565382767,0,S2,0,8,177854739.13456917,98664036.47937131,6296.422918752425,1067128.4348074151,87430.44327405047,77886650.10833801,0.775139113451899
2024-10-15,288,C,5000.0,5037.543280036156,331738.6377538438,19404.919601785943,17367.252552114394,0.0,0.0,17367.252552114394,1,S2,0,8,86836262.76057197,45154856.63549743,0.0,2605087.882817159,87430.44327405047,38657149.16122949,0.775139113451899
2024-10-16,289,A,10000.0,10262.345237181804,304399.7658246442,11517.787942119077,10556.849784695869,12027.697418006883,11066.759260583673,11517.787942119077,0,S3,0,3,115177879.42119077,54895618.88041852,132801.1111270041,1727668.1913178617,87750.82468800599,58029640.647814736,0.774498350623988
2024-10-16,289,B,24250.0,25598.671965201407,316593.7456666796,7669.4134632703945,8309.526903754411,524.7019098960354,1164.8153503800522,7669.4134632703945,0,S3,0,3,185983276.48430708,112178613.20068455,13977.784204560627,1150412.0194905591,87750.82468800599,72235928.90957274,0.774498350623988
2024-10-16,289,C,5000.0,5226.540883738734,194330.4907805667,20209.21640913341,17352.47907954883,0.0,0.0,17352.47907954883,1,S3,0,3,86762395.39774415,45116445.60682696,0.0,2602871.8619323242,87750.82468800599,38760996.61351629,0.774498350623988
2024-10-17,290,A,10000.0,10205.69694640915,108215.3256115316,11143.04093848061,11532.020320026519,11066.759260583673,11455.738642129583,11143.04093848061,0,S1,0,5,111430409.3848061,59966505.6641379,137468.863705555,1671456.1407720915,88139.31837289929,49458624.072206125,0.7737213632542013
2024-10-17,290,B,25000.0,25645.483051984324,122934.96136868623,6995.740891653899,6640.024909547913,1164.8153503800522,809.0993682740664,6995.740891653899,0,S1,0,5,174893522.29134747,89640336.27889682,9709.192419288796,1049361.1337480848,88139.31837289929,83983041.40654169,0.7737213632542013
2024-10-17,290,C,4850.0,5105.618911263098,352924.71572854376,20201.884110795265,17335.776387394122,0.0,0.0,17335.776387394122,1,S1,0,5,84078515.4788615,45073018.60722472,0.0,2600366.4581091185,88139.31837289929,35964066.37942622,0.7737213632542013
2024-10-18,291,A,10000.0,10252.001199440441,409338.9410424608,11844.600872516192,12823.558576418121,11455.738642129583,12434.696346031513,11844.600872516192,0,S3,0,3,118446008.72516192,66682504.59737423,149216.35615237814,1776690.1308774287,88342.24805411353,49339916.45166131,0.7733155038917728
2024-10-18,291,B,25000.0,26746.959110627162,293891.7018668657,7281.22814132674,7340.852110201298,809.0993682740664,868.7233371486245,7281.22814132674,0,S3,0,3,182030703.5331685,99101503.48771752,10424.680045783494,1092184.221199011,88342.24805411353,81444357.1942852,0.7733155038917728
2024-10-18,291,C,5000.0,5237.850469252193,376144.9247814736,19175.771885462134,17325.615716533426,0.0,0.0,17325.615716533426,1,S3,0,3,86628078.58266713,45046600.86298691,0.0,2598842.3574800137,88342.24805411353,38518148.18936462,0.7733155038917728
2024-10-19,292,A,10000.0,10181.97246088073,393000.16506950953,9964.310093682778,10364.302571582228,12434.696346031513,12834.688823930961,9964.310093682778,0,S3,0,3,99643100.93682778,53894373.37222759,154016.26588717152,1494646.5140524167,88540.01734802984,43618524.602243066,0.7729199653039404
2024-10-19,292,B,25000.0,24942.763123791272,479706.78510792693,6456.323056094052,6109.537055672114,868.7233371486245,521.9373367266862,6456.323056094052,0,S3,0,3,161408076.4023513,82478750.25157353,6263.248040720235,968448.4584141078,88540.01734802984,77386367.64186697,0.7729199653039404
2024-10-19,292,C,5000.0,5125.801146452454,109742.98951360292,18163.457479585566,16877.599572736806,0.0,0.0,16877.599572736806,1,S3,0,3,84387997.86368403,43881758.8891157,0.0,2531639.935910521,88540.01734802984,37776316.03179617,0.7729199653039404
2024-10-20,293,A,9700.0,10091.470259178699,270252.9773188726,11040.818709935882,10733.83236103621,12834.688823930961,12527.702475031287,11040.818709935882,0,S1,0,5,107095941.48637806,55815928.27738829,150332.42970037545,1656122.8064903824,88871.53997474883,49114433.455505386,0.7722569200505023
2024-10-20,293,B,25000.0,25681.194783443418,433899.1692669168,6693.204234202297,7356.860596287017,521.9373367266862,1185.5936988114063,6693.204234202297,0,S1,0,5,167330105.85505742,99317618.04987472,14227.124385736875,1003980.6351303445,88871.53997474883,66471509.33642496,0.7722569200505023
2024-10-20,293,C,4850.0,5057.813401016434,211552.0897830921,18873.87792572579,17302.548244563222,0.0,0.0,17302.548244563222,1,S1,0,5,83917358.98613162,44986625.43586438,0.0,2595382.2366844835,88871.53997474883,36034927.68382491,0.7722569200505023
2024-10-21,294,A,9700.0,9998.819481269684,138122.64180708406,11154.514966305265,11680.60904634861,12527.702475031287,13053.79655507463,11154.514966305265,0,S1,0,5,108198795.17316107,60739167.04101278,156645.55866089556,1673177.2449457897,88971.31502379662,45402711.37171073,0.7720573699524068
2024-10-21,294,B,25000.0,25200.59061845665,253116.62604556166,7068.488087913564,6673.050690100504,1185.5936988114063,790.1563009983456,7068.488087913564,0,S1,0,5,176712202.1978391,90086184.31635681,9481.875611980147,1060273.2131870347,88971.31502379662,85214174.85161394,0.7720573699524068
2024-10-21,294,C,5000.0,5411.969991985641,491157.92896756594,19886.63312089528,17298.44268417906,0.0,0.0,17298.44268417906,1,S1,0,5,86492213.4208953,44975950.97886556,0.0,2594766.402626859,88971.31502379662,38341366.79541152,0.7720573699524068
2024-10-22,295,A,10000.0,10676.138240178754,495276.84839887446,11267.534578818158,11954.173240640344,13053.79655507463,13740.435216896818,11267.534578818158,0,S2,0,8,112675345.78818159,62161700.85132979,164885.22260276182,1690130.1868227238,89341.8072253288,48074010.87180211,0.7713163855493423
2024-10-22,295,B,25000.0,25732.190529135543,342871.2056347387,7401.36686477587,8131.635014919606,790.1563009983456,1520.4244511420811,7401.36686477587,0,S2,0,8,185034171.61939678,109777072.70141467,18245.093413704973,1110205.0297163806,89341.8072253288,73696435.78199193,0.7713163855493423
2024-10-22,295,C,5000.0,5038.647480814077,335902.0955522424,18109.895290007153,17281.393378808705,0.0,0.0,17281.393378808705,1,S2,0,8,86406966.89404352,44931622.78490263,0.0,2592209.006821306,89341.8072253288,38457891.19954201,0.7713163855493423
2024-10-23,296,A,9700.0,10016.075148703745,108073.76744281578,11004.04470304134,10071.981066508508,13740.435216896818,12808.371580363988,11004.04470304134,0,S1,0,5,106739233.619501,52374301.54584424,153700.45896436786,1650606.705456201,89703.61374791713,52362847.52804545,0.7705927725041658
2024-10-23,296,B,25000.0,25679.72893487528,115075.87828602004,7808.067927735486,7856.48643143441,1520.4244511420811,1568.8429548410068,7808.067927735486,0,S1,0,5,195201698.19338715,106062566.82436454,18826.11545809208,1171210.1891603228,89703.61374791713,87744315.57237026,0.7705927725041658
2024-10-23,296,C,5000.0,5082.837167323935,377376.88723915047,20632.067048423753,17265.236015986746,0.0,0.0,17265.236015986746,1,S1,0,5,86326180.07993373,44889613.64156554,0.0,2589785.4023980116,89703.61374791713,38379700.53498311,0.7705927725041658
2024-10-24,297,A,10000.0,10558.797322489907,250225.36410005655,11007.578602560596,10172.84007099447,12808.371580363988,11973.633048797863,11007.578602560596,0,S3,0,3,110075786.02560596,52898768.36917125,143683.59658557436,1651136.7903840893,89955.54552582938,55042016.35983917,0.7700889089483411
2024-10-24,297,B,25000.0,25615.156774489857,176634.49398672677,6739.0490550987,6143.542056390891,1568.8429548410068,973.3359561331981,6739.0490550987,0,S3,0,3,168476226.37746748,82937817.76127703,11680.031473598377,1010857.3582648049,89955.54552582938,84249281.1869395,0.7700889089483411
2024-10-24,297,C,5000.0,5214.632703894592,343016.7106483312,20234.79005950941,17254.13687023049,0.0,0.0,17254.13687023049,1,S3,0,3,86270684.35115245,44860755.862599276,0.0,2588120.5305345734,89955.54552582938,38388835.70184445,0.7700889089483411
2024-10-25,298,A,10000.0,10214.109625592011,453701.34619015106,11675.51370034968,11555.830890632675,11973.633048797863,11853.950239080858,11675.51370034968,0,S1,0,5,116755137.0034968,60090320.63128991,142247.4028689703,1751327.055052452,90312.20567266367,54227228.362422645,0.7693755886546726
2024-10-25,298,B,25000.0,26083.229319937676,463808.5025220614,7576.186178323931,7894.23550292836,973.3359561331981,1291.385280737626,7576.186178323931,0,S1,0,5,189404654.45809826,106572179.28953286,15496.623368851513,1136427.9267485896,90312.20567266367,81126429.91025324,0.7693755886546726
2024-10-25,298,C,5000.0,5310.676354635124,103473.439385548,19123.726330303107,17238.591488938895,0.0,0.0,17238.591488938895,1,S1,0,5,86192957.44469447,44820337.87124113,0.0,2585788.7233408345,90312.20567266367,38593045.2050543,0.7693755886546726
2024-10-26,299,A,10000.0,10338.134876611013,142307.09350413084,12184.669053042506,12229.803517800698,11853.950239080858,11899.084703839048,12184.669053042506,0,S3,0,3,121846690.53042506,63594978.292563625,142789.01644606856,1827700.357956376,90497.14580085211,56048418.62415401,0.7690057083982957
2024-10-26,299,B,25000.0,26020.12258548013,300241.6899040349,6508.119009517758,6408.584091064757,1291.385280737626,1191.8503622846247,6508.119009517758,0,S3,0,3,162702975.23794395,86515885.22937422,14302.204347415496,976217.8514276637,90497.14580085211,74805831.11708976,0.7690057083982957
2024-10-26,299,C,5000.0,5112.394132835084,166468.075414252,17808.228746404435,17229.80997209867,0.0,0.0,17229.80997209867,1,S3,0,3,86149049.86049335,44797505.927456535,0.0,2584471.4958148003,90497.14580085211,38510107.216006905,0.7690057083982957
2024-10-27,300,A,10000.0,10763.89293474047,399327.1723614266,11798.397927066218,11974.75655181892,11899.084703839048,12075.44332859175,11798.397927066218,0,S1,0,5,117983979.27066219,62268734.06945839,144905.319943101,1769759.6890599327,90684.92611606912,53310568.09372327,0.7686301477678616
2024-10-27,300,B,25000.0,25817.84808807386,459064.88417364185,6885.4670370760905,7294.041856264123,1191.8503622846247,1600.4251814726576,6885.4670370760905,0,S1,0,5,172136675.92690226,98469565.05956566,19205.10217767189,1032820.0555614135,90684.92611606912,72065335.89930782,0.7686301477678616
2024-10-27,300,C,5000.0,5217.28227023409,190193.67453581988,17219.502478451304,17221.694147311242,0.0,2.1916688599376357,17219.502478451304,0,S1,0,5,86097512.39225653,44776404.78300923,26.30002631925163,2582925.3717676955,90684.92611606912,38457277.336801395,0.7686301477678616
2024-10-28,301,A,10000.0,9879.965561086612,456514.888702584,12299.900854803947,11170.1594966266,12075.44332859175,10945.701970414402,12299.900854803947,0,S2,0,8,122999008.54803948,58084829.38245832,131348.42364497282,1844985.1282205922,90974.7668026945,62390355.95821031,0.7680504663946109
2024-10-28,301,B,25000.0,25449.527179775356,365804.93605975294,7334.21991073107,6711.103959421245,1600.4251814726576,977.309230162833,7334.21991073107,0,S2,0,8,183355497.76827675,90599903.45218681,11727.710761953997,1100132.9866096606,90974.7668026945,91186953.91585587,0.7680504663946109
2024-10-28,301,C,5000.0,5295.448103414106,181967.9204443693,20165.090239934456,17208.02897310417,2.1916688599376357,0.0,17210.220641964108,1,S2,0,8,86051103.20982054,44740875.330070846,0.0,2581533.0962946163,90974.7668026945,38455752.09620801,0.7680504663946109
2024-10-29,302,A,10000.0,10312.71739915241,497737.451975905,11576.094280521831,11521.90481573527,10945.701970414402,10891.51250562784,11576.094280521831,0,S1,0,5,115760942.80521831,59913905.0418234,130698.15006753406,1736414.1420782746,91442.31027933974,53390745.70899386,0.7671153794413206
2024-10-29,302,B,25000.0,25673.35026761921,278540.3980936121,7639.604535662467,7094.280319648019,977.309230162833,431.98501414838483,7639.604535662467,0,S1,0,5,190990113.3915617,95772784.31524825,5183.820169780618,1145940.68034937,91442.31027933974,93696221.86742134,0.7671153794413206
2024-10-29,302,C,4750.0,5155.286698122664,104029.17792695954,23359.478238089992,17187.835947605934,0.0,0.0,17187.835947605934,1,S1,0,5,81642220.75112818,44688373.463775426,0.0,2578175.39214089,91442.31027933974,34180200.40700557,0.7671153794413206
2024-10-30,303,A,9500.0,10452.03074830654,343035.7799854182,14003.095391735063,13553.602666852075,10891.51250562784,10442.01978074485,14003.095391735063,0,S2,0,8,133029406.2214831,70478733.8676308,125304.2373689382,2100464.3087602593,91835.23834550593,59890032.78939217,0.7663295233089881
2024-10-30,303,B,25000.0,26021.595012647198,238678.30471052797,7175.376234917743,7098.954223368965,431.98501414838483,355.563002599607,7175.376234917743,0,S2,0,8,179384405.87294358,95835882.01548102,4266.756031195284,1076306.4352376615,91835.23834550593,82137437.12313767,0.7663295233089881
2024-10-30,303,C,5000.0,5121.237818232413,249364.15927139905,19974.24830907246,17169.19812226834,0.0,0.0,17169.19812226834,1,S2,0,8,85845990.6113417,44639915.11789768,0.0,2575379.7183402507,91835.23834550593,38289496.37748687,0.7663295233089881
2024-10-31,304,A,9700.0,10692.603338485094,354037.1148838823,13786.718820423386,12876.506350827965,10442.01978074485,9531.807311149427,13786.718820423386,0,S1,0,5,133731172.55810684,66957833.02430542,114381.68773379312,2068007.823063508,92078.45578446239,64144834.452335775,0.7658430884310751
2024-10-31,304,B,25000.0,26139.179010826756,498573.9962256894,7218.402207675714,6730.338162460802,355.563002599607,0.0,7085.901165060409,1,S1,0,5,177147529.12651023,90859565.19322082,0.0,1062885.1747590613,92078.45578446239,84634426.3065202,0.7658430884310751
2024-10-31,304,C,4850.0,5211.955362846162,330744.5992282075,21209.41527226411,17158.432814087857,0.0,0.0,17158.432814087857,1,S1,0,5,83218399.1483261,44611925.31662843,0.0,2573764.9221131788,92078.45578446239,35609885.85457182,0.7658430884310751
2024-11-01,305,A,10000.0,10302.545173632432,109311.7925929012,10462.037423778178,9777.852419187477,9531.807311149427,8847.622306558727,10462.037423778178,0,S1,1,10,104620374.23778178,50844832.57977488,106171.46767870474,1569305.6135667267,92428.69568225696,51898324.088486314,0.765142608635486
2024-11-01,305,B,25000.0,25701.80041339454,394425.6417229796,6653.1473849316335,7069.391282863499,0.0,416.24389793186583,6653.1473849316335,0,S1,1,10,166328684.62329084,95436782.31865723,4994.92677518239,997972.107739745,92428.69568225696,69402080.93271343,0.765142608635486
2024-11-01,305,C,5000.0,5239.564886703325,469719.36520578805,18713.59507088662,17142.223046384584,0.0,0.0,17142.223046384584,1,S1,1,10,85711115.23192292,44569779.92059992,0.0,2571333.4569576876,92428.69568225696,38007853.79347727,0.765142608635486
2024-11-02,306,A,10000.0,10377.874455831603,362325.0153036621,11504.306241103197,10727.74444734478,8847.622306558727,8071.060512800312,11504.306241103197,0,S2,0,8,115043062.41103198,55784271.12619285,96852.72615360374,1725645.9361654795,92709.14828777658,56981258.4589286,0.7645817034244468
2024-11-02,306,B,25000.0,26000.171678926028,141355.9599580872,6652.367225073707,6865.796691306236,416.24389793186583,629.673364164395,6652.367225073707,0,S2,0,8,166309180.62684268,92688255.3326342,7556.08036997274,997855.0837610561,92709.14828777658,72381449.02183159,0.7645817034244468
2024-11-02,306,C,5000.0,5218.664927921898,155802.76036249803,18540.726711268704,17129.429850632536,0.0,0.0,17129.429850632536,1,S2,0,8,85647149.25316268,44536517.611644596,0.0,2569414.4775948804,92709.14828777658,38292705.25527293,0.7645817034244468
2024-11-03,307,A,10000.0,10175.39420321366,477135.8714111631,10846.677816419455,9922.351331312775,8071.060512800312,7146.73402769363,10846.677816419455,0,S2,0,8,108466778.16419455,51596226.92282643,85760.80833232356,1627001.6724629183,93053.87070811464,54587599.018453605,0.7638922585837707
2024-11-03,307,B,25000.0,25381.490018165565,150679.7718861713,6779.512514454467,7389.863735591384,629.673364164395,1240.024585301312,6779.512514454467,0,S2,0,8,169487812.86136168,99763160.43048368,14880.295023615745,1016926.8771681701,93053.87070811464,68449111.61609194,0.7638922585837707
2024-11-03,307,C,5000.0,5140.487991811657,451811.02388591226,18980.00768851203,17113.57594055675,0.0,0.0,17113.57594055675,1,S2,0,8,85567879.70278376,44495297.44544756,0.0,2567036.391083513,93053.87070811464,37960680.97165866,0.7638922585837707
2024-11-04,308,A,10000.0,10397.231594692215,370386.36270202533,11421.3111242456,11056.150951475573,7146.73402769363,6781.573854923605,11421.3111242456,0,S1,0,5,114213111.242456,57491984.94767298,81378.88625908326,1713196.66863684,93246.00351281764,54462918.373672254,0.7635079929743647
2024-11-04,308,B,25000.0,26796.001520031718,295074.36484935624,8013.500416777653,7446.890598127563,1240.024585301312,673.4147666512217,8013.500416777653,0,S1,0,5,200337510.41944134,100533023.0747221,8080.977199814661,1202025.062516648,93246.00351281764,98206060.93664062,0.7635079929743647
2024-11-04,308,C,5000.0,5154.048961594662,315684.32091822824,19223.149087279773,17104.1385859977,0.0,0.0,17104.1385859977,1,S1,0,5,85520692.9299885,44470760.323594026,0.0,2565620.7878996553,93246.00351281764,38075381.49406378,0.7635079929743647
2024-11-05,309,A,10000.0,9869.283412942052,343844.54929399624,12116.876587948485,11120.413451935072,6781.573854923605,5785.1107189101895,12116.876587948485,0,S3,0,3,121168765.87948485,57826149.95006237,69421.32862692227,1817531.4881922728,93575.72791183603,61018242.835397445,0.762848544176328
2024-11-05,309,B,25000.0,26299.161598130075,197242.79095835926,8628.946129611384,8292.09694266754,673.4147666512217,336.56557970737776,8628.946129611384,0,S3,0,3,215723653.2402846,111943308.7260118,4038.786956488533,1294341.9194417077,93575.72791183603,102191145.2890044,0.762848544176328
2024-11-05,309,C,5000.0,5155.244150703798,468381.2749902898,21787.516943559174,17089.622523068414,0.0,0.0,17089.622523068414,1,S3,0,3,85448112.61534207,44433018.559977874,0.0,2563443.378460262,93575.72791183603,37889693.674001805,0.762848544176328
2024-11-06,310,A,10000.0,10095.701365252451,381611.50758893957,12382.962741313846,11291.880015272416,5785.1107189101895,4694.027992868758,12382.962741313846,0,S3,0,3,123829627.41313846,58717776.079416566,56328.33591442509,1857444.4111970768,93875.34291424067,62722591.73610722,0.7622493141715185
2024-11-06,310,B,25000.0,26184.744249633863,387080.6283557578,8423.209269499608,8801.204994322978,336.56557970737776,714.5613045307473,8423.209269499608,0,S3,0,3,210580231.7374902,118816267.4233602,8574.735654368968,1263481.3904249412,93875.34291424067,90010952.2167807,0.7622493141715185
2024-11-06,310,C,5000.0,5226.795754394547,125308.62059784989,21507.432317215855,17075.756901846173,0.0,0.0,17075.756901846173,1,S3,0,3,85378784.50923087,44396967.94480005,0.0,2561363.535276926,93875.34291424067,38201269.065641806,0.7622493141715185
2024-11-07,311,A,10000.0,10469.724753457935,118947.10501458921,12367.149373608181,13084.962065087044,4694.027992868758,5411.8406843476205,12367.149373608181,0,S1,0,5,123671493.73608181,68041802.73845263,64942.088212171446,1855072.4060412273,94025.18241407366,53496704.215947114,0.7619496351718527
2024-11-07,311,B,23750.0,25875.31333168585,226325.10884643375,7803.591247038892,7664.301622489653,714.5613045307473,575.271679981508,7803.591247038892,0,S1,0,5,185335292.1171737,103468071.90361032,6903.260159778096,1170538.6870558339,94025.18241407366,80369427.97508726,0.7619496351718527
2024-11-07,311,C,5000.0,5099.213943674086,434696.11504794174,19074.161508431618,17068.54173914877,0.0,0.0,17068.54173914877,1,S1,0,5,85342708.69574386,44378208.52178681,0.0,2560281.2608723156,94025.18241407366,37875497.61562272,0.7619496351718527
2024-11-08,312,A,10000.0,10416.008585420843,493535.8027770481,11525.433876848143,12575.259418665304,5411.8406843476205,6461.666226164783,11525.433876848143,0,S1,0,5,115254338.76848143,65391348.97705958,77539.9947139774,1728815.0815272215,94306.25513317958,47468792.65727043,0.7613874897336409
2024-11-08,312,B,25000.0,26048.16986703719,456133.89390814357,7069.22899671776,6793.835104367197,575.271679981508,299.877787630945,7069.22899671776,0,S1,0,5,176730724.917944,91716773.90895717,3598.5334515713403,1060384.349507664,94306.25513317958,83399527.97698629,0.7613874897336409
2024-11-08,312,C,5000.0,5070.387107291413,239061.89909792683,19058.91216533247,17055.529554510114,0.0,0.0,17055.529554510114,1,S1,0,5,85277647.77255057,44344376.841726296,0.0,2558329.433176517,94306.25513317958,38041573.343416646,0.7613874897336409
2024-11-09,313,A,10000.0,10081.50607512858,499621.624549552,12462.600387832885,12484.820413148587,6461.666226164783,6483.886251480486,12462.600387832885,0,S1,0,5,124626003.87832884,64921066.14837265,77806.63501776583,1869390.0581749326,94635.02372897897,57163484.38848496,0.760729952542042
2024-11-09,313,B,23750.0,25669.417975496734,422916.1699209536,7267.949787857589,6858.127583638606,299.877787630945,0.0,7158.005371269551,1,S1,0,5,170002627.56765184,92584722.37912118,0.0,1073700.8056904327,94635.02372897897,75826653.18919028,0.760729952542042
2024-11-09,313,C,5000.0,4975.328037702692,177257.53294203614,17592.696438421648,17041.63892335276,0.0,0.0,17041.63892335276,1,S1,0,5,85208194.6167638,44308261.20071717,0.0,2556245.8385029137,94635.02372897897,38071795.0208727,0.760729952542042
2024-11-10,314,A,10000.0,10035.263790227806,317885.1672884336,11950.468885285147,11386.439189474742,6483.886251480486,5919.856555670081,11950.468885285147,0,S3,0,3,119504688.85285147,59209483.78526866,71038.27866804098,1792570.332792772,94975.55822536883,58018735.730608195,0.7600488835492623
2024-11-10,314,B,25000.0,25336.4078746554,397008.43737099535,7503.462583554753,7742.553871196139,0.0,239.09128764138586,7503.462583554753,0,S3,0,3,187586564.58886883,104524477.26114787,2869.0954516966303,1125519.387533213,94975.55822536883,81441714.84913968,0.7600488835492623
2024-11-10,314,C,5000.0,5119.178027513558,177311.2655479573,17726.910471776213,17027.076908743526,0.0,0.0,17027.076908743526,1,S3,0,3,85135384.54371762,44270399.962733164,0.0,2554061.5363115286,94975.55822536883,38038636.2208996,0.7600488835492623
2024-11-11,315,A,10000.0,10366.187065058482,372720.3770967185,12332.596713858566,12982.343358235274,5919.856555670081,6569.603200046789,12332.596713858566,0,S1,0,5,123325967.13858566,67508185.46282342,78835.23840056147,1849889.5070787848,95253.02611936998,53421083.527066804,0.7594939477612599
2024-11-11,315,B,25000.0,25686.191783475322,340597.18538598926,7444.258949746156,8089.753094330694,239.09128764138586,884.5854322259238,7444.258949746156,0,S1,0,5,186106473.7436539,109211666.77346437,10615.025186711086,1116638.8424619234,95253.02611936998,75331702.89103553,0.7594939477612599
2024-11-11,315,C,5000.0,5236.652416012672,358672.67788153543,21814.821259391847,17014.439233602327,0.0,0.0,17014.439233602327,1,S1,0,5,85072196.16801164,44237542.00736605,0.0,2552165.885040349,95253.02611936998,37828562.571604334,0.7594939477612599
2024-11-12,316,A,10000.0,10302.100005535434,307300.3451043165,12371.443726571304,11341.06120549961,6569.603200046789,5539.220678975094,12371.443726571304,0,S2,0,8,123714437.26571304,58973518.268597975,66470.64814770114,1855716.5589856957,95542.35737494529,62415889.087502405,0.7589152852501094
2024-11-12,316,B,25000.0,25548.141652402122,168602.69522012558,7151.169071470289,7317.901552894944,884.5854322259238,1051.3179136505787,7151.169071470289,0,S2,0,8,178779226.78675723,98791670.96408175,12615.814963806944,1072675.3607205434,95542.35737494529,78638119.59439605,0.7589152852501094
2024-11-12,316,C,5000.0,5035.911356166768,413896.3391637794,20313.621459465165,17001.94443026117,0.0,0.0,17001.94443026117,1,S2,0,8,85009722.15130585,44205055.518679045,0.0,2550291.6645391756,95542.35737494529,37744936.27154891,0.7589152852501094
2024-11-13,317,A,10000.0,10202.687444826368,439137.2121588103,12871.005857189028,12808.680855965948,5539.220678975094,5476.8956777520125,12871.005857189028,0,S1,0,5,128710058.57189028,66605140.45102293,65722.74813302414,1930650.8785783541,95755.14891599042,59573652.13308117,0.7584897021680191
2024-11-13,317,B,24250.0,25708.24281375417,179052.85780233718,7772.564480819812,7266.558006890957,1051.3179136505787,545.3114397217232,7772.564480819812,0,S1,0,5,188484688.65988046,98098533.09302792,6543.737276660679,1165884.6721229719,95755.14891599042,88938919.15073459,0.7584897021680191
2024-11-13,317,C,5000.0,5160.589997158624,489290.2699235339,22698.777510158223,16992.663319731022,0.0,0.0,16992.663319731022,1,S1,0,5,84963316.5986551,44180924.63130066,0.0,2548899.4979596534,95755.14891599042,37648447.050555274,0.7584897021680191
2024-11-14,318,A,10000.0,10149.92153656492,458457.96045764803,13120.164228672424,13502.529262878394,5476.8956777520125,5859.260711957984,13120.164228672424,0,S3,0,3,131201642.28672424,70213152.16696765,70311.12854349581,1968024.6343008636,96061.08996269363,58395635.3064919,0.7578778200746126
2024-11-14,318,B,25000.0,25733.7485803065,151457.2766733898,7218.633797270906,6862.354696681664,545.3114397217232,189.03233913248096,7218.633797270906,0,S3,0,3,180465844.93177265,92641788.40520246,2268.3880695897715,1082795.0695906358,96061.08996269363,86491474.70227388,0.7578778200746126
2024-11-14,318,C,5000.0,5228.312941407494,275490.0273547239,22182.92661513145,16979.36268578758,0.0,0.0,16979.36268578758,1,S3,0,3,84896813.4289379,44146342.9830477,0.0,2546904.4028681368,96061.08996269363,37832014.92570464,0.7578778200746126
2024-11-15,319,A,10000.0,10410.166345485208,413084.8410926031,11924.953094121202,11141.717384042657,5859.260711957984,5076.025001879438,11924.953094121202,0,S1,0,5,119249530.94121201,57936930.397021815,60912.30002255325,1788742.9641181803,96348.95029666717,58953511.488660194,0.7573020994066656
2024-11-15,319,B,25000.0,25652.738676383353,337814.5362487025,7003.172155127092,6975.701467780531,189.03233913248096,161.56165178591982,7003.172155127092,0,S1,0,5,175079303.87817731,94171969.81503716,1938.7398214310379,1050475.8232690638,96348.95029666717,79420756.01350428,0.7573020994066656
2024-11-15,319,C,4850.0,5070.11822402891,484858.2878451979,21934.899307505417,16966.272329483592,0.0,0.0,16966.272329483592,1,S1,0,5,82286420.79799542,44112308.05665734,0.0,2544940.8494225387,96348.95029666717,35047964.65377368,0.7573020994066656
2024-11-16,320,A,10000.0,10456.67955353507,437128.523999642,11039.768559015407,11112.208801111774,5076.025001879438,5148.465243975805,11039.768559015407,0,S1,0,5,110397685.59015407,57783485.765781224,61781.582927709656,1655965.283852311,96635.82901848936,50362688.604574695,0.7567283419630213
2024-11-16,320,B,24250.0,25578.258115167104,471263.3810206706,7481.723903044134,7323.189452009888,161.56165178591982,3.027200751673263,7481.723903044134,0,S1,0,5,181431804.64882025,98863057.60213348,36.326409020079154,1122258.5854566202,96635.82901848936,80878552.92478196,0.7567283419630213
2024-11-16,320,C,5000.0,5056.295671061393,437145.94227669406,20084.411035289144,16953.428354223666,0.0,0.0,16953.428354223666,1,S1,0,5,84767141.77111833,44078913.72098153,0.0,2543014.25313355,96635.82901848936,37611432.025708064,0.7567283419630213
2024-11-17,321,A,10000.0,10268.283136865042,268433.66384448344,11251.111079617665,11060.464221356262,5148.465243975805,4957.818385714401,11251.111079617665,0,S2,0,8,112511110.79617666,57514413.95105256,59493.820628572816,1687666.6619426499,96894.63105514801,52884208.06765324,0.7562107378897039
2024-11-17,321,B,25000.0,25092.670565580895,272455.1425476961,7065.748439285695,6555.465609093774,3.027200751673263,0.0,6558.4928098454475,1,S2,0,8,163962320.2461362,88498785.72276595,0.0,983773.9214768171,96894.63105514801,74110410.82829058,0.7562107378897039
2024-11-17,321,C,5000.0,5059.826641671855,423167.36748327996,19967.336218164215,16941.915876035622,0.0,0.0,16941.915876035622,1,S2,0,8,84709579.38017811,44048981.277692616,0.0,2541287.3814053433,96894.63105514801,37599248.72254172,0.7562107378897039
2024-11-18,322,A,9700.0,10352.082731498394,181772.233228555,13464.303105544745,13690.873605012854,4957.818385714401,5184.388885182509,13464.303105544745,0,S2,1,13,130603740.12378402,71192542.74606684,62212.6666221901,2019645.4658317117,97147.78334612765,57050419.2286886,0.7557044333077447
2024-11-18,322,B,25000.0,26011.596588093977,370952.81027079216,7604.036253061399,7513.869884857464,0.0,0.0,7513.869884857464,1,S2,1,13,187846747.1214366,101437243.44557576,0.0,1127080.4827286196,97147.78334612765,84814322.5995153,0.7557044333077447
2024-11-18,322,C,4850.0,5060.218738665084,298655.6092264781,19490.723056386232,16930.001575973376,0.0,0.0,16930.001575973376,1,S2,1,13,82110507.64347087,44018004.097530775,0.0,2539500.2363960063,97147.78334612765,35157199.91697148,0.7557044333077447
2024-11-19,323,A,9700.0,10417.859805206534,490818.94881915156,13689.751380884878,14555.81205823479,5184.388885182509,6050.44956253242,13689.751380884878,0,S3,0,3,132790588.39458331,75690222.7028209,72605.39475038904,2053462.7071327318,97432.46154582122,54386046.179514326,0.7551350769083575
2024-11-19,323,B,25000.0,25062.559602452417,389933.8321305883,7972.751460341102,7710.761207668147,0.0,0.0,7710.761207668147,1,S3,0,3,192769030.19170368,104095276.30351998,0.0,1156614.181150222,97432.46154582122,87029773.41335706,0.7551350769083575
2024-11-19,323,C,5000.0,5106.2030675907135,403731.6853306598,22218.54186082366,16917.971681807023,0.0,0.0,16917.971681807023,1,S3,0,3,84589858.40903512,43986726.37269826,0.0,2537695.7522710534,97432.46154582122,37564272.13718932,0.7551350769083575
2024-11-20,324,A,10000.0,10452.182255235155,329709.24602710985,13664.157387096455,13467.973120076927,6050.44956253242,5854.265295512892,13664.157387096455,0,S1,0,5,136641573.87096456,70033460.22440003,70251.1835461547,2049623.6080644683,97635.35599815202,64060894.252928644,0.754729288003696
2024-11-20,324,B,25000.0,25463.562140783037,425687.06409251975,7482.51810651227,7973.1906982528335,0.0,490.6725917405638,7482.51810651227,0,S1,0,5,187062952.66280675,107638074.42641325,5888.071100886766,1122377.7159768404,97635.35599815202,77773290.0292251,0.754729288003696
2024-11-20,324,C,4850.0,4983.8752299974985,494264.76315550867,22665.415639704377,16909.540606519062,0.0,0.0,16909.540606519062,1,S1,0,5,82011271.94161744,43964805.57694956,0.0,2536431.090977859,97635.35599815202,34918135.15453637,0.754729288003696
2024-11-21,325,A,10000.0,10220.412475776217,432155.343070202,13767.657319762473,14083.431998930226,5854.265295512892,6170.039974680645,13767.657319762473,0,S2,0,8,137676573.19762474,73233846.39443718,74040.47969616775,2065148.5979643709,97911.70498370437,61773470.67747312,0.7541765900325912
2024-11-21,325,B,25000.0,25761.340351948085,406622.8774039591,8198.84612961267,7837.085719464425,490.6725917405638,128.91218159231903,8198.84612961267,0,S2,0,8,204971153.24031675,105800657.21276973,1546.9461791078284,1229826.9194419004,97911.70498370437,97434587.57953835,0.7541765900325912
2024-11-21,325,C,5000.0,5128.752324851154,494651.7573148607,22116.517431790206,16896.877955401444,0.0,0.0,16896.877955401444,1,S2,0,8,84484389.77700722,43931882.68404375,0.0,2534531.6933102165,97911.70498370437,37425411.93735469,0.7541765900325912
2024-11-22,326,A,9700.0,10287.694675376253,111058.81003507804,12208.638712439593,12200.867661781978,6170.039974680645,6162.26892402303,12208.638712439593,0,S3,0,3,118423795.51066406,63444511.84126629,73947.22708827636,1831295.806865939,98194.31081857442,52864787.5145899,0.7536113783628511
2024-11-22,326,B,24250.0,26073.998435287773,163784.9373173194,7695.643329135643,7201.388096822474,128.91218159231903,0.0,7330.300278414793,1,S3,0,3,177759781.75155872,97218739.3071034,0.0,1099545.041762219,98194.31081857442,79179518.15455721,0.7536113783628511
2024-11-22,326,C,5000.0,5275.836468337311,435864.37176471273,20943.6486321538,16884.606218480785,0.0,0.0,16884.606218480785,1,S3,0,3,84423031.09240392,43899976.16805004,0.0,2532690.9327721177,98194.31081857442,37456305.30899847,0.7536113783628511
2024-11-23,327,A,10000.0,10213.893824570898,234113.2082115699,11535.389412982553,11500.272241980172,6162.26892402303,6127.151753020651,11535.389412982553,0,S2,0,8,115353894.12982553,59801415.6582969,73525.82103624781,1730308.4119473828,98560.1225233461,53415970.907810085,0.7528797549533077
2024-11-23,327,B,25000.0,24720.69067202665,203745.804875847,6996.230241221729,6338.899024784167,0.0,0.0,6338.899024784167,1,S2,0,8,158472475.61960417,85575136.83458625,0.0,950834.853717625,98560.1225233461,71644198.0039011,0.7528797549533077
2024-11-23,327,C,5000.0,5188.762180147872,426515.90809959517,19935.108479610564,16868.31798351192,0.0,0.0,16868.31798351192,1,S2,0,8,84341589.9175596,43857626.75713099,0.0,2530247.697526788,98560.1225233461,37428639.43227888,0.7528797549533077
2024-11-24,328,A,9700.0,10366.533366417198,334107.6252455562,12740.49476635759,11648.9950306921,6127.151753020651,5035.65201735516,12740.49476635759,0,S1,0,5,123582799.23366861,60574774.15959892,60427.82420826192,1911074.2149536384,98799.14580097626,60603616.26386126,0.7524017083980474
2024-11-24,328,B,25000.0,25531.13014696026,206000.5344562649,7411.172891723649,6941.522517509164,0.0,0.0,6941.522517509164,1,S1,0,5,173538062.9377291,93710553.98637371,0.0,1041228.3776263746,98799.14580097626,78481480.89347176,0.7524017083980474
2024-11-24,328,C,5000.0,5125.422446570757,359603.41945288284,19291.30066755164,16857.11050431108,0.0,0.0,16857.11050431108,1,S1,0,5,84285552.5215554,43828487.31120881,0.0,2528566.575646662,98799.14580097626,37470096.069446065,0.7524017083980474
2024-11-25,329,A,10000.0,10431.193707527778,185777.00071138615,12046.951386770033,12768.05086061074,5035.65201735516,5756.751491195868,12046.951386770033,0,S1,0,5,120469513.86770034,66393864.47517584,69081.01789435041,1807042.708015505,98975.89403672199,51914772.77186653,0.752048211926556
2024-11-25,329,B,25000.0,26051.308614444464,268204.47707939474,7699.669543664817,7350.019561968544,0.0,0.0,7350.019561968544,1,S1,0,5,183750489.0492136,99225264.08657534,0.0,1102502.9342952815,98975.89403672199,83055541.65722685,0.752048211926556
2024-11-25,329,C,5000.0,5253.784790392154,369918.85591475706,22026.545517465966,16849.22691242057,0.0,0.0,16849.22691242057,1,S1,0,5,84246134.56210285,43807989.97229348,0.0,2527384.0368630853,98975.89403672199,37441865.8029948,0.752048211926556
2024-11-26,330,A,9500.0,10523.029371513107,193053.01942404025,15505.39959123548,14283.003150622822,5756.751491195868,4534.35505058321,15505.39959123548,0,S3,0,3,147301296.11673707,74271616.38323867,54412.26060699852,2325809.938685322,99142.82922610157,70357261.68555592,0.7517143415477968
2024-11-26,330,B,24250.0,25925.368890481648,444545.52156059496,8186.338843045765,8759.25521564433,0.0,572.9163725985654,8186.338843045765,0,S3,0,3,198518716.94385982,118249945.41119847,6874.996471182785,1227950.8264568648,99142.82922610157,78490257.3589466,0.7517143415477968
2024-11-26,330,C,5000.0,5088.354437605127,216653.7426154066,23289.703106975314,16841.47477921987,0.0,0.0,16841.47477921987,1,S3,0,3,84207373.89609934,43787834.42597166,0.0,2526221.2168829804,99142.82922610157,37577521.6814032,0.7517143415477968
2024-11-27,331,A,10000.0,10502.690202890728,471661.93006048055,14494.493458517667,14935.769750305848,4534.35505058321,4975.631342371391,14494.493458517667,0,S1,0,5,144944934.58517668,77666002.7015904,59707.57610845669,2174174.01877765,99478.33382058945,64473910.0248191,0.751043332358821
2024-11-27,331,B,24250.0,25163.477267379876,270684.6567632887,7601.56283545354,7642.635473318194,572.9163725985654,613.9890104632195,7601.56283545354,0,S1,0,5,184337898.75974834,103175578.88979562,7367.868125558634,1140234.425318031,99478.33382058945,79644554.58592525,0.751043332358821
2024-11-27,331,C,5000.0,5355.525889746934,247515.76375851245,20890.8629398143,16826.70335230631,0.0,0.0,16826.70335230631,1,S1,0,5,84133516.76153156,43749428.71599641,0.0,2524005.5028459467,99478.33382058945,37513088.445110105,0.751043332358821
2024-11-28,332,A,9700.0,10031.208825009617,281847.12962557195,13004.158685681017,13833.557148645521,4975.631342371391,5805.029805335893,13004.158685681017,0,S1,0,5,126140339.25110586,71934497.1729567,69660.35766403071,1950623.8028521526,99744.2594103216,51803966.52859707,0.7505114811793568
2024-11-28,332,B,25000.0,26613.819193050662,253376.35251113132,8407.609647512978,9118.900740147692,613.9890104632195,1325.2801030979335,8407.609647512978,0,S1,0,5,210190241.18782446,123105159.99199384,15903.361237175202,1261141.4471269466,99744.2594103216,85454915.77554505,0.7505114811793568
2024-11-28,332,C,4750.0,5100.157375959615,322023.0390889104,24634.590507375502,16815.24054717938,0.0,0.0,16815.24054717938,1,S1,0,5,79872392.59910205,43719625.422666386,0.0,2522286.0820769067,99744.2594103216,33208713.795859523,0.7505114811793568
2024-11-29,333,A,10000.0,10410.097219290225,280434.11846339057,12532.871104676802,12126.39684787946,5805.029805335893,5398.55554853855,12532.871104676802,0,S3,0,3,125328711.04676802,63057263.60897319,64782.6665824626,1879930.6657015204,100094.51562589327,59946205.47142156,0.7498109687482135
2024-11-29,333,B,25000.0,25930.386528138737,155817.4664824639,6634.2949010980465,7296.227282639124,1325.2801030979335,1987.2124846390107,6634.2949010980465,0,S3,0,3,165857372.52745116,98499068.31562817,23846.549815668128,995144.235164707,100094.51562589327,66083401.44473425,0.7498109687482135
2024-11-29,333,C,5000.0,5152.882984234068,343674.38150076696,20859.21247636903,16799.504516648285,0.0,0.0,16799.504516648285,1,S3,0,3,83997522.58324142,43678711.743285544,0.0,2519925.6774972426,100094.51562589327,37355116.26533197,0.7498109687482135
2024-11-30,334,A,9700.0,10264.161205957123,235530.5270087921,12603.244681632821,13032.041721056217,5398.55554853855,5827.3525879619465,12603.244681632821,0,S3,0,3,122251473.41183837,67766616.94949234,69928.23105554335,1890486.7022449232,100500.95497453939,52188410.04706223,0.7489980900509211
2024-11-30,334,B,25000.0,26397.66719624983,328402.2191758234,7684.830342780026,7971.033220923696,1987.2124846390107,2273.41536278268,7684.830342780026,0,S3,0,3,192120758.56950065,107608948.48246989,27280.98435339216,1152724.5514170039,100500.95497453939,82902901.37711,0.7489980900509211
2024-11-30,334,C,5000.0,5224.2541029453005,486038.8674475593,21362.5283991746,16782.306471041426,0.0,0.0,16782.306471041426,1,S3,0,3,83911532.35520713,43633996.82470771,0.0,2517345.970656214,100500.95497453939,37173649.7374211,0.7489980900509211
2024-12-01,335,A,9700.0,9998.132215682046,231328.84374788648,12034.470926210393,12768.067213815277,5827.3525879619465,6560.948875566828,12034.470926210393,0,S2,0,8,116734367.98424082,66393949.51183944,78731.38650680194,1805170.638931559,100862.17664576118,48124325.426569365,0.7482756467084776
2024-12-01,335,B,24250.0,26231.71110924974,247902.27302635662,8282.529263919252,8898.71267458975,2273.41536278268,2889.5987734531773,8282.529263919252,0,S2,0,8,200851334.65004188,120132621.10696162,34675.18528143813,1242379.3895878878,100862.17664576118,79092894.5185388,0.7482756467084776
2024-12-01,335,C,5000.0,5071.55442901838,395652.8978345659,20312.86899901118,16765.768271970817,0.0,0.0,16765.768271970817,1,S2,0,8,83828841.35985409,43590997.507124126,0.0,2514865.2407956226,100862.17664576118,37226463.53745401,0.7482756467084776
2024-12-02,336,A,9700.0,10146.965399034812,482604.63668214134,13729.518912666425,12982.263977536004,6560.948875566828,5813.6939404364075,13729.518912666425,0,S2,1,13,133176333.45286432,67507772.68318722,69764.32728523688,2059427.8368999637,101136.54461060042,62955627.424199164,0.7477269107787992
2024-12-02,336,B,25000.0,26204.989339404186,374587.6631689507,7897.2214428211755,8684.849288295976,2889.5987734531773,3677.226618927978,7897.2214428211755,0,S2,1,13,197430536.0705294,117245465.39199568,44126.71942713574,1184583.2164231762,101136.54461060042,78480636.53490384,0.7477269107787992
2024-12-02,336,C,5000.0,5118.597256405389,446847.1116862192,19055.46818362569,16753.112029023025,0.0,0.0,16753.112029023025,1,S2,1,13,83765560.14511512,43558091.27545986,0.0,2512966.8043534537,101136.54461060042,37146518.40900499,0.7477269107787992
2024-12-03,337,A,9700.0,10400.469929148334,419915.0018543219,15952.239061106273,15587.16934617549,5813.6939404364075,5448.624225505624,15952.239061106273,0,S1,0,5,154736718.89273083,81053280.60011254,65383.49070606749,2392835.859165941,101373.91503852158,70703930.02585344,0.7472521699229568
2024-12-03,337,B,25000.0,25170.478013517823,270026.34794918314,7897.067791767697,7806.9806870102275,3677.226618927978,3587.139514170509,7897.067791767697,0,S1,0,5,197426694.7941924,105394239.27463807,43045.674170046106,1184560.1687651544,101373.91503852158,90433449.41363142,0.7472521699229568
2024-12-03,337,C,5000.0,5182.872052073811,320150.2050351274,23415.83646368472,16742.590628636433,0.0,0.0,16742.590628636433,1,S1,0,5,83712953.14318217,43530735.63445473,0.0,2511388.594295465,101373.91503852158,37249304.794358335,0.7472521699229568
2024-12-04,338,A,10000.0,10240.555174191673,230752.13374301774,12897.28107181414,11973.944638604764,5448.624225505624,4525.287792296247,12897.28107181414,0,S3,0,3,128972810.7181414,62264512.12074477,54303.453507554965,1934592.160772121,101620.57352497382,64387030.27584896,0.7467588529500523
2024-12-04,338,B,25000.0,24960.991336397317,119316.74030816008,8012.140043177209,7445.3682449301,3587.139514170509,3020.3677159233994,8012.140043177209,0,S3,0,3,200303501.07943022,100512471.30655636,36244.41259108079,1201821.0064765813,101620.57352497382,98332027.03997307,0.7467588529500523
2024-12-04,338,C,5000.0,5169.917473869086,180141.1649043104,21350.54975246573,16731.800705934882,0.0,0.0,16731.800705934882,1,S3,0,3,83659003.52967441,43502681.8354307,0.0,2509770.105890232,101620.57352497382,37364789.8499242,0.7467588529500523
2024-12-05,339,A,10000.0,10699.902442987974,421835.7894496575,13324.97295289041,13126.155801752444,4525.287792296247,4326.470641158281,13324.97295289041,0,S3,0,3,133249729.5289041,68256010.16911271,51917.64769389937,1998745.9429335615,102012.96110094531,62419207.01861332,0.7459740777981094
2024-12-05,339,B,25000.0,26346.471838047648,339902.01948641427,7966.375591588917,8547.280334760886,3020.3677159233994,3601.2724590953685,7966.375591588917,0,S3,0,3,199159389.78972292,115388284.51927195,43215.26950914442,1194956.3387383376,102012.96110094531,82091018.68161611,0.7459740777981094
2024-12-05,339,C,5000.0,5204.7163011301955,476018.7704323611,22326.43918076504,16715.003030080497,0.0,0.0,16715.003030080497,1,S3,0,3,83575015.15040249,43459007.87820929,0.0,2507250.4545120746,102012.96110094531,37030725.086147815,0.7459740777981094
2024-12-06,340,A,10000.0,10546.153040722804,303361.382615208,11918.101717530379,12195.046812245046,4326.470641158281,4603.41573587295,11918.101717530379,0,S3,0,3,119181017.17530379,63414243.42367424,55240.9888304754,1787715.2576295568,102252.6466891509,53518203.47586515,0.7454947066216981
2024-12-06,340,B,25000.0,26457.06106169803,131886.23174697507,7950.786046732199,7754.7223157748385,3601.2724590953685,3405.208728138008,7950.786046732199,0,S3,0,3,198769651.16830498,104688751.26296031,40862.5047376561,1192617.9070098298,102252.6466891509,92613280.61516106,0.7454947066216981
2024-12-06,340,C,5000.0,5177.167248647313,248599.36884828954,20514.873224197865,16704.263998791375,0.0,0.0,16704.263998791375,1,S3,0,3,83521319.99395688,43431086.396857575,0.0,2505639.5998187065,102252.6466891509,37233741.98174316,0.7454947066216981
2024-12-07,341,A,10000.0,10351.947825195753,395943.1213075384,12427.500153535804,12788.101037923618,4603.41573587295,4964.016620260763,12427.500153535804,0,S3,0,3,124275001.53535804,66498125.39720281,59568.19944312916,1864125.0230303707,102598.55888508048,55354641.23548911,0.744802882229839
2024-12-07,341,B,24250.0,25334.5509827912,194743.23102605809,8114.584518051934,8053.738414668436,3405.208728138008,3344.3626247545108,8114.584518051934,0,S3,0,3,196778674.5627594,108725468.59802389,40132.35149705413,1217187.67770779,102598.55888508048,86498544.14561953,0.744802882229839
2024-12-07,341,C,5000.0,5352.465320836624,179994.0736761358,21385.996253956193,16688.437525126945,0.0,0.0,16688.437525126945,1,S3,0,3,83442187.62563473,43389937.56533006,0.0,2503265.6287690415,102598.55888508048,37266391.79897441,0.744802882229839
2024-12-08,342,A,10000.0,10428.48230599726,483362.80567118444,12480.761355598075,11568.2728513578,4964.016620260763,4051.528116020487,12480.761355598075,0,S1,0,5,124807613.55598076,60155018.827060565,48618.33739224584,1872114.2033397113,102850.42752130043,62145648.954995744,0.744299144957399
2024-12-08,342,B,25000.0,25764.45386566631,222556.45569997947,8021.163009134496,7342.732510742791,3344.3626247545108,2665.9321263628062,8021.163009134496,0,S1,0,5,200529075.2283624,99126888.89502768,31991.185516353675,1203174.4513701743,102850.42752130043,99841613.81322691,0.744299144957399
2024-12-08,342,C,4850.0,5259.55947439674,484552.31397887174,23945.63490458355,16677.662580008866,0.0,0.0,16677.662580008866,1,S1,0,5,80886663.513043,43361922.70802305,0.0,2501649.38700133,102850.42752130043,34435688.67651845,0.744299144957399
2024-12-09,343,A,9700.0,10392.274187299268,331023.82004740485,13814.004452437413,13060.975349984394,4051.528116020487,3298.499013567467,13814.004452437413,0,S1,1,11,133995843.1886429,67917071.81991884,39581.988162809605,2072100.667865612,103127.9316236946,63532936.96102454,0.7437441367526108
2024-12-09,343,B,25000.0,25132.095438504144,324351.72814414237,8304.956358580692,8053.662977450387,2665.9321263628062,2414.6387452325016,8304.956358580692,0,S1,1,11,207623908.9645173,108724450.19558023,28975.66494279002,1245743.4537871038,103127.9316236946,97197259.99043934,0.7437441367526108
2024-12-09,343,C,5000.0,5250.4490680222225,199090.9742949966,20947.46799630578,16664.968082704232,0.0,0.0,16664.968082704232,1,S1,1,11,83324840.41352116,43328917.015031,0.0,2499745.212405635,103127.9316236946,37193959.28016582,0.7437441367526108
2024-12-10,344,A,10000.0,9706.229272026749,291251.4628404591,13200.127320664711,12358.502712422072,3298.499013567467,2456.8744053248283,13200.127320664711,0,S3,0,3,132001273.20664711,64264214.104594775,29482.49286389794,1980019.0980997067,103405.08033685894,65332900.967911415,0.7431898393262821
2024-12-10,344,B,25000.0,25640.850222678862,378665.439996055,8550.964255281167,8423.319018481598,2414.6387452325016,2286.993508432932,8550.964255281167,0,S3,0,3,213774106.38202918,113714806.74950157,27443.92210119518,1282644.638292175,103405.08033685894,98267140.55180132,0.7431898393262821
2024-12-10,344,C,4750.0,5124.702555980205,267351.47587838484,23836.937183335176,16652.25259394794,0.0,0.0,16652.25259394794,1,S3,0,3,79098199.8212527,43295856.74426464,0.0,2497837.8890921907,103405.08033685894,32933748.631680626,0.7431898393262821
2024-12-11,345,A,10000.0,10507.801797423363,168277.33798124327,13545.542403796353,12360.826841761429,2456.8744053248283,1272.1588432899043,13545.542403796353,0,S2,0,8,135455424.03796354,64276299.577159435,15265.906119478852,2031831.3605694529,103671.19693043953,68860078.6592035,0.7426576061391209
2024-12-11,345,B,25000.0,25995.472146514607,220304.85925506998,7947.441103607369,7458.624788551032,2286.993508432932,1798.1771933765958,7947.441103607369,0,S2,0,8,198686027.5901842,100691434.64543894,21578.12632051915,1192116.1655411054,103671.19693043953,96456922.59669812,0.7426576061391209
2024-12-11,345,C,5000.0,5140.696543304681,233457.156114852,22129.516675030605,16640.17971152009,0.0,0.0,16640.17971152009,1,S2,0,8,83200898.55760045,43264467.249952234,0.0,2496026.956728013,103671.19693043953,37103275.997874916,0.7426576061391209
2024-12-12,346,A,10000.0,10313.537845265279,169072.2594315898,13146.027863566922,12810.614126949495,1272.1588432899043,936.745106672477,13146.027863566922,0,S1,1,14,131460278.63566922,66615193.460137375,11240.941280069725,1971904.1795350383,103997.2438303214,62588870.55145482,0.7420055123393572
2024-12-12,346,B,25000.0,25137.837923593193,162080.45771753063,7843.4021896911445,8544.823591992083,1798.1771933765958,2499.598595677534,7843.4021896911445,0,S1,1,14,196085054.7422786,115355118.49189311,29995.183148130407,1176510.3284536717,103997.2438303214,79257353.03723583,0.7420055123393572
2024-12-12,346,C,5000.0,5179.794613742254,303623.3736788062,22191.37979513032,16625.896316744187,0.0,0.0,16625.896316744187,1,S1,1,14,83129481.58372094,43227330.423534885,0.0,2493884.4475116283,103997.2438303214,37000646.0951653,0.7420055123393572
2024-12-13,347,A,9700.0,10414.638700691246,315970.0976375151,12819.728871009927,13715.275153206518,936.745106672477,1832.2913888690673,12819.728871009927,0,S3,0,3,124351370.0487963,71319430.7966739,21987.496666428808,1922959.330651489,104125.09160658883,50666897.23556038,0.7417498167868224
2024-12-13,347,B,25000.0,25755.814586128112,207116.68781802003,7592.762848441424,8030.72498465846,2499.598595677534,2937.5607318945695,7592.762848441424,0,S3,0,3,189819071.21103558,108414787.29288921,35250.728782734834,1138914.4272662136,104125.09160658883,79918876.98267283,0.7417498167868224
2024-12-13,347,C,5000.0,5230.576955584487,317275.3542162225,19664.61196101568,16620.790226879384,0.0,0.0,16620.790226879384,1,S3,0,3,83103951.13439693,43214054.5898864,0.0,2493118.5340319076,104125.09160658883,36975377.56465581,0.7417498167868224
2024-12-14,348,A,10000.0,10138.937767848707,426355.2989990338,11989.585825948912,10883.877421285553,1832.2913888690673,726.5829842057083,11989.585825948912,0,S3,0,3,119895858.25948912,56596162.590684876,8718.9958104685,1798437.8738923369,104477.70504032445,60961705.79506208,0.741044589919351
2024-12-14,348,B,25000.0,26374.304160145362,109766.19453921073,8174.5882147311,8739.572995486233,2937.5607318945695,3502.545512649702,8174.5882147311,0,S3,0,3,204364705.36827752,117984235.43906415,42030.54615179642,1226188.232209665,104477.70504032445,84898007.25127238,0.741044589919351
2024-12-14,348,C,5000.0,5355.67713830044,149572.69862120665,19720.814889160247,16605.335105305112,0.0,0.0,16605.335105305112,1,S3,0,3,83026675.52652556,43173871.27379329,0.0,2490800.265795767,104477.70504032445,37107953.583274975,0.741044589919351
2024-12-15,349,A,10000.0,10273.625258628184,307539.95801953255,11365.629486961856,12242.207343308388,726.5829842057083,1603.1608405522402,11365.629486961856,0,S3,0,3,113656294.86961856,63659478.18520362,19237.930086626882,1704844.4230442783,104788.15352377368,47860406.21974073,0.7404236929524525
2024-12-15,349,B,25000.0,25160.860563728038,101457.59847870748,6868.589321180794,6984.521408750447,3502.545512649702,3618.4776002193557,6868.589321180794,0,S3,0,3,171714733.02951986,94291039.01813103,43421.73120263227,1030288.3981771191,104788.15352377368,76143738.1300066,0.7404236929524525
2024-12-15,349,C,5000.0,5181.04783867352,241290.63530652455,21530.999534100916,16590.94709353537,0.0,0.0,16590.94709353537,1,S3,0,3,82954735.46767685,43136462.44319197,0.0,2488642.0640303055,104788.15352377368,36983552.17162428,0.7404236929524525
2024-12-16,350,A,10000.0,9997.092917233533,142226.07156756392,12219.837556301776,12971.059460093284,1603.1608405522402,2354.3827443437476,12219.837556301776,0,S2,0,8,122198375.56301776,67449509.19248508,28252.59293212497,1832975.6334452664,105054.64066403889,52640357.43192368,0.7398907186719221
2024-12-16,350,B,24250.0,25583.364087225804,271149.26449344977,9296.70888246146,9462.647520502773,3618.4776002193557,3784.4162382606683,9296.70888246146,0,S2,0,8,225445190.39969042,127745741.52678743,45412.99485912802,1394506.332369219,105054.64066403889,95883325.64051715,0.7398907186719221
2024-12-16,350,C,5000.0,5148.5203056850205,361097.2368397627,20980.504496913927,16579.26500054705,0.0,0.0,16579.26500054705,1,S2,0,8,82896325.00273524,43106089.00142233,0.0,2486889.7500820574,105054.64066403889,36837194.373727046,0.7398907186719221
2024-12-17,351,A,10000.0,10066.15390511022,393325.0020922909,14350.932732901692,15766.895338917358,2354.3827443437476,3770.3453503594137,14350.932732901692,0,S2,0,8,143509327.32901692,81987855.76237026,45244.144204312965,2152639.9099352537,105428.29055905176,58824834.219855756,0.7391434188818964
2024-12-17,351,B,25000.0,26118.094144340957,422420.3487414396,8343.401654130503,8617.70645621992,3784.4162382606683,4058.721040350085,8343.401654130503,0,S2,0,8,208585041.35326257,116339037.15896891,48704.65248420102,1251510.2481195754,105428.29055905176,90417940.65438938,0.7391434188818964
2024-12-17,351,C,5000.0,5109.915831228259,405425.505523031,20386.939985790545,16562.141143478228,0.0,0.0,16562.141143478228,1,S2,0,8,82810705.71739113,43061566.97304339,0.0,2484321.171521734,105428.29055905176,36753963.776743926,0.7391434188818964
2024-12-18,352,A,10000.0,10019.437466042305,439533.17591557826,12953.896832571707,12151.295753729259,3770.3453503594137,2967.7442715169655,12953.896832571707,0,S3,0,3,129538968.32571706,63186737.919392146,35612.931258203585,1943084.524885756,105653.09961036236,63828346.67465501,0.7386938007792752
2024-12-18,352,B,25000.0,25772.029158617926,257251.63194048996,7985.97669633971,8022.289856789759,4058.721040350085,4095.0342008001344,7985.97669633971,0,S3,0,3,199649417.40849274,108300913.06666175,49140.41040960161,1197896.5044509564,105653.09961036236,89738562.6954196,0.7386938007792752
2024-12-18,352,C,5000.0,5209.190036558192,443003.4532286972,23351.83863825005,16551.66965717447,0.0,0.0,16551.66965717447,1,S3,0,3,82758348.28587234,43034341.10865362,0.0,2482750.4485761705,105653.09961036236,36692600.17580349,0.7386938007792752
2024-12-19,353,A,10000.0,10373.07417316607,191378.97819382278,12766.43658748134,13464.420460579517,2967.7442715169655,3665.7281446151446,12766.43658748134,0,S2,0,8,127664365.8748134,70014986.39501348,43988.737735381736,1914965.4881222008,105996.1435120515,55393050.13223646,0.738007712975897
2024-12-19,353,B,25000.0,25541.434144170795,488344.22475505265,8252.178978484288,8431.750304326,4095.0342008001344,4274.605526641848,8252.178978484288,0,S2,0,8,206304474.46210718,113828629.108401,51295.266319702176,1237826.846772643,105996.1435120515,90592382.87234673,0.738007712975897
2024-12-19,353,C,5000.0,5271.200103731606,333177.89178034855,23408.05086993814,16536.683232404954,0.0,0.0,16536.683232404954,1,S2,0,8,82683416.16202477,42995376.40425288,0.0,2480502.484860743,105996.1435120515,36768363.23761875,0.738007712975897
2024-12-20,354,A,10000.0,10449.805540514548,362163.1198338261,12505.660772805975,12929.655568066573,3665.7281446151446,4089.722939875741,12505.660772805975,0,S1,0,5,125056607.72805975,67234208.95394619,49076.67527850889,1875849.1159208962,106340.56342533493,55428969.299655005,0.7373188731493301
2024-12-20,354,B,25000.0,25975.420543644745,289929.4547851789,7779.758916721838,7463.0256765727745,4274.605526641848,3957.872286492785,7779.758916721838,0,S1,0,5,194493972.91804597,100750846.63373245,47494.46743791342,1166963.8375082759,106340.56342533493,92132397.96115682,0.7373188731493301
2024-12-20,354,C,4850.0,5185.685385375829,245740.7519992565,22508.526119362064,16521.67530796615,0.0,0.0,16521.67530796615,1,S1,0,5,80130125.24363583,42956355.80071199,0.0,2478251.2961949226,106340.56342533493,34343436.83130433,0.7373188731493301
2024-12-21,355,A,9700.0,10499.471521046058,312274.1742896725,13244.954715153424,13990.479540738725,4089.722939875741,4835.247765461041,13244.954715153424,0,S2,0,8,128476060.73698822,72750493.61184137,58022.97318553249,1986743.2072730137,106564.27070832631,53261962.4996903,0.7368714585833473
2024-12-21,355,B,25000.0,25864.728977161096,147296.69215546813,7880.836462685147,7821.907920568443,3957.872286492785,3898.94374437608,7880.836462685147,0,S2,0,8,197020911.5671287,105595756.92767398,46787.32493251296,1182125.4694027721,106564.27070832631,89942380.88225563,0.7368714585833473
2024-12-21,355,C,5000.0,4940.132192657562,121741.5551564228,20212.296471037705,16511.994108239094,0.0,0.0,16511.994108239094,1,S2,0,8,82559970.54119547,42931184.681421645,0.0,2476799.1162358643,106564.27070832631,36923680.9176732,0.7368714585833473
2024-12-22,356,A,10000.0,10102.571300340884,443188.85640231456,11523.317160430703,12298.732000929462,4835.247765461041,5610.662605959802,11523.317160430703,0,S3,0,3,115233171.60430703,63953406.4048332,67327.95127151762,1728497.5740646054,106762.62506630004,48933988.192669086,0.7364747498673999
2024-12-22,356,B,24250.0,25312.11515326957,423536.45647987357,7319.807041237227,7209.247404135203,3898.94374437608,3788.384107274056,7319.807041237227,0,S3,0,3,177505320.75000277,97324839.95582524,45460.60928728867,1097971.056185584,106762.62506630004,78506750.04715848,0.7364747498673999
2024-12-22,356,C,4750.0,5150.365710741503,265257.60887511366,24380.421017071898,16503.01526554293,0.0,0.0,16503.01526554293,1,S3,0,3,78389322.51132892,42907839.69041162,0.0,2475452.2898314395,106762.62506630004,32634010.29714445,0.7364747498673999
2024-12-23,357,A,10000.0,10533.921864675625,127710.79740179711,13352.572948430614,13593.308068880116,5610.662605959802,5851.397726409305,13352.572948430614,0,S2,0,8,133525729.48430614,70685201.95817661,70216.77271691166,2002885.942264592,107036.66714101985,60532677.346605204,0.7359266657179602
2024-12-23,357,B,25000.0,25831.94984926492,189099.25917335393,8240.55555942709,8486.122892445224,3788.384107274056,4033.9514402921905,8240.55555942709,0,S2,0,8,206013888.98567724,114562659.04801053,48407.417283506285,1236083.3339140634,107036.66714101985,89870603.26015478,0.7359266657179602
2024-12-23,357,C,5000.0,5217.645894656971,100628.42032730166,23082.31678075213,16490.22225908347,0.0,0.0,16490.22225908347,1,S2,0,8,82451111.29541735,42874577.87361702,0.0,2473533.3388625206,107036.66714101985,36895334.99546949,0.7359266657179602
2024-12-24,358,A,10000.0,10193.47262030781,394791.36345676595,14823.708818445508,14200.996015217992,5851.397726409305,5228.684923181789,14823.708818445508,0,S3,0,3,148237088.18445507,73845179.27913356,62744.219078181464,2223556.322766826,107175.65375809922,71603641.34626164,0.7356486924838015
2024-12-24,358,B,25000.0,26091.837680761524,381085.296797303,8967.236670906703,9165.965349560682,4033.9514402921905,4232.680118946169,8967.236670906703,0,S3,0,3,224180916.77266756,123740532.2190692,50792.16142735403,1345085.5006360053,107175.65375809922,98556245.9409796,0.7356486924838015
2024-12-24,358,C,5000.0,5065.672806821598,437121.3547687401,25628.9405669272,16483.40738731624,0.0,0.0,16483.40738731624,1,S3,0,3,82417036.93658121,42856859.20702223,0.0,2472511.1080974364,107175.65375809922,36543369.61293471,0.7356486924838015
2024-12-25,359,A,10000.0,10086.181519007114,172681.52001008685,13209.73592167961,13421.710470511416,5228.684923181789,5440.6594720135945,13209.73592167961,0,S2,0,8,132097359.2167961,69792894.44665937,65287.913664163134,1981460.3882519417,107443.02749723164,59977591.920713305,0.7351139450055367
2024-12-25,359,B,25000.0,25772.808954659442,444444.97875907563,8849.05533797571,7992.090867245388,4232.680118946169,3375.715648215848,8849.05533797571,0,S2,0,8,221226383.44939274,107893226.70781274,40508.587778590176,1327358.3006963565,107443.02749723164,111413401.84684874,0.7351139450055367
2024-12-25,359,C,4850.0,5258.103701620895,354108.4891123597,26752.929137119758,16471.587083050803,0.0,0.0,16471.587083050803,1,S2,0,8,79887197.35279639,42826126.41593209,0.0,2470738.0624576206,107443.02749723164,34128781.357797086,0.7351139450055367
2024-12-26,360,A,10000.0,10647.872309030807,498151.2070616497,15324.511783184522,15569.040439241187,5440.6594720135945,5685.18812807026,15324.511783184522,0,S2,0,8,153245117.83184522,80959010.28405418,68222.25753684313,2298676.767477678,107700.07720813721,69313357.23850675,0.7345998455837256
2024-12-26,360,B,25000.0,25460.99645262213,168732.4556367344,7470.748480337805,7752.452862404432,3375.715648215848,3657.4200302824756,7470.748480337805,0,S2,0,8,186768712.0084451,104658113.64245984,43889.04036338971,1120612.2720506708,107700.07720813721,80669664.52072635,0.7345998455837256
2024-12-26,360,C,5000.0,5190.448899150094,250749.81539590957,21310.811426424807,16459.195026689078,0.0,0.0,16459.195026689078,1,S2,0,8,82295975.1334454,42793907.0693916,0.0,2468879.254003362,107700.07720813721,36674738.91744639,0.7345998455837256
2024-12-27,361,A,10000.0,10271.626951064642,165509.0906366981,12358.414570043618,13475.289726084586,5685.18812807026,6802.063284111226,12358.414570043618,0,S2,0,8,123584145.70043619,70071506.57563984,81624.75940933471,1853762.1855065427,108076.38966205461,51303666.699581705,0.7338472206758908
2024-12-27,361,B,25000.0,26454.965920193114,282836.54864303314,7928.432792699626,8115.296189997984,3657.4200302824756,3844.2834275808336,7928.432792699626,0,S2,0,8,198210819.81749064,109556498.56497277,46131.40113097,1189264.9189049439,108076.38966205461,87028011.99417685,0.7338472206758908
2024-12-27,361,C,4850.0,5143.573153526574,342684.4107918692,25017.318873222965,16441.850829736188,0.0,0.0,16441.850829736188,1,S2,0,8,79742976.52422051,42748812.157314084,0.0,2466277.624460428,108076.38966205461,34077125.941992074,0.7338472206758908
2024-12-28,362,A,10000.0,10103.759340613695,386499.19028772175,12054.629019998856,11186.571535302259,6802.063284111226,5934.005799414628,12054.629019998856,0,S3,0,3,120546290.19998856,58170171.983571745,71208.06959297555,1808194.3529998285,108521.95666493288,60001694.64687135,0.7329560866701341
2024-12-28,362,B,25000.0,26009.63406151581,357269.74535589246,7604.954161670552,7536.466683351158,3844.2834275808336,3775.795949261441,7604.954161670552,0,S3,0,3,190123854.0417638,101742300.22524063,45309.55139113729,1140743.124250583,108521.95666493288,86729709.43886064,0.7329560866701341
2024-12-28,362,C,5000.0,5041.23358047841,173988.9147039884,21043.866753334605,16421.785456501446,0.0,0.0,16421.785456501446,1,S3,0,3,82108927.28250723,42696642.18690376,0.0,2463267.818475217,108521.95666493288,36666506.40575933,0.7329560866701341
2024-12-29,363,A,10000.0,10405.821807811826,401513.9857328767,12133.244716072391,12668.579141730062,5934.005799414628,6469.340225072299,12133.244716072391,0,S1,0,5,121332447.16072391,65876611.53699633,77632.08270086758,1819986.7074108587,108770.23213278202,53047932.61575019,0.7324595357344359
2024-12-29,363,B,25000.0,26056.206559298345,232897.4229468157,8624.501464178116,8316.330734547353,3775.795949261441,3467.6252196306777,8624.501464178116,0,S1,0,5,215612536.6044529,112270464.91638927,41611.50263556813,1293675.2196267175,108770.23213278202,101665117.31072176,0.7324595357344359
2024-12-29,363,C,5000.0,5105.659749068517,129576.37162687008,21489.062334895003,16410.50841528031,0.0,0.0,16410.50841528031,1,S1,0,5,82052542.07640155,42667321.87972881,0.0,2461576.2622920466,108770.23213278202,36685297.330621034,0.7324595357344359
2024-12-30,364,A,10000.0,10378.757427852323,421882.84000167873,13847.397937432517,14171.939196417754,6469.340225072299,6793.881484057536,13847.397937432517,0,S3,0,3,138473979.3743252,73694083.82137232,81526.57780869043,2077109.6906148775,108968.95601614573,62090407.48851147,0.7320620879677084
2024-12-30,364,B,25000.0,25282.19868362789,130022.33215520809,7710.3266137940145,7303.091468849765,3467.6252196306777,3060.3900746864283,7710.3266137940145,0,S3,0,3,192758165.34485036,98591734.82947183,36724.68089623714,1156548.9920691021,108968.95601614573,92734165.55424184,0.7320620879677084
2024-12-30,364,C,4850.0,5172.642346954728,282931.91977573466,24738.83469445095,16402.21068757072,0.0,0.0,16402.21068757072,1,S3,0,3,79550721.834718,42645747.787683874,0.0,2460331.603135608,108968.95601614573,34052741.568106644,0.7320620879677084
2024-12-31,365,A,10000.0,10425.556322690485,290741.61604218016,13280.20896266446,13613.649383760376,6793.881484057536,7127.321905153454,13280.20896266446,0,S1,0,5,132802089.6266446,70790976.79555395,85527.86286184145,1992031.344399669,109140.96812547011,59533671.03966148,0.7317180637490597
2024-12-31,365,B,25000.0,26007.36545562348,227353.28705413168,8989.206209140873,9389.060838324038,3060.3900746864283,3460.2447038695936,8989.206209140873,0,S1,0,5,224730155.22852182,126752321.31737451,41522.936446435124,1348380.931371131,109140.96812547011,96251435.78815013,0.7317180637490597
2024-12-31,365,C,5000.0,5296.234573190947,421584.6847452143,22707.557747845007,16394.513342221344,0.0,0.0,16394.513342221344,1,S1,0,5,81972566.71110672,42625734.6897755,0.0,2459177.001333202,109140.96812547011,36356929.36712734,0.7317180637490597
2025-01-01,366,A,10000.0,10377.363180138567,146599.7322514885,14101.36274711678,13608.35460697635,7127.321905153454,6634.313765013025,14101.36274711678,0,S1,0,5,141013627.4711678,70763443.95627703,79611.7651801563,2115204.412067517,109482.4417123775,67799285.16367923,0.731035116575245
2025-01-01,366,B,25000.0,26084.838454986584,485801.95043859974,9318.21247412778,8680.355621994899,3460.2447038695936,2822.387851736712,9318.21247412778,0,S1,0,5,232955311.8531945,117184800.89693113,33868.654220840544,1397731.871119167,109482.4417123775,113743626.03877239,0.731035116575245
2025-01-01,366,C,5000.0,5150.455191481974,322643.3030346564,24176.16034064516,16379.87191759486,0.0,0.0,16379.87191759486,1,S1,0,5,81899359.58797431,42587666.98574664,0.0,2456980.787639229,109482.4417123775,36422586.06984141,0.731035116575245
2025-01-02,367,A,10000.0,10896.278695287492,217107.91798360986,15837.077289407427,15480.083189340543,6634.313765013025,6277.319664946141,15837.077289407427,0,S2,0,8,158370772.89407426,80496432.58457083,75327.8359793537,2375561.593411114,109839.67336414922,75096503.2887652,0.7303206532717016
2025-01-02,367,B,25000.0,26709.676871442778,343661.6327112377,8825.195809985726,9002.795601033584,2822.387851736712,2999.98764278457,8825.195809985726,0,S2,0,8,220629895.24964315,121537740.61395338,35999.85171341484,1323779.3714978588,109839.67336414922,97278874.10640311,0.7303206532717016
2025-01-02,367,C,5000.0,5154.700753295452,379161.222937523,23922.938050262055,16363.382742013931,0.0,0.0,16363.382742013931,1,S2,0,8,81816913.71006966,42544795.12923622,0.0,2454507.4113020897,109839.67336414922,36328610.27322967,0.7303206532717016
2025-01-03,368,A,9700.0,10198.045015171489,427564.0563280221,14087.16944394289,15133.224370220647,6277.319664946141,7323.374591223896,14087.16944394289,0,S2,0,8,136645543.60624602,78692766.72514737,87880.49509468675,2113075.4165914333,110116.5512129203,55214140.36187159,0.7297668975741595
2025-01-03,368,B,25000.0,25537.791896878043,230966.62382468104,7827.645491559003,7796.822572393259,2999.98764278457,2969.1647236188264,7827.645491559003,0,S2,0,8,195691137.28897506,105257104.727309,35629.97668342592,1174146.8237338504,110116.5512129203,88883172.58621117,0.7297668975741595
2025-01-03,368,C,5000.0,5286.227373740468,405938.72495832824,22185.16356644382,16350.743643249707,0.0,0.0,16350.743643249707,1,S2,0,8,81753718.21624854,42511933.472449236,0.0,2452611.546487456,110116.5512129203,36273117.921140596,0.7297668975741595
2025-01-04,369,A,10000.0,10550.237315153094,386104.6124287085,12127.505032007552,12439.20825855985,7323.374591223896,7635.077817776191,12127.505032007552,0,S3,0,3,121275050.32007551,64683882.94451121,91620.9338133143,1819125.7548011327,110338.89459305683,54183977.17992809,0.7293222108138863
2025-01-04,369,B,25000.0,25071.134979827795,128162.5015875116,8667.082213035133,8279.691788397933,2969.1647236188264,2581.774298981625,8667.082213035133,0,S3,0,3,216677055.32587832,111775839.1433721,30981.291587779502,1300062.33195527,110338.89459305683,103331671.1627826,0.7293222108138863
2025-01-04,369,C,5000.0,5192.020433777823,436847.843860175,22092.45345813952,16341.370072506908,0.0,0.0,16341.370072506908,1,S3,0,3,81706850.36253454,42487562.188517965,0.0,2451205.5108760362,110338.89459305683,36220895.9246873,0.7293222108138863
2025-01-05,370,A,10000.0,9997.66035421683,361618.92642135813,12192.925134661258,11580.895558475448,7635.077817776191,7023.0482415903825,12192.925134661258,0,S1,0,5,121929251.34661259,60220656.90407233,84276.57889908459,1828938.7701991887,110637.10503691784,59323123.06198371,0.7287257899261642
2025-01-05,370,B,25000.0,26051.30452187516,202482.2827131063,7890.979213600892,8287.765818844393,2581.774298981625,2978.5609042251263,7890.979213600892,0,S1,0,5,197274480.3400223,111884838.55439931,35742.73085070151,1183646.8820401337,110637.10503691784,83857132.78498214,0.7287257899261642
2025-01-05,370,C,5000.0,5091.644077291614,307894.72109370027,23039.360888064002,16327.705686119069,0.0,0.0,16327.705686119069,1,S1,0,5,81638528.43059534,42452034.78390958,0.0,2449155.8529178603,110637.10503691784,36318805.967637286,0.7287257899261642
2025-01-06,371,A,10000.0,10411.8575512496,383765.70177683857,15059.270044861907,13592.39942418078,7023.0482415903825,5556.177620909257,15059.270044861907,0,S1,0,5,150592700.44861907,70680477.00574005,66674.13145091108,2258890.506729286,110904.96150841349,77091988.14141358,0.728190076983173
2025-01-06,371,B,25000.0,25921.55512414813,343821.81387813133,8532.298651242872,7806.378033692731,2978.5609042251263,2252.640286674985,8532.298651242872,0,S1,0,5,213307466.2810718,105386103.45485187,27031.68344009982,1279844.7976864309,110904.96150841349,106159759.56970687,0.728190076983173
2025-01-06,371,C,4850.0,5228.41944327985,373188.9944851798,24515.804768902308,16316.476058718625,0.0,0.0,16316.476058718625,1,S1,0,5,79134908.88478532,42422837.752668425,0.0,2447471.4088077936,110904.96150841349,33780505.767315514,0.728190076983173
2025-01-07,372,A,10000.0,10441.78204134205,461857.431234567,14804.623269321888,15584.289391116854,5556.177620909257,6335.843742704223,14804.623269321888,0,S3,0,3,148046232.6932189,81038304.83380765,76030.12491245067,2220693.490398283,111212.0120824617,64138134.80078348,0.7275759758350766
2025-01-07,372,B,25000.0,25003.506600781613,283519.6244184222,8987.540864992085,9000.574786475501,2252.640286674985,2265.6742081584016,8987.540864992085,0,S3,0,3,224688521.6248021,121507759.61741927,27188.09049790082,1348131.1297488126,111212.0120824617,101410711.15063526,0.7275759758350766
2025-01-07,372,C,5000.0,5158.946700758298,157297.55377886732,21776.906270249987,16302.126906973272,0.0,0.0,16302.126906973272,1,S3,0,3,81510634.53486636,42385529.95813051,0.0,2445319.036045991,111212.0120824617,36411275.974828534,0.7275759758350766
2025-01-08,373,A,10000.0,10085.096646089665,408315.69564975734,13763.356394813101,14359.109096465341,6335.843742704223,6931.596444356463,13763.356394813101,0,S1,0,5,137633563.94813102,74667367.30161977,83179.15733227755,2064503.4592219652,111570.76604053806,60298627.56826671,0.7268584679189238
2025-01-08,373,B,25000.0,25947.266375808907,362168.5156751107,8051.045511238684,7479.547571731811,2265.6742081584016,1694.1762686515285,8051.045511238684,0,S1,0,5,201276137.78096712,100973892.21837945,20330.115223818342,1207656.8266858025,111570.76604053806,98600519.33896239,0.7268584679189238
2025-01-08,373,C,5000.0,5000.857113657681,451414.62264517497,23266.720522016647,16286.467854118351,0.0,0.0,16286.467854118351,1,S1,0,5,81432339.27059175,42344816.42070771,0.0,2442970.1781177525,111570.76604053806,36081567.28308057,0.7268584679189238
2025-01-09,374,A,9700.0,10703.747693142712,265764.0567403266,15224.161539809764,14251.710058942532,6931.596444356463,5959.144963489231,15224.161539809764,0,S3,0,3,147674366.93615472,74108892.30650117,71509.73956187077,2283624.2309714644,111831.36004432506,70832745.24233556,0.7263372799113499
2025-01-09,374,B,25000.0,26099.464443695597,189475.9154415564,8455.419744289982,8777.593445418835,1694.1762686515285,2016.3499697803818,8455.419744289982,0,S3,0,3,211385493.60724956,118497511.51315428,24196.19963736458,1268312.9616434972,111831.36004432506,91294165.65732852,0.7263372799113499
2025-01-09,374,C,5000.0,5202.610372149175,137159.36803672687,26138.54172581197,16274.357965156141,0.0,0.0,16274.357965156141,1,S3,0,3,81371789.8257807,42313330.709405966,0.0,2441153.694773421,111831.36004432506,36368314.69352027,0.7263372799113499
2025-01-10,375,A,10000.0,10608.302658490229,186015.63315729317,13999.681695396077,15180.088821861838,5959.144963489231,7139.552089954992,13999.681695396077,0,S2,0,8,139996816.95396078,78936461.87368156,85674.6250794599,2099952.2543094116,112133.7552084078,58576578.81252465,0.7257324895831843
2025-01-10,375,B,23750.0,25635.68340894895,312551.6490365486,10212.640940976646,11023.281357224534,2016.3499697803818,2826.99038602827,10212.640940976646,0,S2,0,8,242550222.34819534,148814298.32253122,33923.88463233924,1531896.1411464969,112133.7552084078,91745418.59564035,0.7257324895831843
2025-01-10,375,C,4850.0,5355.992846002289,316927.83955572057,23746.44408923288,16260.625039757428,0.0,0.0,16260.625039757428,1,S2,0,8,78864031.44282353,42277625.10336931,0.0,2439093.755963614,112133.7552084078,33718250.988726474,0.7257324895831843
2025-01-11,376,A,10000.0,10574.860274239185,334253.1536008003,13115.427091243131,13164.509658098104,7139.552089954992,7188.634656809965,13115.427091243131,0,S3,0,3,131154270.91243131,68455450.22211014,86263.61588171958,1967314.0636864696,112350.78451809745,60198639.07263409,0.725298430963805
2025-01-11,376,B,25000.0,26227.97770869044,128755.33332034413,8895.31709520986,9059.005216842357,2826.99038602827,2990.6785076607666,8895.31709520986,0,S3,0,3,222382927.38024652,122296570.42737181,35888.1420919292,1334297.5642814792,112350.78451809745,98475065.12866285,0.725298430963805
2025-01-11,376,C,5000.0,5234.801226288847,360209.1752301308,21200.10123834023,16250.978462953612,0.0,0.0,16250.978462953612,1,S3,0,3,81254892.31476806,42252544.00367939,0.0,2437646.7694430416,112350.78451809745,36092141.5818974,0.725298430963805
2025-01-12,377,A,10000.0,10331.775266108652,218077.06178339937,13157.349575704673,12462.105771949386,7188.634656809965,6493.39085305468,13157.349575704673,0,S1,0,5,131573495.75704673,64802950.014136806,77920.69023665616,1973602.436355701,112690.13259886396,64388255.421935305,0.724619734802272
2025-01-12,377,B,25000.0,26245.609546785734,455715.0314771333,8233.951578785976,8815.439162341116,2990.6785076607666,3572.166091215906,8233.951578785976,0,S1,0,5,205848789.4696494,119008428.69160506,42865.99309459087,1235092.7368178964,112690.13259886396,84993996.88405585,0.724619734802272
2025-01-12,377,C,5000.0,5043.385416921717,385934.9818872809,20664.065818087736,16235.765096490046,0.0,0.0,16235.765096490046,1,S1,0,5,81178825.48245023,42212989.25087412,0.0,2435364.7644735067,112690.13259886396,36031846.35261647,0.724619734802272
2025-01-13,378,A,9700.0,10268.943895253682,382683.66562374,14846.422760652214,15726.02155953445,6493.39085305468,7372.989651936918,14846.422760652214,0,S3,0,3,144010300.77832648,81775312.10957915,88475.87582324301,2226963.414097832,112922.9533648152,59423942.75983771,0.7241540932703695
2025-01-13,378,B,25000.0,26406.01900423055,241038.0882923361,8316.023363361233,8779.418040724919,3572.166091215906,4035.5607685795912,8316.023363361233,0,S3,0,3,207900584.08403084,118522143.5497864,48426.729222955095,1247403.504504185,112922.9533648152,87728649.25886014,0.7241540932703695
2025-01-13,378,C,5000.0,5062.720171559321,198893.77041508723,21214.354066294414,16225.023029974287,0.0,0.0,16225.023029974287,1,S3,0,3,81125115.14987144,42185059.877933145,0.0,2433753.454496143,112922.9533648152,36194485.09366225,0.7241540932703695
2025-01-14,379,A,10000.0,10333.827042421553,172090.97424954077,13772.303342973753,12395.417058820329,7372.989651936918,5996.103367783495,13772.303342973753,0,S2,0,8,137723033.42973754,64456168.70586571,71953.24041340195,2065845.501446063,113134.28904977256,70843840.71871305,0.7237314219004549
2025-01-14,379,B,25000.0,26881.089896293583,428511.2173207685,9657.4343161229,9446.545353600313,4035.5607685795912,3824.671806057004,9657.4343161229,0,S2,0,8,241435857.9030725,127528362.27360423,45896.061672684045,1448615.1474184352,113134.28904977256,111871338.9140066,0.7237314219004549
2025-01-14,379,C,5000.0,5092.7048875825285,394443.95880322414,23165.49232509359,16216.021514778071,0.0,0.0,16216.021514778071,1,S2,0,8,81080107.57389036,42161655.938422985,0.0,2432403.227216711,113134.28904977256,35978470.16039766,0.7237314219004549
2025-01-15,380,A,10000.0,10186.213629677848,181048.83946749452,15067.957946688355,14283.580861421666,5996.103367783495,5211.726282516804,15067.957946688355,0,S2,0,8,150679579.46688354,74274620.47939266,62540.71539020164,2260193.6920032534,113395.01264838186,73787780.72798154,0.7232099747032363
2025-01-15,380,B,25000.0,25694.345812167227,385501.24876893364,9338.646601739392,8741.579197246416,3824.671806057004,3227.6044015640273,9338.646601739392,0,S2,0,8,233466165.0434848,118011319.16282661,38731.25281876833,1400796.9902609088,113395.01264838186,113516421.37616119,0.7232099747032363
2025-01-15,380,C,5000.0,5189.818904559784,288522.0602203345,25191.689893994728,16204.803778549736,0.0,0.0,16204.803778549736,1,S2,0,8,81024018.89274868,42132489.824229315,0.0,2430720.5667824605,113395.01264838186,36058891.4288682,0.7232099747032363
2025-01-16,381,A,10000.0,10491.822629978504,250720.779326009,14182.367861147006,13925.358177033639,5211.726282516804,4954.716598403436,14182.367861147006,0,S3,0,3,141823678.61147007,72411862.52057493,59456.59918084124,2127355.1791720507,113693.76957771822,66860589.76363852,0.7226124608445635
2025-01-16,381,B,25000.0,25482.863516535414,342357.5449452978,9102.474087791095,9550.573922500087,3227.6044015640273,3675.704236273019,9102.474087791095,0,S3,0,3,227561852.19477737,128932747.95375118,44108.45083527623,1365371.1131686643,113693.76957771822,96763573.36249924,0.7226124608445635
2025-01-16,381,C,4850.0,5099.127689000169,178195.21590419675,25045.908561235792,16191.420031773469,0.0,0.0,16191.420031773469,1,S3,0,3,78528387.15410133,42097692.08261102,0.0,2428713.0047660205,113693.76957771822,33710093.081242375,0.7226124608445635
2025-01-17,382,A,10000.0,10379.363635904083,354583.94944673806,13312.536379408968,13323.90436183714,4954.716598403436,4966.084580831608,13312.536379408968,0,S3,0,3,133125363.79408967,69284302.68155313,59593.0149699793,1996880.4569113452,113940.5684144819,61316063.122794,0.7221188631710361
2025-01-17,382,B,25000.0,26024.122099613473,448503.4510403947,9056.655829764883,9504.573627487303,3675.704236273019,4123.62203399544,9056.655829764883,0,S3,0,3,226416395.74412206,128311743.97107859,49483.46440794528,1358498.3744647324,113940.5684144819,96134225.9147159,0.7221188631710361
2025-01-17,382,C,4750.0,5210.170592196237,359312.7969244544,27847.123563394052,16179.469493759061,0.0,0.0,16179.469493759061,1,S3,0,3,76852480.09535554,42066620.68377356,0.0,2426920.424063859,113940.5684144819,31885685.62217918,0.7221188631710361
2025-01-18,383,A,10000.0,10211.831107418742,322838.0160509269,14461.978045343967,15104.573221421075,4966.084580831608,5608.679756908714,14461.978045343967,0,S1,0,5,144619780.45343968,78543780.7513896,67304.15708290457,2169296.706801595,114291.42678229236,63402269.395332366,0.7214171464354153
2025-01-18,383,B,25000.0,26054.3104263068,333606.2308706386,8312.774546092556,7936.55573123781,4123.62203399544,3747.403219140693,8312.774546092556,0,S1,0,5,207819363.65231392,107143502.37171043,44968.83862968832,1246916.1819138834,114291.42678229236,98936078.60240698,0.7214171464354153
2025-01-18,383,C,5000.0,5326.0599814745365,233906.96865584218,21836.205155066764,16163.178021024489,0.0,0.0,16163.178021024489,1,S1,0,5,80815890.10512245,42024262.85466367,0.0,2424476.703153673,114291.42678229236,36018952.15186697,0.7214171464354153
2025-01-19,384,A,10000.0,10487.732531267378,270854.79069495277,13169.77756916286,13605.070571873584,5608.679756908714,6043.972759619439,13169.77756916286,0,S3,0,3,131697775.69162859,70746366.97374263,72527.67311543327,1975466.635374429,114652.2218183883,58517907.39688276,0.7206955563632234
2025-01-19,384,B,25000.0,26252.854170834464,179995.18468701656,8266.358064335407,9015.543398926688,3747.403219140693,4496.588553731974,8266.358064335407,0,S3,0,3,206658951.60838518,121709835.88551028,53959.062644783684,1239953.7096503112,114652.2218183883,83360555.5440744,0.7206955563632234
2025-01-19,384,C,5000.0,5247.4831790797625,380635.9804342304,23767.112526124238,16146.50940961648,0.0,0.0,16146.50940961648,1,S3,0,3,80732547.0480824,41980924.46500285,0.0,2421976.411442472,114652.2218183883,35834357.969384454,0.7206955563632234
2025-01-20,385,A,10000.0,10003.252667436236,226384.72811181264,12820.340204933253,12726.196670462443,6043.972759619439,5949.829225148629,12820.340204933253,0,S3,0,3,128203402.04933253,66176222.686404705,71397.95070178356,1923051.030739988,114821.41517073066,59691524.23820352,0.7203571696585386
2025-01-20,385,B,25000.0,25736.988030469005,158337.1083375373,9146.169900505083,9939.6670155696,4496.588553731974,5290.08566879649,9146.169900505083,0,S3,0,3,228654247.5126271,134185504.7101896,63481.02802555788,1371925.4850757625,114821.41517073066,92760177.76582792,0.7203571696585386
2025-01-20,385,C,5000.0,5204.105725329296,422724.7654524865,24717.047576775025,16138.671706174808,0.0,0.0,16138.671706174808,1,S3,0,3,80693358.53087404,41960546.4360545,0.0,2420800.755926221,114821.41517073066,35774465.158270106,0.7203571696585386
2025-01-21,386,A,10000.0,10405.39395671127,160980.02723010385,14491.786192041589,14196.883108439117,5949.829225148629,5654.926141546159,14491.786192041589,0,S1,0,5,144917861.92041588,73823792.1638834,67859.1136985539,2173767.9288062383,115096.35581844853,68576366.33097912,0.7198072883631029
2025-01-21,386,B,25000.0,25846.629991786605,138046.87570935875,8960.064171526794,8287.857479654722,5290.08566879649,4617.878976924418,8960.064171526794,0,S1,0,5,224001604.28816986,111886075.97533874,55414.54772309301,1344009.625729019,115096.35581844853,110462960.90785119,0.7198072883631029
2025-01-21,386,C,4850.0,5253.089060757325,274429.0124981305,26361.24667687257,16126.204354546007,0.0,0.0,16126.204354546007,1,S1,0,5,78212091.11954814,41928131.32181962,0.0,2418930.653181901,115096.35581844853,33475503.77623004,0.7198072883631029
2025-01-22,387,A,9700.0,10349.451658082211,440352.3239023614,14929.878173525629,16107.897314932605,5654.926141546159,6832.945282953135,14929.878173525629,0,S2,0,8,144819818.2831986,83761066.03764954,81995.34339543761,2239481.7260288442,115502.52413217699,58181420.328090236,0.718994951735646
2025-01-22,387,B,25000.0,25502.04474220793,159243.23225031668,9524.89379809371,9139.665694068328,4617.878976924418,4232.650872899036,9524.89379809371,0,S2,0,8,238122344.95234275,123385486.86992243,50791.81047478843,1428734.0697140566,115502.52413217699,112982586.44584899,0.718994951735646
2025-01-22,387,C,5000.0,5124.428996114627,426937.14345282206,25812.31201936421,16107.897314932605,0.0,0.0,16107.897314932605,1,S2,0,8,80539486.57466303,41880533.01882477,0.0,2416184.5972398906,115502.52413217699,35700329.29101337,0.718994951735646
2025-01-23,388,A,10000.0,10341.45874259315,140088.01509837783,13450.100527635177,13717.712503332448,6832.945282953135,7100.557258650408,13450.100527635177,0,S3,0,3,134501005.27635178,71332105.01732872,85206.6871038049,2017515.0791452765,115770.48888109431,60810319.9887945,0.7184590222378113
2025-01-23,388,B,25000.0,26227.24531538471,411866.3367683089,9063.653431896413,8425.745755286845,4232.650872899036,3594.743196289468,9063.653431896413,0,S3,0,3,226591335.79741034,113747567.69637242,43136.918355473616,1359548.014784462,115770.48888109431,110913446.34224857,0.7184590222378113
2025-01-23,388,C,5000.0,5191.4615639220865,177434.70360333644,25383.623896328747,16095.847790341788,0.0,0.0,16095.847790341788,1,S3,0,3,80479238.95170894,41849204.25488865,0.0,2414377.168551268,115770.48888109431,35922452.3357846,0.7184590222378113
2025-01-24,389,A,10000.0,10501.613471882662,206226.03053851187,14253.89263509558,15239.126366340624,7100.557258650408,8085.790989895453,14253.89263509558,0,S1,0,5,142538926.3509558,79243457.10497124,97029.49187874544,2138083.8952643373,116142.00885587613,60737987.81944709,0.7177159822882477
2025-01-24,389,B,25000.0,25831.11402396921,176906.44863466476,8469.069101580395,8734.86367811698,3594.743196289468,3860.5377728260537,8469.069101580395,0,S1,0,5,211726727.53950986,117920659.65457924,46326.453273912644,1270360.3652370593,116142.00885587613,92196332.60892911,0.7177159822882477
2025-01-24,389,C,4850.0,5340.771809413041,164023.7596774891,27529.905306629644,16079.057525587872,0.0,0.0,16079.057525587872,1,S1,0,5,77983428.99910118,41805549.56652847,0.0,2411858.628838181,116142.00885587613,33485855.03520116,0.7177159822882477
2025-01-25,390,A,10000.0,10273.061000652331,270920.6951325561,14227.413818870453,14826.897688673062,8085.790989895453,8685.27485969806,14227.413818870453,0,S2,0,8,142274138.18870452,77099867.98109992,104223.29831637672,2134112.072830568,116445.57515470324,62548568.5661704,0.7171088496905935
2025-01-25,390,B,23750.0,25778.935488663414,198497.28748378705,9199.362616050834,8421.729459031263,3860.5377728260537,3082.904615806483,9199.362616050834,0,S2,0,8,218484862.13120732,113693347.69692205,36994.855389677796,1379904.392407625,116445.57515470324,103059672.32384947,0.7171088496905935
2025-01-25,390,C,5000.0,5283.787948470806,326166.19264754956,22364.02537257794,16065.135291772562,0.0,0.0,16065.135291772562,1,S2,0,8,80325676.45886281,41769351.75860866,0.0,2409770.2937658844,116445.57515470324,35703942.63868601,0.7171088496905935
2025-01-26,391,A,10000.0,10573.497530336008,360130.77660841425,15610.58201640483,15044.430336383157,8685.27485969806,8119.123179676388,15610.58201640483,0,S3,0,3,156105820.16404828,78231037.74919242,97429.47815611665,2341587.3024607245,116690.55452237237,74958944.30310825,0.7166188909552552
2025-01-26,391,B,24250.0,25657.829658763283,439620.7047683811,9543.751372729239,9453.938915285225,3082.904615806483,2993.0921583624695,9543.751372729239,0,S3,0,3,231435970.78868404,127628175.35635054,35917.105900349634,1431562.7059093858,116690.55452237237,101784004.36123303,0.7166188909552552
2025-01-26,391,C,5000.0,5082.5125633306525,211074.661947129,20790.88022410544,16054.105364282885,0.0,0.0,16054.105364282885,1,S3,0,3,80270526.82141443,41740673.9471355,0.0,2408115.804642433,116690.55452237237,35793971.85316699,0.7166188909552552
2025-01-27,392,A,10000.0,10226.896863092774,470855.4308770614,14748.929372850012,15746.780803034333,8119.123179676388,9116.974609860707,14748.929372850012,0,S2,0,8,147489293.72850013,81883260.17577854,109403.69531832848,2212339.405927502,117042.79047879971,62696392.2301199,0.7159144190424006
2025-01-27,392,B,25000.0,26080.339852835925,322635.3582893667,9386.509717741024,10229.351457419118,2993.0921583624695,3835.933898040563,9386.509717741024,0,S2,0,8,234662742.9435256,138096244.67515808,46031.20677648675,1407976.4576611537,117042.79047879971,94672812.45516174,0.7159144190424006
2025-01-27,392,C,5000.0,5205.351601709789,124225.64528610125,24851.52177064262,16038.540124021141,0.0,0.0,16038.540124021141,1,S2,0,8,80192700.62010571,41700204.32245497,0.0,2405781.018603171,117042.79047879971,35845446.84328268,0.7159144190424006
2025-01-28,393,A,9700.0,10347.527239420097,290069.28033868223,16185.53041939162,16019.3703519695,9116.974609860707,8950.814542438584,16185.53041939162,0,S1,0,5,156999645.06809872,83300725.8302414,107409.774509263,2427829.562908743,117455.68793078487,70756154.93216985,0.7150886241384302
2025-01-28,393,B,25000.0,25956.16623865069,195987.011170544,9486.613691264149,9039.578278855712,3835.933898040563,3388.898485632126,9486.613691264149,0,S1,0,5,237165342.28160372,122034306.7645521,40666.78182758551,1422992.0536896223,117455.68793078487,113353933.98243308,0.7150886241384302
2025-01-28,393,C,5000.0,5094.653225198387,438087.86978454154,26137.16357028358,16019.3703519695,0.0,0.0,16019.3703519695,1,S1,0,5,80096851.75984749,41650362.9151207,0.0,2402905.552795425,117455.68793078487,35488039.73421604,0.7150886241384302
2025-01-29,394,A,10000.0,10352.710543453311,422211.84709283727,14642.324547402444,14333.203811836262,8950.814542438584,8641.693806872401,14642.324547402444,0,S3,0,3,146423245.47402444,74532659.82154857,103700.32568246881,2196348.6821103664,117741.68026325764,69050583.11732695,0.7145166394734848
2025-01-29,394,B,25000.0,25790.36352914777,113672.97710665909,9249.195459614813,9108.572780099417,3388.898485632126,3248.2758061167297,9249.195459614813,0,S3,0,3,231229886.49037033,122965732.53134213,38979.309673400756,1387379.318942222,117741.68026325764,106606380.67304267,0.7145166394734848
2025-01-29,394,C,5000.0,5293.132463115984,421059.97457799286,25462.106103680464,16006.720912868292,0.0,0.0,16006.720912868292,1,S3,0,3,80033604.56434146,41617474.37345756,0.0,2401008.1369302436,117741.68026325764,35476320.3991124,0.7145166394734848
2025-01-30,395,A,10000.0,10732.72080225628,494739.5607722659,16574.119371569424,15993.468106327891,8641.693806872401,8061.042541630868,16574.119371569424,0,S1,0,5,165741193.71569425,83166034.15290503,96732.51049957042,2486117.9057354135,118033.90168169355,79379535.68410027,0.7139321966366129
2025-01-30,395,B,25000.0,25873.419934727277,181636.14965954746,8622.880520129846,7954.658289836275,3248.2758061167297,2580.05357582316,8622.880520129846,0,S1,0,5,215572013.00324613,107387886.91278972,30960.64290987792,1293432.0780194767,118033.90168169355,106560063.31818582,0.7139321966366129
2025-01-30,395,C,5000.0,5147.034542528542,246938.43233531743,25536.232945474338,15993.468106327891,0.0,0.0,15993.468106327891,1,S1,0,5,79967340.53163946,41583017.076452516,0.0,2399020.215949184,118033.90168169355,35620330.90522075,0.7139321966366129
2025-01-31,396,A,10000.0,10757.229792618225,411479.84165547707,15313.107971422241,14005.734034184003,8061.042541630868,6753.668604392629,15313.107971422241,0,S2,0,8,153131079.7142224,72829816.97775681,81044.02325271154,2296966.195713336,118309.734011378,77393462.94183268,0.713380531977244
2025-01-31,396,B,25000.0,25519.167272175608,158045.2321279036,8192.555739773989,7415.445869434895,2580.05357582316,1802.9437054840655,8192.555739773989,0,S2,0,8,204813893.49434972,100108519.23737109,21635.324465808786,1228883.3609660983,118309.734011378,103178500.60540743,0.713380531977244
2025-01-31,396,C,5000.0,5176.282803551729,320636.0850548045,23640.56471081989,15981.154301707313,0.0,0.0,15981.154301707313,1,S2,0,8,79905771.50853656,41551001.18443901,0.0,2397173.145256097,118309.734011378,35518651.359775275,0.713380531977244
2025-02-01,397,A,9700.0,10638.838187669595,412679.64036428445,16683.255521853505,15969.938146761615,6753.668604392629,6040.351229300737,16683.255521853505,0,S2,0,8,161827578.561979,83043678.3631604,72484.21475160884,2502488.3282780256,118539.78822189877,75677708.22720277,0.7129204235562023
2025-02-01,397,B,25000.0,25993.89882611168,294445.0002221137,9156.843018326437,9820.59592619324,1802.9437054840655,2466.6966133508686,9156.843018326437,0,S2,0,8,228921075.45816094,132578045.00360875,29600.359360210423,1373526.4527489655,118539.78822189877,94526918.853999,0.7129204235562023
2025-02-01,397,C,4850.0,5031.399350322225,376140.68700479966,25649.267179067378,15969.938146761615,0.0,0.0,15969.938146761615,1,S2,0,8,77454200.01179384,41521839.1815802,0.0,2395490.7220142423,118539.78822189877,33042189.6329727,0.7129204235562023
2025-02-02,398,A,9700.0,10399.977644233379,266113.4100286638,14774.951267356973,13606.997359678884,6040.351229300737,4872.397321622648,14774.951267356973,0,S2,0,8,143317027.29336265,70756386.27033019,58468.76785947177,2216242.690103546,118717.80986933091,69901098.34517144,0.7125643802613382
2025-02-02,398,B,24250.0,25831.32713552313,478955.2751108043,9237.758924524498,9312.734461629569,2466.6966133508686,2541.672150455939,9237.758924524498,0,S2,0,8,224015653.91971907,125721915.23199917,30500.06580547127,1385663.8386786748,118717.80986933091,96279901.69825561,0.7125643802613382
2025-02-02,398,C,5000.0,5131.028567870095,473568.4863127168,21746.31351316394,15960.607115579638,0.0,0.0,15960.607115579638,1,S2,0,8,79803035.57789819,41497578.50050706,0.0,2394091.067336946,118717.80986933091,35319079.713872135,0.7125643802613382
2025-02-03,399,A,10000.0,10387.970312211199,173424.61886376422,14240.931272667674,15562.252948744877,4872.397321622648,6193.718997699851,14240.931272667674,0,S3,0,3,142409312.72667673,80923715.33347337,74324.62797239822,2136139.690900151,119050.4576808532,58982657.997786194,0.7118990846382935
2025-02-03,399,B,25000.0,26088.63954423441,199326.43905793736,9302.969284648683,9597.7796769682,2541.672150455939,2836.4825427754567,9302.969284648683,0,S3,0,3,232574232.11621708,129570025.6390707,34037.79051330548,1395445.3926973024,119050.4576808532,101256346.39719698,0.7118990846382935
2025-02-03,399,C,4850.0,5320.669476448349,265959.08705796587,28144.529131474774,15944.287005036564,0.0,0.0,15944.287005036564,1,S3,0,3,77329791.97442733,41455146.21309507,0.0,2391643.0507554845,119050.4576808532,33097993.165837955,0.7118990846382935
2025-02-04,400,A,10000.0,10389.65033149969,147394.46286503223,16521.063146981163,15934.47930681731,6193.718997699851,5607.135157535995,16521.063146981163,0,S1,0,5,165210631.46981162,82859292.39545001,67285.62189043194,2478159.4720471743,119253.64698123737,79539245.87057774,0.7114927060375252
2025-02-04,400,B,25000.0,25502.274020470442,165599.89042592753,10048.47730697634,9415.29834534083,2836.4825427754567,2203.3035811399477,10048.47730697634,0,S1,0,5,251211932.6744085,127106527.66210121,26439.642973679373,1507271.596046451,119253.64698123737,122286840.23588,0.7114927060375252
2025-02-04,400,C,5000.0,5098.228351750045,401267.3541653705,24684.55491934093,15934.47930681731,0.0,0.0,15934.47930681731,1,S1,0,5,79672396.53408654,41429646.197725005,0.0,2390171.8960225964,119253.64698123737,35332057.43919233,0.7114927060375252
2025-02-05,401,A,10000.0,10361.561891215015,456780.04888450523,15610.185351900589,15145.376694445875,5607.135157535995,5142.326500081283,15610.185351900589,0,S1,0,5,156101853.5190059,78755958.81111854,61707.91800097539,2341527.8027850883,119508.12570442651,74366370.81251235,0.7109837485911469
2025-02-05,401,B,25000.0,26072.98209733872,431429.7112801286,9509.443482404084,9721.994671797807,2203.3035811399477,2415.8547705336714,9509.443482404084,0,S1,0,5,237736087.0601021,131246928.0692704,28990.257246404057,1426416.5223606126,119508.12570442651,104482814.37424015,0.7109837485911469
2025-02-05,401,C,5000.0,5273.224279968222,367070.16656913084,24663.15128071105,15922.613604936276,0.0,0.0,15922.613604936276,1,S1,0,5,79613068.02468137,41398795.37283432,0.0,2388392.0407404415,119508.12570442651,35339302.31883306,0.7109837485911469
2025-02-06,402,A,10000.0,10270.815719657106,152494.9971237632,13377.660194160962,12838.63831193724,5142.326500081283,4603.3046178575605,13377.660194160962,0,S3,0,3,133776601.94160962,66760919.22207365,55239.655414290726,2006649.0291241445,119898.6084275441,64681400.42944623,0.7102027831449119
2025-02-06,402,B,24250.0,26460.21096422047,191537.34446060722,9815.789541549475,8859.74766084198,2415.8547705336714,1459.8128898261766,9815.789541549475,0,S3,0,3,238032896.38257477,119606593.42136674,17517.75467791412,1472368.4312324212,119898.6084275441,116624980.82240954,0.7102027831449119
2025-02-06,402,C,5000.0,4887.089436952492,381603.2056636491,23618.541629577143,15905.060072129492,0.0,0.0,15905.060072129492,1,S3,0,3,79525300.36064745,41353156.18753668,0.0,2385759.010819424,119898.6084275441,35284883.34820015,0.7102027831449119
2025-02-07,403,A,10000.0,10082.300976031389,457168.63401738903,14615.952036715094,14703.049240185219,4603.3046178575605,4690.401821327683,14615.952036715094,0,S1,0,5,146159520.36715093,76455856.04896314,56284.8218559322,2192392.805507264,120184.74202914446,66877633.31477805,0.709630515941711
2025-02-07,403,B,23750.0,25953.71888520034,224414.30048038115,8672.548573384487,9493.148562810526,1459.8128898261766,2280.412879252215,8672.548573384487,0,S1,0,5,205973028.61788157,128157505.5979421,27364.95455102658,1300882.286007673,120184.74202914446,76142676.73687124,0.709630515941711
2025-02-07,403,C,5000.0,5164.692537386691,486881.09882145317,23678.039230491606,15892.10362754435,0.0,0.0,15892.10362754435,1,S1,0,5,79460518.13772175,41319469.43161531,0.0,2383815.5441316525,120184.74202914446,35150167.32112419,0.709630515941711
2025-02-08,404,A,9700.0,10277.129478350033,160570.95300418607,15242.981370110887,13759.207239727484,4690.401821327683,3206.627690944282,15242.981370110887,0,S1,0,5,147856919.2900756,71547877.64658292,38479.53229133139,2286447.205516633,120471.19344751458,73703072.75923301,0.7090576131049707
2025-02-08,404,B,25000.0,25716.95496567429,218593.94060520848,9070.558381084476,8237.780188522256,2280.412879252215,1447.6346866899949,9070.558381084476,0,S1,0,5,226763959.52711192,111210032.54505046,17371.61624027994,1360583.7571626715,120471.19344751458,113836906.47460578,0.7090576131049707
2025-02-08,404,C,5000.0,5222.637609984036,411319.7826847065,22700.57347615862,15879.565962406321,0.0,0.0,15879.565962406321,1,S1,0,5,79397829.81203161,41286871.50225644,0.0,2381934.8943609484,120471.19344751458,35197232.439282,0.7090576131049707
2025-02-09,405,A,10000.0,10319.85554169359,124697.41880353107,14345.460336983648,15287.191883361316,3206.627690944282,4148.359237321951,14345.460336983648,0,S2,0,8,143454603.36983648,79493397.79347885,49780.31084786341,2151819.050547547,120673.13297058427,61514235.66318811,0.7086537340588315
2025-02-09,405,B,25000.0,27258.970822605297,389397.4212854538,9511.5351509681,9961.353354971101,1447.6346866899949,1897.4528906929954,9511.5351509681,0,S2,0,8,237788378.7742025,134478270.29210988,22769.434688315945,1426730.272645215,120673.13297058427,101350538.22050305,0.7086537340588315
2025-02-09,405,C,4850.0,5119.871403965388,185211.5160170437,24941.349550185267,15871.149084145498,0.0,0.0,15871.149084145498,1,S2,0,8,76975073.05810566,41264987.618778296,0.0,2380672.3626218247,120673.13297058427,33023528.427717917,0.7086537340588315
2025-02-10,406,A,10000.0,10547.851651064486,462995.1514909676,14657.383733380591,15725.518683934491,4148.359237321951,5216.494187875849,14657.383733380591,0,S3,0,3,146573837.33380592,81772697.15645936,62597.93025451019,2198607.560007089,120916.16417864665,61956023.37141535,0.7081676716427066
2025-02-10,406,B,25000.0,25419.56684014457,188601.77161463615,8830.747939153967,8385.884671579777,1897.4528906929954,1452.5896231188053,8830.747939153967,0,S3,0,3,220768698.47884917,113209443.06632699,17431.075477425664,1324612.190873095,120916.16417864665,105907694.21037838,0.7081676716427066
2025-02-10,406,C,4850.0,5348.461101250778,497863.07088503626,28965.86935561208,15860.047265096686,0.0,0.0,15860.047265096686,1,S3,0,3,76921229.23571892,41236122.88925138,0.0,2379007.089764503,120916.16417864665,32687320.02163935,0.7081676716427066
2025-02-11,407,A,10000.0,10531.269790632818,342690.00360029924,17260.48629102628,15852.773408661209,5216.494187875849,3808.78130551078,17260.48629102628,0,S2,0,8,172604862.9102628,82434421.72503829,45705.37566612936,2589072.9436539416,121098.79891809696,87071874.06338604,0.7078024021638061
2025-02-11,407,B,25000.0,25778.102547074734,194011.00209353244,9359.488121933622,8879.83406654932,1452.5896231188053,972.9355677345029,9359.488121933622,0,S2,0,8,233987203.04834056,119877759.89841582,11675.226812814035,1403923.2182900433,121098.79891809696,112378734.90381025,0.7078024021638061
2025-02-11,407,C,5000.0,5206.47450475701,416079.0079086653,26924.924241444794,15852.773408661209,0.0,0.0,15852.773408661209,1,S2,0,8,79263867.04330604,41217210.862519145,0.0,2377916.0112991813,121098.79891809696,35131562.36266095,0.7078024021638061
2025-02-12,408,A,10000.0,9846.406826687878,411448.17454208346,15636.935818564452,14995.076499894565,3808.78130551078,3166.921986840891,15636.935818564452,0,S2,0,8,156369358.18564454,77974397.79945174,38003.06384209069,2345540.3727846676,121419.88617304053,75478548.88885091,0.707160227653919
2025-02-12,408,B,24250.0,26011.124149247393,453941.56111378974,10757.40608537996,10477.796109919942,972.9355677345029,693.3255922744847,10757.40608537996,0,S2,0,8,260867097.57046404,141450247.4839192,8319.907107293817,1613610.912806994,121419.88617304053,117219557.81934373,0.707160227653919
2025-02-12,408,C,5000.0,5053.705922766918,327613.8069867347,25409.50443522207,15839.56833589781,0.0,0.0,15839.56833589781,1,S2,0,8,79197841.67948905,41182877.67333431,0.0,2375935.2503846716,121419.88617304053,35189995.06261029,0.707160227653919
2025-02-13,409,A,10000.0,10576.532715554908,337117.97793287854,15884.104460379309,15836.143680318406,3166.921986840891,3118.9612067799862,15884.104460379309,0,S1,0,5,158841044.60379308,82347947.1376557,37427.534481359835,2382615.669056896,121499.36284833933,73614436.9218179,0.7070012743033213
2025-02-13,409,B,25000.0,26320.478995259073,205633.60171528155,9420.405054895262,9132.253510910945,693.3255922744847,405.1740482901678,9420.405054895262,0,S1,0,5,235510126.37238154,123285422.39729775,4862.088579482013,1413060.7582342892,121499.36284833933,110479648.16370639,0.7070012743033213
2025-02-13,409,C,5000.0,5193.8074589740545,496777.52666405606,26384.724756927422,15836.143680318406,0.0,0.0,15836.143680318406,1,S1,0,5,79180718.40159203,41173973.56882785,0.0,2375421.5520477607,121499.36284833933,35013046.39120402,0.7070012743033213
2025-02-14,410,A,10000.0,10549.0684194824,208701.81950036963,14979.772545720876,15730.477137926311,3118.9612067799862,3869.665798985421,14979.772545720876,0,S1,0,5,149797725.45720875,81798481.11721681,46435.98958782505,2246965.8818581314,121780.31680335377,65375360.33224226,0.7064393663932924
2025-02-14,410,B,25000.0,25664.28604411604,440163.41922137403,8631.674551774562,8759.357325565781,405.1740482901678,532.8568220813868,8631.674551774562,0,S1,0,5,215791863.79436406,118251323.89513804,6394.281864976641,1294751.1827661842,121780.31680335377,95677450.69857015,0.7064393663932924
2025-02-14,410,C,5000.0,5110.366301141787,316562.72951738985,24525.32053364129,15822.950611365071,0.0,0.0,15822.950611365071,1,S1,0,5,79114753.05682535,41139671.589549184,0.0,2373442.5917047607,121780.31680335377,35163295.82925066,0.7064393663932924
2025-02-15,411,A,10000.0,10347.440125065325,143477.85041630146,14809.510077226305,13614.660855340906,3869.665798985421,2674.816577100022,14809.510077226305,0,S1,0,5,148095100.77226305,70796236.44777271,32097.798925200266,2221426.5115839457,121971.85451115051,74779890.30905373,0.7060562909776988
2025-02-15,411,B,24250.0,25070.659102445603,218790.60342790725,8677.177087297034,9176.01796156924,532.8568220813868,1031.6976963535926,8677.177087297034,0,S1,0,5,210421544.36695307,123876242.48118474,12380.372356243111,1301576.5630945552,121971.85451115051,84890582.49237849,0.7060562909776988
2025-02-15,411,C,5000.0,5265.972441988711,470926.2098036193,23290.26226115008,15813.777093989647,0.0,0.0,15813.777093989647,1,S1,0,5,79068885.46994823,41115820.444373086,0.0,2372066.564098447,121971.85451115051,34988100.39716193,0.7060562909776988
2025-02-16,412,A,10000.0,10270.261087047566,372270.76358954736,14393.709336172977,15790.232482848032,2674.816577100022,4071.339723775078,14393.709336172977,0,S3,0,3,143937093.36172977,82109208.91080977,48856.07668530093,2159056.4004259463,122235.92216018704,59125465.28805902,0.705528155679626
2025-02-16,412,B,24250.0,26305.631230743547,248419.19487105595,9234.990025477842,9276.558328958763,1031.6976963535926,1073.2659998345134,9234.990025477842,0,S3,0,3,223948508.11783767,125233537.4409433,12879.191998014161,1385248.5038216764,122235.92216018704,96946187.86404343,0.705528155679626
2025-02-16,412,C,4750.0,5060.829737695304,413488.9576786261,27621.550410959106,15801.54841599872,0.0,0.0,15801.54841599872,1,S3,0,3,75057354.97599393,41084025.88159668,0.0,2370232.262399808,122235.92216018704,31067371.952158637,0.705528155679626
2025-02-17,413,A,10000.0,10394.393898807446,487631.5912857986,15936.593927809798,15789.181474735538,4071.339723775078,3923.9272707008167,15936.593927809798,0,S3,0,3,159365939.278098,82103743.6686248,47087.1272484098,2390489.0891714697,122522.60849655734,74214465.19327095,0.7049547830068852
2025-02-17,413,B,25000.0,25389.8379787205,448564.5093937854,9997.734356743636,9015.724498816366,1073.2659998345134,91.25614190724264,9997.734356743636,0,S3,0,3,249943358.9185909,121712280.73402093,1095.0737028869116,1499660.1535115454,122522.60849655734,126159235.8394652,0.7049547830068852
2025-02-17,413,C,5000.0,5002.929125486436,321020.4086836668,25881.376539013516,15789.181474735538,0.0,0.0,15789.181474735538,1,S3,0,3,78945907.37367769,41051871.8343124,0.0,2368377.2212103307,122522.60849655734,35082115.300974734,0.7049547830068852
2025-02-18,414,A,9700.0,10449.248331614679,152267.55319938425,15791.753476493204,14938.9999778253,3923.9272707008167,3071.173772032913,15791.753476493204,0,S1,0,5,153180008.7219841,77682799.88469157,36854.085264394955,2368763.0214739805,122884.74371184516,72816439.43364292,0.7042305125763096
2025-02-18,414,B,25000.0,26574.468762359516,404371.5090265994,9549.80169340222,9102.475136529474,91.25614190724264,0.0,9193.731278436717,1,S1,0,5,229843281.96091792,122883414.3431479,0.0,1379059.6917655075,122884.74371184516,105053551.67326607,0.7042305125763096
2025-02-18,414,C,5000.0,5214.578045348771,233351.9895355123,29107.054617407455,15772.733092953888,0.0,0.0,15772.733092953888,1,S1,0,5,78863665.46476944,41009106.041680105,0.0,2365909.9639430833,122884.74371184516,35132412.72589889,0.7042305125763096
2025-02-19,415,A,9700.0,10250.097283160625,183309.95008122682,16249.323474052188,15757.456986817378,3071.173772032913,2579.307284798102,16249.323474052188,0,S1,0,5,157618437.69830623,81938776.33145037,30951.687417577225,2437398.5211078282,123227.57242464201,72904773.63582459,0.703544855150716
2025-02-19,415,B,25000.0,25536.947694698658,125758.30964628074,9221.867850616749,9631.710349309711,0.0,409.8424986929622,9221.867850616749,0,S1,0,5,230546696.2654187,130028089.7156811,4918.109984315546,1383280.1775925122,123227.57242464201,98881422.38008986,0.703544855150716
2025-02-19,415,C,5000.0,5224.318082667036,304897.50821024936,26477.526058150674,15757.456986817378,0.0,0.0,15757.456986817378,1,S1,0,5,78787284.93408689,40969388.16572519,0.0,2363618.548022607,123227.57242464201,35026153.139704205,0.703544855150716
2025-02-20,416,A,10000.0,9959.20235306462,409237.28058273875,15558.086536708175,14496.9287417326,2579.307284798102,1518.1494898225246,15558.086536708175,0,S1,0,5,155580865.36708176,75384029.45700952,18217.793877870296,2333712.9805062264,123446.08909765029,77312221.76600775,0.7031078218046993
2025-02-20,416,B,25000.0,26529.26624015403,491941.6286381358,9932.349970872732,10213.231133364568,409.8424986929622,690.7236611847984,9932.349970872732,0,S1,0,5,248308749.2718183,137878620.30042168,8288.68393421758,1489852.49563091,123446.08909765029,108316600.07409573,0.7031078218046993
2025-02-20,416,C,5000.0,5096.986419486665,135464.48323344378,23121.018996950108,15746.914343251758,0.0,0.0,15746.914343251758,1,S1,0,5,78734571.7162588,40941977.29245457,0.0,2362037.1514877635,123446.08909765029,35171646.69998537,0.7031078218046993
2025-02-21,417,A,9700.0,10364.452514730485,248458.65502721266,15165.374053223484,15463.582729367987,1518.1494898225246,1816.3581659670272,15165.374053223484,0,S1,0,5,147104128.3162678,80410630.19271353,21796.297991604326,2274806.1079835226,123756.15829986702,64024680.90425206,0.7024876834002659
2025-02-21,417,B,25000.0,27308.32337105863,321273.87801646633,9517.355929323185,8886.423969599478,690.7236611847984,59.79170146109209,9517.355929323185,0,S1,0,5,237933898.2330796,119966723.58959296,717.5004175331051,1427603.3893984777,123756.15829986702,116093823.71735431,0.7024876834002659
2025-02-21,417,C,5000.0,5350.149929663615,309351.8295814941,26901.39256654386,15732.547246009237,0.0,0.0,15732.547246009237,1,S1,0,5,78662736.23004618,40904622.83962402,0.0,2359882.0869013853,123756.15829986702,34965123.31563942,0.7024876834002659
2025-02-22,418,A,10000.0,10885.297457167164,480470.59419586736,15613.425579667357,15722.10708744215,1816.3581659670272,1925.0396737418196,15613.425579667357,0,S1,0,5,156134255.79667357,81754956.85469918,23100.476084901835,2342013.8369501038,123993.69808002182,71409720.33666348,0.7020126038399563
2025-02-22,418,B,25000.0,25654.81809731857,437117.71551288414,8506.087732865202,9332.524856885871,59.79170146109209,886.2288254817613,8506.087732865202,0,S1,0,5,212652193.32163006,125989085.56795926,10634.745905781136,1275913.1599297803,123993.69808002182,84815448.43424232,0.7020126038399563
2025-02-22,418,C,5000.0,5218.51165719657,435789.5601786575,27155.508468631793,15722.10708744215,0.0,0.0,15722.10708744215,1,S1,0,5,78610535.43721075,40877478.42734959,0.0,2358316.0631163223,123993.69808002182,34814957.68848617,0.7020126038399563
2025-02-23,419,A,10000.0,10348.867999131344,145837.7441720073,13740.244043780036,12465.110129236984,1925.0396737418196,649.9057591987676,13740.244043780036,0,S2,0,8,137402440.43780035,64818572.67203232,7798.869110385211,2061036.6065670054,124341.79079710659,70244852.75512151,0.7013164184057866
2025-02-23,419,B,25000.0,25496.93034632758,485051.9980648826,9301.395700650683,9616.665100629536,886.2288254817613,1201.4982254606148,9301.395700650683,0,S2,0,8,232534892.51626706,129824978.85849874,14417.978705527377,1395209.3550976024,124341.79079710659,100690892.53510322,0.7013164184057866
2025-02-23,419,C,5000.0,5246.8083598343,300710.05539547256,24939.767848662363,15706.120080356872,0.0,0.0,15706.120080356872,1,S2,0,8,78530600.40178436,40835912.20892787,0.0,2355918.0120535307,124341.79079710659,34913718.33461038,0.7013164184057866
2025-02-24,420,A,9700.0,10571.450756514427,415564.87449762627,16274.126797417393,15015.188069508698,649.9057591987676,0.0,15665.093828707466,1,S3,0,3,151951410.13846242,78078977.96144523,0.0,2349764.0743061197,124611.37555005397,70982491.85266341,0.700777248899892
2025-02-24,420,B,25000.0,26288.463803481634,344387.1276453177,10213.432741868182,9617.25445700925,1201.4982254606148,605.3199406016829,10213.432741868182,0,S3,0,3,255335818.54670456,129832935.16962488,7263.839287220195,1532014.9112802274,124611.37555005397,123494606.12331687,0.700777248899892
2025-02-24,420,C,4850.0,5376.640928775914,296796.9534761761,27546.923649590266,15692.97017688029,0.0,0.0,15692.97017688029,1,S3,0,3,76110905.3578694,40801722.45988876,0.0,2353945.5265320432,124611.37555005397,32533829.042422373,0.700777248899892
2025-02-25,421,A,10000.0,10633.192120107647,154162.59474007745,15565.076779440396,15678.719745402292,0.0,113.64296596189524,15565.076779440396,0,S1,0,5,155650767.79440397,81529342.67609191,1363.715591542743,2334761.5169160594,124931.91652611506,71506205.37453826,0.7001361669477699
2025-02-25,421,B,24250.0,26240.54270524693,210705.97778133635,9984.78191895985,9634.49740166457,605.3199406016829,255.03542330640266,9984.78191895985,0,S1,0,5,242130961.53477636,130065714.9224717,3060.425079676832,1497717.2878439776,124931.91652611506,110228831.00507356,0.7001361669477699
2025-02-25,421,C,5000.0,5109.575853432909,291401.45307555987,26402.198579230382,15678.719745402292,0.0,0.0,15678.719745402292,1,S1,0,5,78393598.72701146,40764671.338045955,0.0,2351807.961810344,124931.91652611506,34860786.057553485,0.7001361669477699
2025-02-26,422,A,10000.0,10024.088229969911,375968.24439924734,15252.287845706276,15664.362786699781,113.64296596189524,525.7179069554004,15252.287845706276,0,S2,0,8,152522878.45706275,81454686.49083886,6308.614883464805,2287843.1768559413,125265.63604509424,68272806.29404014,0.6994687279098114
2025-02-26,422,B,25000.0,25578.459641332425,282413.0048972663,9900.254787903854,10639.820313019858,255.03542330640266,994.6009484224069,9900.254787903854,0,S2,0,8,247506369.69759634,143637574.2257681,11935.211381068882,1485038.218185578,125265.63604509424,101964143.40131925,0.6994687279098114
2025-02-26,422,C,5000.0,5149.638825408219,324974.8237707364,25466.619497403655,15664.362786699781,0.0,0.0,15664.362786699781,1,S2,0,8,78321813.9334989,40727343.24541943,0.0,2349654.4180049673,125265.63604509424,34794575.81025868,0.6994687279098114
2025-02-27,423,A,10000.0,10403.84684681446,265996.8704394073,17055.767227042317,15654.626500980452,525.7179069554004,0.0,16180.344407935852,1,S2,0,8,161803444.07935852,81404057.80509835,0.0,2427051.661190378,125483.93519288195,77580853.8074375,0.699032129614236
2025-02-27,423,B,25000.0,24775.547306786022,382535.60118030914,9172.045591230475,9737.060320714354,994.6009484224069,1559.6156779062858,9172.045591230475,0,S2,0,8,229301139.78076187,131450314.32964379,18715.38813487543,1375806.8386845712,125483.93519288195,95948283.68792543,0.699032129614236
2025-02-27,423,C,5000.0,5163.342978620175,278359.93076206767,25995.996258234343,15654.626500980452,0.0,0.0,15654.626500980452,1,S2,0,8,78273132.50490226,40702028.90254918,0.0,2348193.9751470676,125483.93519288195,34819065.76125106,0.699032129614236
2025-02-28,424,A,10000.0,10642.582222704066,190687.04136374072,14636.808122425547,13243.7960518255,0.0,0.0,13243.7960518255,1,S2,1,16,132437960.51825501,68867739.4694926,0.0,1986569.407773825,125867.41610136279,61267097.18352348,0.6982651677972743
2025-02-28,424,B,25000.0,25870.2469283872,427420.4321075492,9291.720968823869,10051.478834522668,1559.6156779062858,2319.3735436050847,9291.720968823869,0,S2,1,16,232293024.22059673,135694964.26605603,27832.482523261016,1393758.1453235804,125867.41610136279,94623181.47848494,0.6982651677972743
2025-02-28,424,C,5000.0,5192.904576845525,422903.3659332143,25127.27807933418,15637.917963122582,0.0,0.0,15637.917963122582,1,S2,1,16,78189589.81561291,40658586.704118714,0.0,2345687.6944683874,125867.41610136279,34636544.63499123,0.6982651677972743
2025-03-01,425,A,10000.0,10713.307735030607,370858.2602731272,15580.111474338211,15625.785605361645,0.0,45.6741310234338,15580.111474338211,0,S1,0,5,155801114.74338213,81254085.14788055,548.0895722812056,2337016.7211507317,126135.30218028401,71712471.22232515,0.6977293956394318
2025-03-01,425,B,23750.0,25691.380029796233,353525.6106771936,10266.454232513075,11201.388480225252,2319.3735436050847,3254.307791317262,10266.454232513075,0,S1,0,5,243828288.02218553,151218744.4830409,39051.69349580714,1539968.1348769614,126135.30218028401,90550862.79791437,0.6977293956394318
2025-03-01,425,C,5000.0,5193.8297673295765,251103.698826706,25857.81635635344,15625.785605361645,0.0,0.0,15625.785605361645,1,S1,0,5,78128928.02680823,40627042.57394028,0.0,2343867.8408042467,126135.30218028401,34780778.611056715,0.6977293956394318
2025-03-02,426,A,10000.0,10128.835939606393,333242.7667213106,14452.130061929063,15450.153451329285,45.6741310234338,1043.697520423655,14452.130061929063,0,S1,0,5,144521300.61929062,80340797.94691227,12524.370245083861,2167819.5092893597,126447.16600249913,61540468.860120095,0.6971056679950017
2025-03-02,426,B,25000.0,26243.492910411816,431239.9389699197,9047.894392721799,8643.177121789922,3254.307791317262,2849.5905203853854,9047.894392721799,0,S1,0,5,226197359.81804496,116682891.14416395,34195.086244624625,1357184.1589082698,126447.16600249913,107565402.3237557,0.6971056679950017
2025-03-02,426,C,4750.0,5133.604898730069,272069.8484953159,28973.493455707972,15611.403616252588,0.0,0.0,15611.403616252588,1,S1,0,5,74154167.1771998,40589649.40225673,0.0,2341710.542437888,126447.16600249913,30824290.218007363,0.6971056679950017
2025-03-03,427,A,10000.0,10688.072312876271,402587.6195601354,15048.019811756256,15602.328976457047,1043.697520423655,1598.0066851244464,15048.019811756256,0,S2,0,8,150480198.11756256,81132110.67757665,19176.080221493357,2257202.9717634385,126656.32514421653,66542464.44329663,0.6966873497115669
2025-03-03,427,B,25000.0,25743.59879291968,284596.5865795787,9885.774081825566,9744.466070461891,2849.5905203853854,2708.28250902171,9885.774081825566,0,S2,0,8,247144352.04563916,131550291.95123553,32499.390108260523,1482866.1122738349,126656.32514421653,113667441.68029773,0.6966873497115669
2025-03-03,427,C,5000.0,5253.2710092679745,250477.38744065203,26916.441081993456,15602.328976457047,0.0,0.0,15602.328976457047,1,S2,0,8,78011644.88228524,40566055.33878832,0.0,2340349.346468557,126656.32514421653,34728106.484443486,0.6966873497115669
2025-03-04,428,A,10000.0,10590.45660063614,462519.679635465,17648.8638135137,15591.94507100762,1598.0066851244464,0.0,17189.951756132068,1,S2,1,14,171899517.5613207,81078114.36923963,0.0,2578492.76341981,126905.62439203204,87653485.12463376,0.6961887512159359
2025-03-04,428,B,25000.0,26160.750837957923,378867.25144027895,10698.19149146808,10099.453358943916,2708.28250902171,2109.544376497546,10698.19149146808,0,S2,1,14,267454787.286702,136342620.34574288,25314.532517970554,1604728.723720212,126905.62439203204,128976350.80888864,0.6961887512159359
2025-03-04,428,C,5000.0,5141.395328485445,443434.3582507355,26149.454466243726,15591.94507100762,0.0,0.0,15591.94507100762,1,S2,1,14,77959725.3550381,40539057.184619814,0.0,2338791.760651143,126905.62439203204,34511536.42712438,0.6961887512159359
2025-03-05,429,A,10000.0,10987.95856520836,292426.34742041747,15031.205137394234,15578.930393511906,0.0,547.725256117672,15031.205137394234,0,S2,1,12,150312051.37394235,81010438.0462619,6572.7030734120635,2254680.7706091353,127193.83279281022,66620739.67378466,0.6956123344143796
2025-03-05,429,B,25000.0,26439.38202359682,357414.15228177764,9815.421587406125,9552.110367238269,2109.544376497546,1846.2331563296902,9815.421587406125,0,S2,1,12,245385539.68515313,128953489.95771663,22154.797875956283,1472313.2381109188,127193.83279281022,114452973.70637505,0.6956123344143796
2025-03-05,429,C,4850.0,5184.363453972817,421263.7299726252,29541.292607025367,15578.930393511906,0.0,0.0,15578.930393511906,1,S2,1,12,75557812.40853274,40505219.02313095,0.0,2336839.559026786,127193.83279281022,32167296.263609566,0.6956123344143796
2025-03-06,430,A,10000.0,10415.71350027685,317427.0275274293,16587.237896894287,15562.342977288405,547.725256117672,0.0,16110.068233406077,1,S3,0,3,161100682.33406076,80924183.48189971,0.0,2416510.2350109117,127564.07245058415,77314997.51717213,0.6948718550988316
2025-03-06,430,B,25000.0,26852.95529303524,295951.2356947326,10167.22587843126,9315.041504789766,1846.2331563296902,994.0487826881963,10167.22587843126,0,S3,0,3,254180646.96078148,125753060.31466185,11928.585392258356,1525083.881764689,127564.07245058415,126467058.87081738,0.6948718550988316
2025-03-06,430,C,5000.0,5078.353477012332,328502.18093101826,26997.640977391296,15562.342977288405,0.0,0.0,15562.342977288405,1,S3,0,3,77811714.88644202,40462091.740949854,0.0,2334351.446593261,127564.07245058415,34559205.4455173,0.6948718550988316
2025-03-07,431,A,9700.0,10408.068632001976,145533.99087819358,15741.33811574542,14869.411708187517,0.0,0.0,14869.411708187517,1,S1,0,5,144233293.5694189,77320940.8825751,0.0,2230411.7562281275,127888.3903529987,64408518.54938449,0.6942232192940027
2025-03-07,431,B,25000.0,25877.108572557994,134647.34181650452,9136.317027434503,9826.424621788523,994.0487826881963,1684.1563770422163,9136.317027434503,0,S1,0,5,228407925.68586257,132656732.39414506,20209.876524506595,1370447.5541151755,127888.3903529987,94098000.12890834,0.6942232192940027
2025-03-07,431,C,5000.0,5355.085510951531,105428.03555542065,27613.14165551578,15547.35162795693,0.0,0.0,15547.35162795693,1,S1,0,5,77736758.13978465,40423114.23268802,0.0,2332102.7441935395,127888.3903529987,34748224.73699467,0.6942232192940027
2025-03-08,432,A,10000.0,10697.244264887655,334181.9847609393,14741.90441569858,13465.060975819268,0.0,0.0,13465.060975819268,1,S2,0,8,134650609.7581927,70018317.07426019,0.0,2019759.14637289,128239.22063286188,62150112.33216581,0.6935215587342762
2025-03-08,432,B,24250.0,26730.822160362895,231535.2738554969,8953.62365166607,8065.961771791577,1684.1563770422163,796.4944971677232,8953.62365166607,0,S2,0,8,217125373.5529022,108890483.9191863,9557.933966012679,1343043.5477499105,128239.22063286188,106522513.65751162,0.6935215587342762
2025-03-08,432,C,5000.0,5414.7633159584875,106061.12792691129,25959.922983968736,15532.236301041055,0.0,0.0,15532.236301041055,1,S2,0,8,77661181.50520527,40383814.38270675,0.0,2329835.4451561584,128239.22063286188,34713231.3287826,0.6935215587342762
2025-03-09,433,A,9700.0,10302.772928969505,452969.99798703124,16015.420466146137,15522.191723421964,0.0,0.0,15522.191723421964,1,S2,0,8,150565259.71719304,80715396.96179421,0.0,2328328.7585132946,128466.4196107245,66940097.579287775,0.6930671607785511
2025-03-09,433,B,25000.0,26015.619182293194,271235.7103515615,10127.060157454378,10527.972219473928,796.4944971677232,1197.4065591872732,10127.060157454378,0,S2,0,8,253176503.93635944,142127624.96289802,14368.878710247278,1519059.0236181568,128466.4196107245,109115748.94117074,0.6930671607785511
2025-03-09,433,C,5000.0,5256.96746373767,322745.9141428507,22736.49161002106,15522.191723421964,0.0,0.0,15522.191723421964,1,S2,0,8,77610958.61710982,40357698.480897106,0.0,2328328.7585132946,128466.4196107245,34473719.04394585,0.6930671607785511
2025-03-10,434,A,10000.0,10383.890662040878,472442.7034492487,15715.781801911762,15474.148305457522,0.0,0.0,15474.148305457522,1,S2,0,8,154741483.0545752,80465571.18837911,0.0,2321122.2458186285,128809.0789387837,71353537.83798943,0.6923818421224326
2025-03-10,434,B,25000.0,26436.802173125707,171317.98925787304,9113.206416576624,8354.779502958327,1197.4065591872732,438.9796455689757,9113.206416576624,0,S2,0,8,227830160.4144156,112789523.2899374,5267.755746827708,1366980.9624864936,128809.0789387837,113368261.33804822,0.6923818421224326
2025-03-10,434,C,5000.0,5111.759359806212,348473.2505858414,25831.798168866866,15507.45714661032,0.0,0.0,15507.45714661032,1,S2,0,8,77537285.7330516,40319388.58118683,0.0,2326118.571991548,128809.0789387837,34414496.2503486,0.6923818421224326
2025-03-11,435,A,10000.0,10340.636062146075,431704.2573857965,16216.607792413764,15495.390326168646,0.0,0.0,15495.390326168646,1,S2,0,8,154953903.26168647,80576029.69607696,0.0,2324308.548925297,129073.62670411833,71492787.13259432,0.6918527465917634
2025-03-11,435,B,25000.0,26212.916353075016,236753.41666000796,9963.41440278124,10914.615194145597,438.9796455689757,1390.180436933333,9963.41440278124,0,S2,0,8,249085360.069531,147347305.12096557,16682.165243199997,1494512.160417186,129073.62670411833,99861033.57954092,0.6918527465917634
2025-03-11,435,C,4850.0,5236.246806380646,400354.21867784875,29590.2204219806,15495.390326168646,0.0,0.0,15495.390326168646,1,S2,0,8,75152643.08191794,40288014.84803848,0.0,2324308.548925297,129073.62670411833,32010891.8395722,0.6918527465917634
2025-03-12,436,A,9700.0,10536.96921372712,462232.7319021181,18042.20161589718,15486.420268078597,0.0,0.0,15486.420268078597,1,S1,0,5,150218276.6003624,80529385.3940087,0.0,2322963.0402117893,129262.22807868446,66774433.2061611,0.6914755438426311
2025-03-12,436,B,25000.0,25501.67811662589,213465.97688527266,9616.782228256583,9720.394581339178,1390.180436933333,1493.7927900159284,9616.782228256583,0,S1,0,5,240419555.70641458,131225326.8480789,17925.51348019114,1442517.3342384875,129262.22807868446,107391057.80565305,0.6914755438426311
2025-03-12,436,C,5000.0,5034.8882249227645,140275.51193848552,25818.581668809515,15486.420268078597,0.0,0.0,15486.420268078597,1,S1,0,5,77432101.34039298,40264692.69700435,0.0,2322963.0402117893,129262.22807868446,34574907.86315967,0.6914755438426311
2025-03-13,437,A,10000.0,10537.293675292149,459224.10719341575,17266.06321254232,15469.99306040791,0.0,0.0,15469.99306040791,1,S3,0,3,154699930.6040791,80443963.91412114,0.0,2320498.9590611868,129613.50332367564,71346630.12037969,0.6907729933526486
2025-03-13,437,B,25000.0,26116.083838947645,378841.73265044385,9987.567916094844,10528.918718944607,1493.7927900159284,2035.143592865692,9987.567916094844,0,S3,0,3,249689197.9023711,142140402.7057522,24421.723114388304,1498135.1874142266,129613.50332367564,105517783.05011618,0.6907729933526486
2025-03-13,437,C,5000.0,5040.428105287898,443111.40494367696,27446.302425133912,15469.99306040791,0.0,0.0,15469.99306040791,1,S3,0,3,77349965.30203955,40221981.95706057,0.0,2320498.9590611868,129613.50332367564,34234759.47765045,0.6907729933526486
2025-03-14,438,A,9700.0,10441.46117508391,117887.80162149477,16332.930301827007,15452.828513985232,0.0,0.0,15452.828513985232,1,S1,0,5,149892436.58565676,80354708.27272321,0.0,2317924.277097785,130005.07275795781,66971911.16145631,0.6899898544840843
2025-03-14,438,B,25000.0,24972.099147771674,357996.2875603981,8931.559524500022,8639.982496815992,2035.143592865692,1743.5665651816616,8931.559524500022,0,S1,0,5,223288988.11250055,116639763.70701589,20922.79878217994,1339733.9286750033,130005.07275795781,104800566.31770912,0.6899898544840843
2025-03-14,438,C,5000.0,5160.639125523511,348653.59610203136,24404.156681189816,15452.828513985232,0.0,0.0,15452.828513985232,1,S1,0,5,77264142.56992616,40177354.13636161,0.0,2317924.277097785,130005.07275795781,34290205.48760678,0.6899898544840843
2025-03-15,439,A,10000.0,10419.05480628222,180069.14096362653,14448.971436796326,13061.520752640876,0.0,0.0,13061.520752640876,1,S2,0,8,130615207.52640876,67919907.91373256,0.0,1959228.1128961314,130275.13130531214,60425727.22751113,0.6894497373893758
2025-03-15,439,B,25000.0,26332.125474173103,261135.69765728663,9355.498215344993,8508.88049004388,1743.5665651816616,896.9488398805497,9355.498215344993,0,S2,0,8,233887455.38362482,114869886.61559239,10763.386078566597,1403324.7323017488,130275.13130531214,117212069.82068953,0.6894497373893758
2025-03-15,439,C,5000.0,5200.399398030246,369888.8870615802,26104.79072204713,15441.24505156379,0.0,0.0,15441.24505156379,1,S2,0,8,77206225.25781895,40147237.13406585,0.0,2316186.7577345683,130275.13130531214,34242637.34765164,0.6894497373893758
2025-03-16,440,A,10000.0,10498.933199024981,141231.85661063853,13578.53659446981,13908.145823156854,0.0,329.6092286870444,13578.53659446981,0,S1,1,9,135785365.9446981,72322358.28041564,3955.3107442445325,2036780.4891704714,130582.97041170223,61150457.0373454,0.6888340591765955
2025-03-16,440,B,25000.0,26043.883514737285,126854.43679366722,9261.06476963442,10128.495814819176,896.9488398805497,1764.3798850653056,9261.06476963442,0,S1,1,9,231526619.24086052,136734693.5000589,21172.558620783668,1389159.715445163,130582.97041170223,93124156.05953032,0.6888340591765955
2025-03-16,440,C,5000.0,5205.511352071957,320986.0267109175,26131.83755521425,15427.372694680545,0.0,0.0,15427.372694680545,1,S1,1,9,77136863.47340272,40111169.006169416,0.0,2314105.9042020817,130582.97041170223,34260019.5659086,0.6888340591765955
2025-03-17,441,A,10000.0,10497.543362935607,213060.01713502515,16357.133354367761,15415.319066112028,329.6092286870444,0.0,15744.928294799072,1,S1,0,5,157449282.94799072,80159659.14378254,0.0,2361739.244219861,130842.14940674244,74583982.39344655,0.6883157011865151
2025-03-17,441,B,23750.0,25983.570111781,416673.47017585393,11253.124972975223,10273.715367828727,1764.3798850653056,784.970279918809,11253.124972975223,0,S1,0,5,267261718.10816157,138695157.4656878,9419.643359025707,1687968.7459462835,130842.14940674244,126321656.63358586,0.6883157011865151
2025-03-17,441,C,5000.0,5226.583002638309,115089.5448883396,25891.88092607142,15415.319066112028,0.0,0.0,15415.319066112028,1,S1,0,5,77076595.33056013,40079829.57189127,0.0,2312297.8599168044,130842.14940674244,34438536.20445697,0.6883157011865151
2025-03-18,442,A,10000.0,10393.410556110464,366250.9351996648,16984.27912203219,15404.136468765944,0.0,0.0,15404.136468765944,1,S3,0,3,154041364.68765944,80101509.63758291,0.0,2310620.4703148915,131100.7083908643,71131882.93617111,0.6877985832182714
2025-03-18,442,B,25000.0,24793.402357208808,191807.22992696738,9656.066675547247,8834.953025409615,784.970279918809,0.0,9619.923305328424,1,S3,0,3,240498082.6332106,119271865.84302981,0.0,1442988.4957992637,131100.7083908643,119460320.3560637,0.6877985832182714
2025-03-18,442,C,5000.0,5175.421809085993,410977.2933513713,26927.17433665785,15404.136468765944,0.0,0.0,15404.136468765944,1,S3,0,3,77020682.34382972,40050754.81879146,0.0,2310620.4703148915,131100.7083908643,34117229.05298114,0.6877985832182714
2025-03-19,443,A,10000.0,10532.22820853974,309129.2964862513,17234.02351980411,15388.546292290383,0.0,0.0,15388.546292290383,1,S3,0,3,153885462.92290384,80020440.71991,0.0,2308281.9438435575,131448.6732687216,71116162.2893953,0.6871026534625566
2025-03-19,443,B,24250.0,26226.57708917173,439622.9957921962,11491.98335512917,12586.255774226227,0.0,1094.2724190970566,11491.98335512917,0,S3,0,3,278680596.3618824,169914452.95205405,13131.26902916468,1723797.5032693755,131448.6732687216,106458142.96846887,0.6871026534625566
2025-03-19,443,C,5000.0,5353.835012504874,236940.1010343394,28550.921293002742,15388.546292290383,0.0,0.0,15388.546292290383,1,S3,0,3,76942731.46145192,40010220.359955,0.0,2308281.9438435575,131448.6732687216,34255840.383350305,0.6871026534625566
2025-03-20,444,A,10000.0,10808.14679713481,118294.6653860498,15029.625704412032,15380.284746903606,0.0,350.6590424915739,15029.625704412032,0,S3,0,3,150296257.0441203,79977480.68389875,4207.908509898887,2254443.855661805,131642.48236558848,67810187.44829822,0.686715035268823
2025-03-20,444,B,25000.0,26011.686776270577,226891.5612384421,9592.0184356913,9883.835509955874,1094.2724190970566,1386.089493361631,9592.0184356913,0,S3,0,3,239800460.8922825,133431779.3844043,16633.07392033957,1438802.765353695,131642.48236558848,104554711.62500012,0.686715035268823
2025-03-20,444,C,5000.0,5236.48282882271,469037.75932452537,25278.308343327626,15380.284746903606,0.0,0.0,15380.284746903606,1,S3,0,3,76901423.73451804,39988740.34194937,0.0,2307042.712035541,131642.48236558848,34004960.438843004,0.686715035268823
2025-03-21,445,A,10000.0,10518.04897191512,304997.9327423147,16052.182137795433,15367.487408508117,350.6590424915739,0.0,15718.146450999691,1,S2,0,8,157181464.50999692,79910934.5242422,0.0,2357721.967649954,131912.56621573312,74475897.51914671,0.6861748675685337
2025-03-21,445,B,25000.0,27516.366613612663,283986.0971179315,10231.767618686634,11157.788858108044,1386.089493361631,2312.1107327830414,10231.767618686634,0,S2,0,8,255794190.46716586,150630149.5844586,27745.328793396497,1534765.1428029952,131912.56621573312,103185631.74777721,0.6861748675685337
2025-03-21,445,C,5000.0,5148.012056865769,388159.8438575935,26240.89435113602,15367.487408508117,0.0,0.0,15367.487408508117,1,S2,0,8,76837437.04254058,39955467.2621211,0.0,2305123.1112762177,131912.56621573312,34056774.259069934,0.6861748675685337
2025-03-22,446,A,10000.0,10765.917143970333,284715.52160742466,15639.236577230247,15355.132001752489,0.0,0.0,15355.132001752489,1,S3,0,3,153551320.0175249,79846686.40911295,0.0,2303269.800262873,132193.52963033933,70984454.75691132,0.6856129407393213
2025-03-22,446,B,25000.0,26539.106823227696,110626.1684199751,9307.436566287031,9660.688122820164,2312.1107327830414,2665.3622893161737,9307.436566287031,0,S3,0,3,232685914.15717578,130419289.6580722,31984.347471794084,1396115.4849430546,132193.52963033933,100595704.96863842,0.6856129407393213
2025-03-22,446,C,5000.0,5450.711237143134,466790.5098115628,25593.675264363756,15355.132001752489,0.0,0.0,15355.132001752489,1,S3,0,3,76775660.00876245,39923343.20455647,0.0,2303269.800262873,132193.52963033933,33950062.964501195,0.6856129407393213
2025-03-23,447,A,9700.0,9864.670039445178,398032.33392120124,14254.99074750913,14750.563158917754,0.0,495.57241140862425,14254.99074750913,0,S3,0,3,138273410.25083855,76702928.42637232,5946.868936903491,2138248.6121263695,132504.21055135,58895749.7989304,0.6849915788972999
2025-03-23,447,B,25000.0,25035.700870179047,301996.90440740105,8788.591821376911,8801.367561724162,2665.3622893161737,2678.138029663425,8788.591821376911,0,S3,0,3,219714795.53442279,118818462.0832762,32137.656355961102,1318288.7732065367,132504.21055135,99111405.90662535,0.6849915788972999
2025-03-23,447,C,5000.0,5161.316565280158,475413.7731734355,25388.066548661714,15341.337574326551,0.0,0.0,15341.337574326551,1,S3,0,3,76706687.87163275,39887477.69324903,0.0,2301200.6361489827,132504.21055135,33910091.55850995,0.6849915788972999
2025-03-24,448,A,10000.0,10514.988646106893,190161.79473738358,16566.497270215106,15324.06031916787,495.57241140862425,0.0,15819.632730576493,1,S1,0,5,158196327.30576494,79685113.65967292,0.0,2372944.909586474,132898.95662642896,75815207.98514174,0.684202086747142
2025-03-24,448,B,25000.0,26195.379262245493,383408.8903788816,9710.505259030784,8906.07756726843,2678.138029663425,1873.7103379010714,9710.505259030784,0,S1,0,5,242762631.4757696,120232047.1581238,22484.524054812857,1456575.7888546176,132898.95662642896,120535216.15773107,0.684202086747142
2025-03-24,448,C,5000.0,5219.529763267632,322665.33494373574,23171.591110361125,15324.06031916787,0.0,0.0,15324.06031916787,1,S1,0,5,76620301.59583935,39842556.82983646,0.0,2298609.0478751804,132898.95662642896,34023571.42655755,0.684202086747142
2025-03-25,449,A,10000.0,10260.937495909136,428672.36800202506,16193.097034088192,15309.511887680694,0.0,0.0,15309.511887680694,1,S2,0,8,153095118.87680694,79609461.8159396,0.0,2296426.783152104,133222.4053038729,70627335.50440934,0.6835551893922542
2025-03-25,449,B,25000.0,27113.041846405747,392883.4616516974,10345.380467175471,9324.517100198027,1873.7103379010714,852.8469709236269,10345.380467175471,0,S2,0,8,258634511.6793868,125880980.85267337,10234.163651083523,1551807.0700763208,133222.4053038729,130665383.72603047,0.6835551893922542
2025-03-25,449,C,4850.0,5216.2930394040395,448402.6413988097,27708.28981772455,15309.511887680694,0.0,0.0,15309.511887680694,1,S2,0,8,74251132.65525137,39804730.9079698,0.0,2296426.783152104,133222.4053038729,31568349.91742678,0.6835551893922542
2025-03-26,450,A,9700.0,10522.210137343478,326061.71078695415,18353.558361321833,15297.033505729874,0.0,0.0,15297.033505729874,1,S1,0,5,148381225.00557977,79544574.22979535,0.0,2294555.025859481,133499.53318678227,66082534.505951196,0.6830009336264353
2025-03-26,450,B,25000.0,26828.23862746254,310847.621503836,10156.435515972213,9821.175486635791,852.8469709236269,517.5869415872057,10156.435515972213,0,S1,0,5,253910887.8993053,132585869.06958318,6211.043299046469,1523465.327395832,133499.53318678227,119350995.30433665,0.6830009336264353
2025-03-26,450,C,5000.0,5282.024640856145,167067.46789475653,28371.109675638858,15297.033505729874,0.0,0.0,15297.033505729874,1,S1,0,5,76485167.52864937,39772287.114897676,0.0,2294555.025859481,133499.53318678227,34117758.386810675,0.6830009336264353
2025-03-27,451,A,10000.0,10658.96846096342,160766.46158453968,15774.798581184546,14206.909915278737,0.0,0.0,14206.909915278737,1,S1,0,5,142069099.15278736,73875931.55944943,0.0,2131036.4872918106,133840.22537248323,65767524.41908909,0.6823195492550336
2025-03-27,451,B,25000.0,25824.29594358094,320991.5323840859,10169.496300113984,10002.859569615988,517.5869415872057,350.9502110892099,10169.496300113984,0,S1,0,5,254237407.5028496,135038604.18981585,4211.402533070519,1525424.4450170975,133840.22537248323,117214335.70772703,0.6823195492550336
2025-03-27,451,C,5000.0,5209.06301802642,295818.8271758199,25907.79324758194,15281.319103793674,0.0,0.0,15281.319103793674,1,S1,0,5,76406595.51896837,39731429.66986355,0.0,2292197.865569051,133840.22537248323,33953308.93098747,0.6823195492550336
2025-03-28,452,A,10000.0,10853.418446989735,144420.84460265664,15714.207442091123,15270.74886759149,0.0,0.0,15270.74886759149,1,S2,0,8,152707488.6759149,79407894.11147575,0.0,2290612.3301387234,134076.21843725725,70730485.17126052,0.6818475631254854
2025-03-28,452,B,25000.0,25392.957263953846,239218.45293589195,9779.292936353942,9623.170001213619,350.9502110892099,194.82727594888638,9779.292936353942,0,S2,0,8,244482323.40884855,129912795.01638386,2337.9273113866366,1466893.9404530914,134076.21843725725,112727001.85332707,0.6818475631254854
2025-03-28,452,C,5000.0,5236.480293463582,262832.11461139104,26842.66841071681,15270.74886759149,0.0,0.0,15270.74886759149,1,S2,0,8,76353744.33795746,39703947.055737875,0.0,2290612.3301387234,134076.21843725725,33962276.61903221,0.6818475631254854
2025-03-29,453,A,9700.0,10743.851136777517,265924.27004593634,16299.73298441534,14980.143670676287,0.0,0.0,14980.143670676287,1,S1,0,5,145307393.60555997,77896747.0875167,0.0,2247021.5506014433,134385.18035057597,64763315.51704532,0.6812296392988479
2025-03-29,453,B,24250.0,25821.85916846123,308900.93409288337,9582.61404064,9708.956161567878,194.82727594888638,321.16939687676313,9582.61404064,0,S1,0,5,232378390.48552004,131070908.18116635,3854.0327625211576,1437392.1060960002,134385.18035057597,99422950.0510517,0.6812296392988479
2025-03-29,453,C,4850.0,5265.2704430056665,171327.98598956616,25824.697215729015,15256.470972302923,0.0,0.0,15256.470972302923,1,S1,0,5,73993884.21566917,39666824.5279876,0.0,2288470.6458454384,134385.18035057597,31732875.875495993,0.6812296392988479
2025-03-30,454,A,10000.0,10441.310892789228,122071.13782708961,15011.577552236806,15238.121050597121,0.0,226.54349836031543,15011.577552236806,0,S2,0,8,150115775.52236804,79238229.46310502,2718.521980323785,2251736.632835521,134774.28911203818,68366245.47750805,0.6804514217759235
2025-03-30,454,B,25000.0,25989.1445544746,484593.6977680195,9032.934026404822,9649.558462067831,321.16939687676313,937.7938325397718,9032.934026404822,0,S2,0,8,225823350.66012055,130269039.23791572,11253.525990477261,1354940.1039607234,134774.28911203818,93568749.80537358,0.6804514217759235
2025-03-30,454,C,5000.0,5368.214583452562,326389.5663191165,25022.453397929792,15238.121050597121,0.0,0.0,15238.121050597121,1,S2,0,8,76190605.25298561,39619114.73155251,0.0,2285718.1575895683,134774.28911203818,33824608.508412376,0.6804514217759235
2025-03-31,455,A,10000.0,10517.681430342742,449992.4629031579,16092.015778051282,15220.050811332023,226.54349836031543,0.0,15446.594309692338,1,S3,0,3,154465943.09692338,79144264.21892652,0.0,2316989.146453851,135193.7264700594,72419503.5421698,0.6796125470598812
2025-03-31,455,B,25000.0,27059.757022950085,220827.3864452313,9914.338574540887,9542.813355310702,937.7938325397718,566.2686133095867,9914.338574540887,0,S3,0,3,247858464.36352217,128827980.29669447,6795.223359715041,1487150.786181133,135193.7264700594,117180516.94437157,0.6796125470598812
2025-03-31,455,C,4750.0,5182.478119638181,276639.70192243723,29660.984377733024,15220.050811332023,0.0,0.0,15220.050811332023,1,S3,0,3,72295241.3538271,39572132.10946326,0.0,2283007.6216998035,135193.7264700594,30028268.194271542,0.6796125470598812
2025-04-01,456,A,10000.0,10092.601480875153,364281.9991544638,16233.631701007122,15188.144839357743,0.0,0.0,15188.144839357743,1,S3,0,3,151881448.39357743,78978353.16466026,0.0,2278221.7259036615,135474.38632542695,70125117.11753361,0.6790512273491461
2025-04-01,456,B,25000.0,26935.52280085615,103488.38168924481,9839.891472500247,10430.631772638157,566.2686133095867,1157.0089134474965,9839.891472500247,0,S3,0,3,245997286.81250617,140813528.93061513,13884.106961369958,1475983.7208750371,135474.38632542695,103454927.28603995,0.6790512273491461
2025-04-01,456,C,5000.0,5116.759149279748,140119.53381031327,27048.4099456629,15207.749711030401,0.0,0.0,15207.749711030401,1,S3,0,3,76038748.555152,39540149.24867904,0.0,2281162.4566545603,135474.38632542695,33941842.92968266,0.6790512273491461
2025-04-02,457,A,9700.0,10675.42929585447,217055.75076198834,17938.60416129973,15193.714703330766,0.0,0.0,15193.714703330766,1,S3,0,3,147379032.62230843,79007316.45731999,0.0,2279057.205499615,135806.55539582335,65739796.65333102,0.6783868892083532
2025-04-02,457,B,25000.0,25320.755523729444,424870.69040938717,9757.345366313775,10514.820037246018,1157.0089134474965,1914.483584379739,9757.345366313775,0,S3,0,3,243933634.1578444,141950070.50282124,22973.80301255687,1463601.8049470664,135806.55539582335,99936310.80125833,0.6783868892083532
2025-04-02,457,C,5000.0,5228.779947223709,325366.6491325632,27878.484573811176,15193.714703330766,0.0,0.0,15193.714703330766,1,S3,0,3,75968573.51665384,39503658.228659995,0.0,2279057.205499615,135806.55539582335,33724684.87796584,0.6783868892083532
2025-04-03,458,A,10000.0,10537.625322974945,482909.2616370697,17630.302183511994,15179.41505363483,0.0,0.0,15179.41505363483,1,S1,0,5,151794150.53634828,78932958.27890112,0.0,2276912.2580452245,136113.60551845704,69965257.1322464,0.6777727889630858
2025-04-03,458,B,25000.0,26026.04486210689,397516.39165857533,9855.758170797371,9778.172334503734,1914.483584379739,1836.8977480861013,9855.758170797371,0,S1,0,5,246393954.2699343,132005326.5158004,22042.772977033215,1478363.7256196057,136113.60551845704,112354591.25836022,0.6777727889630858
2025-04-03,458,C,5000.0,5286.683605037648,439897.81019581045,26689.91438306887,15179.41505363483,0.0,0.0,15179.41505363483,1,S1,0,5,75897075.26817414,39466479.13945056,0.0,2276912.2580452245,136113.60551845704,33577672.45496409,0.6777727889630858
2025-04-04,459,A,10000.0,10607.728008984957,174059.5095539796,15271.188525705218,13922.88171016428,0.0,0.0,13922.88171016428,1,S2,0,8,139228817.1016428,72398984.89285426,0.0,2088432.256524642,136239.40121113355,64431101.04149877,0.6775211975777328
2025-04-04,459,B,25000.0,26150.726269601542,324705.37997928984,9021.622339430613,9130.814611230264,1836.8977480861013,1946.0900198857526,9021.622339430613,0,S2,0,8,225540558.4857653,123265997.25160857,23353.08023862903,1353243.350914592,136239.40121113355,100437020.02181311,0.6775211975777328
2025-04-04,459,C,4850.0,5329.759354908502,279872.1462695279,25646.809021296925,15173.760556128273,0.0,0.0,15173.760556128273,1,S2,0,8,73592738.69722213,39451777.445933506,0.0,2276064.083419241,136239.40121113355,31448785.620388716,0.6775211975777328
2025-04-05,460,A,10000.0,9966.279941895693,302943.2886607177,13820.129164745598,12737.668244087812,0.0,0.0,12737.668244087812,1,S1,0,5,127376682.44087812,66235874.86925662,0.0,1910650.2366131719,136362.5544544213,58790851.49189319,0.6772748910911572
2025-04-05,460,B,25000.0,26402.922441881252,368508.36544705025,9210.775547479405,9935.290199985202,1946.0900198857526,2670.6046723915497,9210.775547479405,0,S1,0,5,230269388.68698514,134126417.69980022,32047.256068698596,1381616.3321219108,136362.5544544213,94224436.47909285,0.6772748910911572
2025-04-05,460,C,5000.0,5282.49773371381,324961.768752873,25327.257503761903,15168.093621825734,0.0,0.0,15168.093621825734,1,S1,0,5,75840468.10912867,39437043.41674691,0.0,2275214.04327386,136362.5544544213,33666886.32590061,0.6772748910911572
2025-04-06,461,A,10000.0,10458.651119680197,475106.68745893566,16578.87915680152,15157.174947181109,0.0,0.0,15157.174947181109,1,S2,0,8,151571749.4718111,78817309.72534177,0.0,2273576.242077166,136622.6037348198,69869134.2131984,0.6767547925303603
2025-04-06,461,B,25000.0,26880.243210416833,367194.2256388047,9054.951591753026,9507.865537763762,2670.6046723915497,3123.518618402286,9054.951591753026,0,S2,0,8,226373789.79382566,128356184.75981079,37482.22342082743,1358242.738762954,136622.6037348198,96118063.24245745,0.6767547925303603
2025-04-06,461,C,5000.0,5062.877615525284,348463.13510337105,24175.030213097765,15157.174947181109,0.0,0.0,15157.174947181109,1,S2,0,8,75785874.73590554,39408654.86267088,0.0,2273576.242077166,136622.6037348198,33618557.8923193,0.6767547925303603
2025-04-07,462,A,10000.0,10422.68168344648,453789.8738621992,15645.320790098925,15146.058184485366,0.0,0.0,15146.058184485366,1,S3,0,3,151460581.84485367,78759502.5593239,0.0,2271908.727672805,136864.17272627552,69838516.5112685,0.676271654547449
2025-04-07,462,B,25000.0,27088.13551190588,393075.68039464124,9897.4474619709,9086.439620287072,3123.518618402286,2312.510776718458,9897.4474619709,0,S3,0,3,247436186.5492725,122666934.87387547,27750.129320621498,1484617.119295635,136864.17272627552,122726944.57365987,0.676271654547449
2025-04-07,462,C,4750.0,5265.757413921636,485207.53356248565,29856.583313731884,15146.058184485366,0.0,0.0,15146.058184485366,1,S3,0,3,71943776.37630549,39379751.27966195,0.0,2271908.727672805,136864.17272627552,29670044.66268197,0.676271654547449
2025-04-08,463,A,9700.0,10996.895282034751,204351.1757223067,17085.64504155936,15135.896476246631,0.0,0.0,15135.896476246631,1,S3,0,3,146818195.81959233,78706661.67648248,0.0,2270384.4714369946,137079.05464193824,65499719.44130861,0.6758418907161234
2025-04-08,463,B,25000.0,25608.769060320283,227408.60655696254,9900.163179714515,10138.84132076007,2312.510776718458,2551.1889177640132,9900.163179714515,0,S3,0,3,247504079.49286288,136874357.83026093,30614.26701316816,1485024.4769571773,137079.05464193824,108749595.25743271,0.6758418907161234
2025-04-08,463,C,4850.0,5134.168634626708,417707.08227158966,28881.81482651057,15135.896476246631,0.0,0.0,15135.896476246631,1,S3,0,3,73409097.90979616,39353330.83824124,0.0,2270384.4714369946,137079.05464193824,31230596.463204395,0.6758418907161234
2025-04-09,464,A,9700.0,10712.164651527508,143742.43119000059,17383.836084559378,15120.410255955194,0.0,0.0,15120.410255955194,1,S2,0,8,146667979.48276538,78626133.33096701,0.0,2268061.538393279,137428.34218609592,65492613.840028994,0.6751433156278082
2025-04-09,464,B,25000.0,25901.42551026091,198701.75828071462,10190.927150520358,10874.6958738998,2551.1889177640132,3234.9576411434555,10190.927150520358,0,S2,0,8,254773178.76300895,146808394.2976473,38819.491693721466,1528639.0725780537,137428.34218609592,106061195.80062307,0.6751433156278082
2025-04-09,464,C,5000.0,5208.410758965755,339169.31024787854,23659.736434106362,15120.410255955194,0.0,0.0,15120.410255955194,1,S2,0,8,75602051.27977596,39313066.665483505,0.0,2268061.538393279,137428.34218609592,33544325.423465203,0.6751433156278082
2025-04-10,465,A,10000.0,10634.299625484664,206261.3821558454,16019.104024358083,15103.484082773564,0.0,0.0,15103.484082773564,1,S3,0,3,151034840.82773563,78538117.23042254,0.0,2265522.6124160346,137820.6885783623,69887118.91416284,0.6743586228432752
2025-04-10,465,B,25000.0,26127.17484780457,347746.86519497837,9406.366575075765,8859.26428238301,3234.9576411434555,2687.855348450701,9406.366575075765,0,S3,0,3,235159164.37689412,119600067.81217064,32254.264181408413,1410954.9862613648,137820.6885783623,113630319.76050736,0.6743586228432752
2025-04-10,465,C,4750.0,5185.409277833006,166188.8688505501,27754.954338917156,15103.484082773564,0.0,0.0,15103.484082773564,1,S3,0,3,71741549.39317442,39269058.61521127,0.0,2265522.6124160346,137820.6885783623,29902958.608118203,0.6743586228432752
2025-04-11,466,A,9700.0,10851.309097723786,367667.26513597695,17490.070047343692,15093.797517246092,0.0,0.0,15093.797517246092,1,S3,0,3,146409835.91728708,78487747.08967967,0.0,2264069.6275869138,138039.72042485702,65152312.21445966,0.673920559150286
2025-04-11,466,B,25000.0,25870.74601561126,219256.96186054245,8809.53791268042,8504.833263313712,2687.855348450701,2383.1506990839935,8809.53791268042,0,S3,0,3,220238447.8170105,114815249.05473512,28597.80838900792,1321430.686902063,138039.72042485702,103715873.5846989,0.673920559150286
2025-04-11,466,C,5000.0,5333.6157452677135,481320.55569326424,27178.393371442868,15093.797517246092,0.0,0.0,15093.797517246092,1,S3,0,3,75468987.58623046,39243873.54483984,0.0,2264069.6275869138,138039.72042485702,33341684.13768559,0.673920559150286
2025-04-12,467,A,10000.0,10510.907480999058,429158.6121627007,15263.712277834544,14630.705133053543,0.0,0.0,14630.705133053543,1,S3,0,3,146307051.33053544,76079666.69187842,0.0,2194605.7699580314,138234.25755996004,67465385.99897633,0.6735314848800799
2025-04-12,467,B,25000.0,25855.840197841233,374806.45548510714,8759.664376755405,8181.931025713165,2383.1506990839935,1805.4173480417521,8759.664376755405,0,S3,0,3,218991609.41888514,110456068.84712772,21665.008176501025,1313949.6565133107,138234.25755996004,106686885.19402255,0.6735314848800799
2025-04-12,467,C,5000.0,5168.910775034119,478460.411266644,26392.14050152381,15084.839954228133,0.0,0.0,15084.839954228133,1,S3,0,3,75424199.77114066,39220583.88099314,0.0,2262725.99313422,138234.25755996004,33324195.228186697,0.6735314848800799
2025-04-13,468,A,10000.0,10526.559543019477,415808.95865553076,15796.277004470645,15076.221902387468,0.0,0.0,15076.221902387468,1,S3,0,3,150762219.02387467,78396353.89241484,0.0,2261433.28535812,138406.2543284011,69550216.63311778,0.6731874913431979
2025-04-13,468,B,25000.0,26222.154594375566,239969.28897454927,9365.88057189807,9015.48248607047,1805.4173480417521,1455.019262214153,9365.88057189807,0,S3,0,3,234147014.29745173,121709013.56195135,17460.231146569837,1404882.0857847105,138406.2543284011,110637282.87526615,0.6731874913431979
2025-04-13,468,C,4850.0,5344.0942684016645,206432.20939280136,28401.868396088805,15076.221902387468,0.0,0.0,15076.221902387468,1,S3,0,3,73119676.22657922,39198176.94620742,0.0,2261433.28535812,138406.2543284011,31315227.53129248,0.6731874913431979
2025-04-14,469,A,10000.0,10352.287732480252,324416.4418605464,15881.248359529262,14477.509110533796,0.0,0.0,14477.509110533796,1,S2,0,8,144775091.10533795,75283047.37477574,0.0,2171626.3665800695,138796.94438850568,66857203.97773309,0.6724061112229885
2025-04-14,469,B,24250.0,26653.638585552664,151132.97255152106,9700.038961817047,10001.675266731268,1455.019262214153,1756.655567128375,9700.038961817047,0,S2,0,8,235225944.8240634,135022616.10087213,21079.8668055405,1455005.844272557,138796.94438850568,98437313.09517314,0.6724061112229885
2025-04-14,469,C,4850.0,5209.502249286387,312995.89633888326,30178.349655991376,15059.385298860674,0.0,0.0,15059.385298860674,1,S2,0,8,73038018.69947428,39154401.777037755,0.0,2258907.7948291013,138796.94438850568,31172916.286880035,0.6724061112229885
2025-04-15,470,A,9700.0,10549.829415122244,219290.97959363935,16807.84779724165,15049.300576288062,0.0,0.0,15049.300576288062,1,S2,0,8,145978215.5899942,78256362.99669792,0.0,2257395.086443209,139006.50909017527,65106160.018169254,0.6719869818196496
2025-04-15,470,B,25000.0,26906.83742146924,482763.62133264873,9886.854752028403,10472.353220768466,1756.655567128375,2342.154035868438,9886.854752028403,0,S2,0,8,247171368.80071008,141376768.48037428,28105.848430421254,1483028.2128042604,139006.50909017527,103661696.1286783,0.6719869818196496
2025-04-15,470,C,4850.0,5303.319909081588,143730.5157243463,30014.858858358028,15049.300576288062,0.0,0.0,15049.300576288062,1,S2,0,8,72989107.7949971,39128181.49834896,0.0,2257395.086443209,139006.50909017527,31320794.18539041,0.6719869818196496
2025-04-16,471,A,10000.0,10337.959610073243,276008.11825247656,16625.35364303048,15035.000598308701,0.0,0.0,15035.000598308701,1,S3,0,3,150350005.983087,78182003.11120525,0.0,2255250.0897463053,139331.44020616935,69497413.2236768,0.6713371195876612
2025-04-16,471,B,24250.0,25738.508583472398,478432.5130193534,10681.770099571157,9688.261461399588,2342.154035868438,1348.6453976968696,10681.770099571157,0,S3,0,3,259032924.91460055,130791529.72889444,16183.744772362435,1602265.5149356734,139331.44020616935,126005181.97277255,0.6713371195876612
2025-04-16,471,C,5000.0,5125.957044141317,247283.8949941832,26123.20888709172,15035.000598308701,0.0,0.0,15035.000598308701,1,S3,0,3,75175002.9915435,39091001.555602625,0.0,2255250.0897463053,139331.44020616935,33442136.01099422,0.6713371195876612
2025-04-17,472,A,10000.0,10670.607632136362,485001.38154951995,16446.514395179824,15023.939257540453,0.0,0.0,15023.939257540453,1,S2,0,8,150239392.57540452,78124484.13921036,0.0,2253590.8886310677,139587.2115846339,69236728.95442896,0.6708255768307322
2025-04-17,472,B,25000.0,27029.831199374705,388516.10529381345,9778.177568941686,9291.039077592204,1348.6453976968696,861.5069063473875,9778.177568941686,0,S2,0,8,244454439.22354215,125429027.54749475,10338.08287616865,1466726.635341253,139587.2115846339,117020243.64095153,0.6708255768307322
2025-04-17,472,C,4750.0,5259.854304948797,400740.97706488014,31614.066396141206,15023.939257540453,0.0,0.0,15023.939257540453,1,S2,0,8,71363711.47331715,39062242.06960518,0.0,2253590.8886310677,139587.2115846339,29507550.326431382,0.6708255768307322
2025-04-18,473,A,10000.0,10342.31323697261,101131.9746866346,15604.862752251898,14153.123817747994,0.0,0.0,14153.123817747994,1,S2,0,8,141531238.17747992,73596243.85228957,0.0,2122968.572662199,139783.1264243901,65571110.65141713,0.6704337471512198
2025-04-18,473,B,25000.0,27113.000308852217,375415.2384645949,9522.49334766861,9871.255804238412,861.5069063473875,1210.26936291719,9522.49334766861,0,S2,0,8,238062333.69171524,133261953.35721856,14523.23235500628,1428374.0021502913,139783.1264243901,102842284.73510239,0.6704337471512198
2025-04-18,473,C,5000.0,5145.972098105417,269639.4568176508,25578.01403605516,15014.907922597307,0.0,0.0,15014.907922597307,1,S2,0,8,75074539.61298653,39038760.598753,0.0,2252236.188389596,139783.1264243901,33374120.2426019,0.6704337471512198
2025-04-19,474,A,10000.0,10043.370093599695,115196.07103105698,14818.08161957286,15003.59347595527,0.0,185.51185638240895,14818.08161957286,0,S1,0,5,148180816.1957286,78018686.0749674,2226.1422765889074,2222712.242935929,140025.4114475306,67681970.2530701,0.6699491771049386
2025-04-19,474,B,25000.0,26229.714846516894,452690.48320386425,9573.113269195768,9084.51412876256,1210.26936291719,721.670222483981,9573.113269195768,0,S1,0,5,239327831.7298942,122640940.73829456,8660.042669807772,1435966.9903793652,140025.4114475306,114649548.06389908,0.6699491771049386
2025-04-19,474,C,5000.0,5218.9531560994865,114328.77305286247,22741.146086944984,15003.59347595527,0.0,0.0,15003.59347595527,1,S1,0,5,75017967.37977634,39009343.0374837,0.0,2250539.0213932903,140025.4114475306,33503731.136398956,0.6699491771049386
2025-04-20,475,A,10000.0,10560.941618695979,371952.68374644977,14621.266548092353,14994.858986221363,185.51185638240895,559.1042945114186,14621.266548092353,0,S3,0,3,146212665.48092353,77973266.72835109,6709.251534137024,2193189.982213853,140215.80038615692,65527331.03469184,0.6695683992276862
2025-04-20,475,B,25000.0,25930.455523856148,419723.27180358354,8899.913876333438,8602.880169687316,721.670222483981,424.6365158378594,8899.913876333438,0,S3,0,3,222497846.90833595,116138882.29077877,5095.638190054313,1334987.0814500155,140215.80038615692,104458942.82572736,0.6695683992276862
2025-04-20,475,C,4850.0,5196.832667362455,353279.9058459763,27069.53127379345,14994.858986221363,0.0,0.0,14994.858986221363,1,S3,0,3,72725066.08317362,38986633.36417554,0.0,2249228.8479332044,140215.80038615692,30995708.164832737,0.6695683992276862
2025-04-21,476,A,9500.0,10774.66325357922,164276.155166939,17266.952367696635,14980.45238532091,559.1042945114186,0.0,15539.556679832329,1,S3,0,3,147625788.45840713,77898352.40366873,0.0,2330933.5019748495,140525.08325015008,67091701.31434646,0.6689498334996997
2025-04-21,476,B,23750.0,26225.961250389362,347802.62199657585,9991.33156779551,9597.729490511314,424.6365158378594,31.034438553662767,9991.33156779551,0,S3,0,3,237294124.73514336,129569348.12190273,372.4132626439532,1498699.7351693267,140525.08325015008,105737376.75956193,0.6689498334996997
2025-04-21,476,C,4850.0,5233.088149381448,140195.51379402325,28598.83796607203,14980.45238532091,0.0,0.0,14980.45238532091,1,S3,0,3,72655194.06880641,38949176.201834366,0.0,2247067.857798137,140525.08325015008,31178229.412129737,0.6689498334996997
2025-04-22,477,A,10000.0,10177.821476821515,400718.10390270717,15694.873350950205,14965.192163086538,0.0,0.0,14965.192163086538,1,S1,0,5,149651921.6308654,77818999.24805,0.0,2244778.8244629805,140875.5384473083,69046549.9160024,0.6682489231053834
2025-04-22,477,B,24250.0,27554.000893648532,266695.0602342724,10700.695349504022,11422.714972566106,31.034438553662767,753.0540616157468,10700.695349504022,0,S1,0,5,259491862.2254725,154206652.12964243,9036.648739388962,1605104.3024256031,140875.5384473083,103263498.54598351,0.6682489231053834
2025-04-22,477,C,5000.0,5414.338513662899,485305.60628557584,26210.61144549517,14965.192163086538,0.0,0.0,14965.192163086538,1,S1,0,5,74825960.8154327,38909499.624025,0.0,2244778.8244629805,140875.5384473083,33045501.222211827,0.6682489231053834
2025-04-23,478,A,10000.0,10601.500164857514,208749.14925340877,16667.353677478357,14954.992739048153,0.0,0.0,14954.992739048153,1,S3,0,3,149549927.39048153,77765962.2430504,0.0,2243248.910857223,141107.90507831133,69190859.1822422,0.6677841898433773
2025-04-23,478,B,25000.0,26371.971782622317,102340.29529870616,10791.163458919975,11781.051325100405,753.0540616157468,1742.941927796177,10791.163458919975,0,S3,0,3,269779086.4729994,159044192.88885546,20915.303133554124,1618674.5188379963,141107.90507831133,108851855.56179537,0.6677841898433773
2025-04-23,478,C,5000.0,5311.332882704384,147456.28161357547,29069.23493804579,14954.992739048153,0.0,0.0,14954.992739048153,1,S3,0,3,74774963.69524077,38882981.1215252,0.0,2243248.910857223,141107.90507831133,33360169.47616646,0.6677841898433773
2025-04-24,479,A,10000.0,10240.925099945223,455423.6162808404,15333.585150116418,14944.470871638096,0.0,0.0,14944.470871638096,1,S1,0,5,149444708.71638095,77711248.5325181,0.0,2241670.6307457145,141348.79702632324,68895017.13980998,0.6673024059473535
2025-04-24,479,B,25000.0,25678.164703252154,101953.37600049909,9811.862632469027,9672.339853852529,1742.941927796177,1603.4191491796792,9811.862632469027,0,S1,0,5,245296565.81172568,130576588.02700914,19241.02979015615,1471779.394870354,141348.79702632324,112985655.1870292,0.6673024059473535
2025-04-24,479,C,4750.0,5446.260576441977,422917.1830055568,30817.089093541297,14944.470871638096,0.0,0.0,14944.470871638096,1,S1,0,5,70986236.64028095,38855624.26625905,0.0,2241670.6307457145,141348.79702632324,29324675.763244297,0.6673024059473535
2025-04-25,480,A,10000.0,10660.497647208902,247058.09714544794,14322.096883771701,14939.33797348523,0.0,617.2410897135287,14322.096883771701,0,S1,0,5,143220968.837717,77684557.4621232,7406.8930765623445,2148314.5325657553,141452.24981389867,62992179.60299213,0.6670955003722027
2025-04-25,480,B,25000.0,25619.665491205946,235002.25255800356,8683.238049429388,9090.243481089534,1603.4191491796792,2010.4245808398246,8683.238049429388,0,S1,0,5,217080951.2357347,122718286.9947087,24125.094970077895,1302485.7074144082,141452.24981389867,92659598.93626961,0.6670955003722027
2025-04-25,480,C,5000.0,5235.942216681204,479332.1230229609,26323.933842086317,14939.33797348523,0.0,0.0,14939.33797348523,1,S1,0,5,74696689.86742614,38842278.7310616,0.0,2240900.6960227843,141452.24981389867,32992726.067504898,0.6670955003722027
2025-04-26,481,A,9500.0,10565.023216507116,403780.536904077,15084.655357681902,14702.387663444957,617.2410897135287,234.9733954765834,15084.655357681902,0,S3,0,3,143304225.89797807,76452415.84991378,2819.6807457190007,2262698.303652285,141728.46796917607,64040783.05879303,0.6665430640616479
2025-04-26,481,B,24250.0,26403.675355799674,488529.6002837527,10750.97656346954,9782.80543958447,2010.4245808398246,1042.2534569547552,10750.97656346954,0,S3,0,3,260711181.66413632,132067873.43439035,12507.041483457062,1612646.484520431,141728.46796917607,126387896.63548914,0.6665430640616479
2025-04-26,481,C,5000.0,5317.860705800671,192880.87779254498,24211.330736121727,14926.66913794052,0.0,0.0,14926.66913794052,1,S3,0,3,74633345.6897026,38809339.758645356,0.0,2239000.3706910782,141728.46796917607,33250396.214604445,0.6665430640616479
2025-04-27,482,A,10000.0,10664.609140853812,140305.8828676884,15049.226175523421,14910.343903196397,234.9733954765834,96.09112314955928,15049.226175523421,0,S1,0,5,150492261.7552342,77533788.29662126,1153.0934777947114,2257383.9263285133,142089.84711865318,70417540.7088203,0.6658203057626936
2025-04-27,482,B,25000.0,26473.03656774513,171737.48036159994,8780.754071053972,8144.208440666307,1042.2534569547552,405.7078265670898,8780.754071053972,0,S1,0,5,219518851.7763493,109946813.94899514,4868.493918805078,1317113.110658096,142089.84711865318,107936228.89529702,0.6658203057626936
2025-04-27,482,C,5000.0,5109.111927425366,479463.5770870734,23891.67821196081,14910.343903196397,0.0,0.0,14910.343903196397,1,S1,0,5,74551719.51598199,38766894.14831063,0.0,2236551.5854794597,142089.84711865318,32926720.357986167,0.6658203057626936
2025-04-28,483,A,9700.0,10477.48930546172,396434.29614915693,16287.496933479662,14894.104424759673,96.09112314955928,0.0,14990.195547909232,1,S2,0,8,145404896.81471956,77449343.0087503,0.0,2248529.3321863846,142452.11800968173,65168138.05962404,0.6650957639806364
2025-04-28,483,B,24250.0,26448.07588726881,252219.0361683728,10159.943548292242,9302.326990424035,405.7078265670898,0.0,9708.034816991125,1,S2,0,8,235419844.3120348,125581414.37072447,0.0,1456205.2225486687,142452.11800968173,107987553.5645836,0.6650957639806364
2025-04-28,483,C,4750.0,5175.691361199092,100856.30599692212,29435.201241300223,14894.104424759673,0.0,0.0,14894.104424759673,1,S2,0,8,70746996.01760845,38724671.50437515,0.0,2234115.663713951,142452.11800968173,29544900.425512742,0.6650957639806364
2025-04-29,484,A,10000.0,10249.058487827011,270200.9120216781,15975.13739900461,14885.587572440605,0.0,0.0,14885.587572440605,1,S1,0,5,148855875.72440606,77405055.37669115,0.0,2232838.1358660907,142646.74730785366,68805134.55251929,0.6647065053842927
2025-04-29,484,B,25000.0,26197.895871471894,327156.15381911595,10361.070241411957,10984.283496415024,0.0,623.2132550030674,10361.070241411957,0,S1,0,5,259026756.0352989,148287827.20160282,7478.559060036809,1554160.5362117935,142646.74730785366,108707486.8372973,0.6647065053842927
2025-04-29,484,C,5000.0,5391.596413201195,121155.33279463668,25824.092666896275,14885.587572440605,0.0,0.0,14885.587572440605,1,S1,0,5,74427937.86220303,38702527.688345574,0.0,2232838.1358660907,142646.74730785366,33228769.95788888,0.6647065053842927
2025-04-30,485,A,10000.0,10414.616236397937,389428.6255264851,16948.394705475497,14867.132815732934,0.0,0.0,14867.132815732934,1,S2,0,8,148671328.15732932,77309090.64181125,0.0,2230069.92235994,143040.84403823435,68599698.1235934,0.6639183119235312
2025-04-30,485,B,23750.0,25926.419130762144,339222.0701456141,10911.33288335816,10564.967630204994,623.2132550030674,276.84800184990127,10911.33288335816,0,S2,0,8,259144155.9797563,142627063.0077674,3322.176022198815,1636699.932503724,143040.84403823435,114394807.94927911,0.6639183119235312
2025-04-30,485,C,5000.0,5169.304862459513,364304.6458902142,27862.694297496648,14867.132815732934,0.0,0.0,14867.132815732934,1,S2,0,8,74335664.07866466,38654545.320905626,0.0,2230069.92235994,143040.84403823435,32943703.34547065,0.6639183119235312
2025-05-01,486,A,10000.0,10794.231637015704,172406.17775791982,17429.52052530617,14854.27126044015,0.0,0.0,14854.27126044015,1,S3,0,3,148542712.6044015,77242210.55428877,0.0,2228140.6890660226,143314.92125713278,68756640.26203164,0.6633701574857345
2025-05-01,486,B,23750.0,25972.851320976453,499714.3634823506,10359.084892371087,9551.308466222528,276.84800184990127,0.0,9828.15646807243,1,S3,0,3,233418716.1167202,128942664.29400413,0.0,1474223.4702108644,143314.92125713278,102358799.06776571,0.6633701574857345
2025-05-01,486,C,5000.0,5233.345671428757,442104.6637510835,27611.51397416497,14854.27126044015,0.0,0.0,14854.27126044015,1,S3,0,3,74271356.30220075,38621105.27714439,0.0,2228140.6890660226,143314.92125713278,32836690.750982124,0.6633701574857345
2025-05-02,487,A,10000.0,10616.222444413268,384028.11871452245,16095.752138084323,14836.313060431556,0.0,0.0,14836.313060431556,1,S1,0,5,148363130.60431555,77148827.91424409,0.0,2225446.9590647332,143723.40610382642,68461104.20618838,0.6625531877923472
2025-05-02,487,B,25000.0,26584.52342390751,302940.20145206904,9241.004254414076,8959.039637921096,0.0,0.0,8959.039637921096,1,S1,0,5,223975990.9480274,120947035.1119348,0.0,1343855.9456881643,143723.40610382642,101238436.28284855,0.6625531877923472
2025-05-02,487,C,4850.0,5287.127664028345,431989.43363741867,26942.90882329477,14836.313060431556,0.0,0.0,14836.313060431556,1,S1,0,5,71956118.34309304,38574413.95712204,0.0,2225446.9590647332,143723.40610382642,30580544.587165017,0.6625531877923472
2025-05-03,488,A,10000.0,10339.470716400421,225044.83520370437,14722.22011127596,13986.403849646547,0.0,0.0,13986.403849646547,1,S2,0,8,139864038.49646547,72729300.01816204,0.0,2097960.5774469823,143836.4489630627,64667896.61668968,0.6623271020738747
2025-05-03,488,B,23750.0,26041.56363337917,112973.89593975878,9671.687843368489,9486.117583542895,0.0,0.0,9486.117583542895,1,S2,0,8,225295292.60914376,128062587.37782907,0.0,1422917.6375314342,143836.4489630627,95552977.24888045,0.6623271020738747
2025-05-03,488,C,4750.0,5061.704774112976,289529.93793327984,30939.559625256603,14831.010663872083,0.0,0.0,14831.010663872083,1,S2,0,8,70447300.65339239,38560627.72606742,0.0,2224651.5995808123,143836.4489630627,29228654.940847818,0.6623271020738747
2025-05-04,489,A,9500.0,10400.13142334534,420874.38043039467,17077.41101329126,14817.265701648495,0.0,0.0,14817.265701648495,1,S3,0,3,140764024.1656607,77049781.64857218,0.0,2222589.8552472745,144124.21850589442,60926654.06290497,0.661751562988211
2025-05-04,489,B,25000.0,26682.478888184512,453452.34124622814,9109.191483190323,8247.414270482943,0.0,0.0,8247.414270482943,1,S3,0,3,206185356.76207358,111340092.65151973,0.0,1237112.1405724415,144124.21850589442,93010575.41022928,0.661751562988211
2025-05-04,489,C,4850.0,5214.361178225931,179711.3815021461,28547.185059290176,14817.265701648495,0.0,0.0,14817.265701648495,1,S3,0,3,71863738.6529952,38524890.82428609,0.0,2222589.8552472745,144124.21850589442,30792422.373453796,0.661751562988211
2025-05-05,490,A,10000.0,10751.487316048107,251092.68035462504,16646.193169500897,14805.420734498275,0.0,0.0,14805.420734498275,1,S2,0,8,148054207.34498274,76988187.81939103,0.0,2220813.110174741,144374.82969892037,68449738.90536343,0.6612503406021591
2025-05-05,490,B,24250.0,26093.652581349448,483919.88480145764,9215.748665551258,8553.85817513556,0.0,0.0,8553.85817513556,1,S2,0,8,207431060.74703732,115477085.36433005,0.0,1283078.7262703339,144374.82969892037,90042601.94193655,0.6612503406021591
2025-05-05,490,C,5000.0,5154.62476737453,342459.85386649956,24389.045238304592,14805.420734498275,0.0,0.0,14805.420734498275,1,S2,0,8,74027103.67249137,38494093.90969551,0.0,2220813.110174741,144374.82969892037,32825361.969055694,0.6612503406021591
2025-05-06,491,A,10000.0,10351.101183150044,111324.54005481426,15758.397321656194,14795.373719895295,0.0,0.0,14795.373719895295,1,S1,0,5,147953737.19895294,76935943.34345554,0.0,2219306.0579842944,144607.055260437,68542556.20219786,0.6607858894791259
2025-05-06,491,B,25000.0,25808.55927545065,121640.11482176602,9560.819518317518,9705.312863094363,0.0,144.49334477684533,9560.819518317518,0,S1,0,5,239020487.95793793,131021723.6517739,1733.920137322144,1434122.9277476277,144607.055260437,106296660.28819689,0.6607858894791259
2025-05-06,491,C,5000.0,5239.2684948683445,174156.27771736783,24785.52100691153,14795.373719895295,0.0,0.0,14795.373719895295,1,S1,0,5,73976868.59947647,38467971.67172777,0.0,2219306.0579842944,144607.055260437,32970827.536786605,0.6607858894791259
2025-05-07,492,A,10000.0,10529.250187090383,274981.92924818443,16653.07344237589,14780.085754541453,0.0,0.0,14780.085754541453,1,S2,0,8,147800857.54541454,76856445.92361556,0.0,2217012.863181218,144949.83194482213,68307466.99742475,0.6601003361103556
2025-05-07,492,B,25000.0,25539.331669205923,273395.6090682944,10222.887093543035,9695.970848301624,144.49334477684533,0.0,9840.46419307847,1,S2,0,8,246011604.82696173,130895606.45207192,0.0,1476069.6289617703,144949.83194482213,113221583.30491492,0.6601003361103556
2025-05-07,492,C,4850.0,5221.540260825807,441356.4234960002,32294.73740301958,14780.085754541453,0.0,0.0,14780.085754541453,1,S2,0,8,71683415.90952605,38428222.96180778,0.0,2217012.863181218,144949.83194482213,30451873.829096228,0.6601003361103556
2025-05-08,493,A,10000.0,10466.949895639837,425855.2494492387,16061.099194098806,14682.109660314323,0.0,0.0,14682.109660314323,1,S1,0,5,146821096.60314324,76346970.23363449,0.0,2202316.4490471487,145228.37819535565,67700726.29281701,0.6595432436092887
2025-05-08,493,B,25000.0,26379.77854392167,347887.13852750126,9643.835463742464,8833.872862794507,0.0,0.0,8833.872862794507,1,S1,0,5,220846821.5698627,119257283.64772585,0.0,1325080.9294191762,145228.37819535565,99771341.47599481,0.6595432436092887
2025-05-08,493,C,4850.0,5116.0797723637725,117387.23927249803,27332.967356320834,14767.112248096419,0.0,0.0,14767.112248096419,1,S1,0,5,71620494.40326764,38394491.845050685,0.0,2215066.837214463,145228.37819535565,30748320.103534635,0.6595432436092887
2025-05-09,494,A,9500.0,10586.565287003445,223671.72226029003,17031.258783022655,14759.157845139016,0.0,0.0,14759.157845139016,1,S2,0,8,140211999.52882066,76747620.79472288,0.0,2213873.6767708524,145403.21423570387,60881430.12083094,0.6591935715285923
2025-05-09,494,B,25000.0,25831.737284686624,300253.2977947794,9270.970343823145,9139.800243754316,0.0,0.0,9139.800243754316,1,S2,0,8,228495006.0938579,123387303.29068327,0.0,1370970.0365631476,145403.21423570387,103291076.25458102,0.6591935715285923
2025-05-09,494,C,5000.0,5235.278961083054,484745.42729744676,26896.30196970691,14759.157845139016,0.0,0.0,14759.157845139016,1,S2,0,8,73795789.22569507,38373810.39736144,0.0,2213873.6767708524,145403.21423570387,32577956.510029633,0.6591935715285923
2025-05-10,495,A,9500.0,10249.571148615998,498935.5329882327,15485.049241273864,14741.372001225816,0.0,0.0,14741.372001225816,1,S3,0,3,140043034.01164526,76655134.40637425,0.0,2211205.800183872,145796.07993199685,60531962.19216691,0.6584078401360063
2025-05-10,495,B,25000.0,25485.485494179782,343964.41485360236,8427.706242871223,8656.407340884756,0.0,228.70109801353283,8427.706242871223,0,S3,0,3,210692656.0717806,116861499.10194421,2744.413176162394,1264155.9364306836,145796.07993199685,92074496.12544394,0.6584078401360063
2025-05-10,495,C,5000.0,5384.1621404561665,203483.26639014314,25770.64206490035,14741.372001225816,0.0,0.0,14741.372001225816,1,S3,0,3,73706860.00612909,38327567.20318712,0.0,2211205.800183872,145796.07993199685,32818807.656435948,0.6584078401360063
2025-05-11,496,A,9700.0,10260.372141986403,248121.16559366698,15648.771770922076,14733.23088446291,0.0,0.0,14733.23088446291,1,S2,0,8,142912339.5792902,76612800.59920713,0.0,2209984.6326694363,145952.61371458086,63695480.56810539,0.6580947725708383
2025-05-11,496,B,25000.0,26437.443169328042,404811.29236726783,8890.745925329722,8357.58081264115,228.70109801353283,0.0,8586.281910654683,1,S2,0,8,214657047.76636708,112827340.97065553,0.0,1287942.2865982025,145952.61371458086,99991000.6030315,0.6580947725708383
2025-05-11,496,C,5000.0,5282.786491733849,284751.3441241647,24368.78353525859,14733.23088446291,0.0,0.0,14733.23088446291,1,S2,0,8,73666154.42231455,38306400.29960357,0.0,2209984.6326694363,145952.61371458086,32719065.532202803,0.6580947725708383
2025-05-12,497,A,10000.0,10197.281488756065,231724.95814623035,14996.855732970587,14551.337737198503,0.0,0.0,14551.337737198503,1,S1,0,5,145513377.37198502,75666956.23343222,0.0,2182700.6605797755,146212.13002136492,67285783.38980544,0.6575757399572701
2025-05-12,497,B,25000.0,25086.496866348578,360511.2445655788,9662.820216727872,9627.826953319154,0.0,0.0,9627.826953319154,1,S1,0,5,240695673.83297884,129975663.86980858,0.0,1444174.0429978732,146212.13002136492,108769112.54558545,0.6575757399572701
2025-05-12,497,C,4750.0,5394.3187707258385,210535.68853449923,28726.048041174734,14721.323060611909,0.0,0.0,14721.323060611909,1,S1,0,5,69926284.53790657,38275439.95759096,0.0,2208198.4590917863,146212.13002136492,29085898.302667964,0.6575757399572701
2025-05-13,498,A,9700.0,10559.209333879662,361768.85698312166,16740.295667750423,14710.030693485034,0.0,0.0,14710.030693485034,1,S1,0,5,142687297.72680482,76492159.60612218,0.0,2206504.6040227553,146458.37327118358,63480406.28640558,0.6570832534576327
2025-05-13,498,B,23750.0,26665.712358455818,343450.3300919406,11057.102988955123,10672.566575925779,0.0,0.0,10672.566575925779,1,S1,0,5,253473456.17823726,144079648.774998,0.0,1600884.9863888668,146458.37327118358,107303013.71348727,0.6570832534576327
2025-05-13,498,C,5000.0,5247.975401060205,108539.01795088033,25752.11898201959,14710.030693485034,0.0,0.0,14710.030693485034,1,S1,0,5,73550153.46742517,38246079.80306109,0.0,2206504.6040227553,146458.37327118358,32842571.66911926,0.6570832534576327
2025-05-14,499,A,10000.0,10571.493406945925,141843.47000667173,15812.391563059857,14699.13393441086,0.0,0.0,14699.13393441086,1,S3,0,3,146991339.3441086,76435496.45893647,0.0,2204870.090161629,146692.55502922233,68062436.7699746,0.6566148899415551
2025-05-14,499,B,25000.0,26050.45135641376,138794.7850707981,9575.253462894034,10313.976542989018,0.0,738.7230800949837,9575.253462894034,0,S3,0,3,239381336.57235086,139238683.33035174,8864.676961139805,1436288.0194341051,146692.55502922233,98412013.20550385,0.6566148899415551
2025-05-14,499,C,5000.0,5257.835467360038,458635.74989854754,26679.408078522712,14699.13393441086,0.0,0.0,14699.13393441086,1,S3,0,3,73495669.6720543,38217748.229468234,0.0,2204870.090161629,146692.55502922233,32467723.047496676,0.6566148899415551
2025-05-15,500,A,10000.0,10671.848400168694,424371.2057092817,17059.837673460566,14687.897825069136,0.0,0.0,14687.897825069136,1,S2,0,8,146878978.25069135,76377068.6903595,0.0,2203184.6737603704,146944.53393113028,67727409.14693107,0.6561109321377395
2025-05-15,500,B,24250.0,25266.772631036332,493552.40031240846,9463.601568743645,8604.130557732627,738.7230800949837,0.0,9342.853637827611,1,S2,0,8,226564200.71731958,116155762.52939047,0.0,1401428.0456741417,146944.53393113028,108366513.20801142,0.6561109321377395
2025-05-15,500,C,5000.0,5205.196301371205,143807.9894922596,26293.827834829077,14687.897825069136,0.0,0.0,14687.897825069136,1,S2,0,8,73439489.12534568,38188534.34517975,0.0,2203184.6737603704,146944.53393113028,32757017.582982168,0.6561109321377395
2025-05-16,501,A,10000.0,10467.227553422324,228018.9175089766,13365.693105244347,13592.28456200761,0.0,226.5914567632626,13365.693105244347,0,S3,0,3,133656931.05244347,70679879.72243957,2719.0974811591514,2004853.965786652,147114.60099906882,60594344.74822804,0.6557707980018623
2025-05-16,501,B,25000.0,24985.547982607193,365544.24167530646,9297.842245829115,8482.376189860543,0.0,0.0,8482.376189860543,1,S3,0,3,212059404.74651358,114512078.56311733,0.0,1272356.4284790815,147114.60099906882,95762310.9122428,0.6557707980018623
2025-05-16,501,C,5000.0,5235.449536379884,179034.332645665,22030.065642775284,14679.756201507436,0.0,0.0,14679.756201507436,1,S3,0,3,73398781.00753719,38167366.12391934,0.0,2201963.4302261155,147114.60099906882,32703302.519747,0.6557707980018623
2025-05-17,502,A,9700.0,10446.343107514243,298721.7866034624,14858.376729442203,14667.589742845616,226.5914567632626,35.804470166674946,14858.376729442203,0,S2,0,8,144126254.27558938,76271466.6627972,429.65364200009935,2228756.5094163306,147370.88027096054,65179508.78285943,0.6552582394580789
2025-05-17,502,B,25000.0,25420.610207217876,437028.1877217535,8892.772578648046,8461.634946709366,0.0,0.0,8461.634946709366,1,S2,0,8,211540873.66773415,114232071.78057644,0.0,1269245.2420064048,147370.88027096054,95455157.57715859,0.6552582394580789
2025-05-17,502,C,5000.0,5245.037145334889,243108.8030350283,23467.29110187258,14667.589742845616,0.0,0.0,14667.589742845616,1,S2,0,8,73337948.71422808,38135733.3313986,0.0,2200138.4614268425,147370.88027096054,32611597.238096647,0.6552582394580789
2025-05-18,503,A,10000.0,10140.68489101916,115992.80083161885,14328.943633950617,14653.504211576428,35.804470166674946,360.3650477924857,14328.943633950617,0,S2,0,8,143289436.33950618,76198221.90019743,4324.3805735098285,2149341.5450925925,147686.236249686,64673869.476561345,0.6546275275006279
2025-05-18,503,B,23750.0,26072.77430484379,389986.8978478466,10281.91478249882,11073.25818353958,0.0,791.34340104076,10281.91478249882,0,S2,0,8,244195476.08434695,149488985.47778434,9496.12081248912,1542287.2173748228,147686.236249686,92617034.13427778,0.6546275275006279
2025-05-18,503,C,5000.0,5196.250500830657,189727.9128309079,21932.490944247274,14653.504211576428,0.0,0.0,14653.504211576428,1,S2,0,8,73267521.05788215,38099110.950098716,0.0,2198025.6317364643,147686.236249686,32632970.326966368,0.6546275275006279
2025-05-19,504,A,10000.0,10394.527065407498,147448.24472655333,14657.382050347522,14640.846028317043,360.3650477924857,343.8290257620065,14657.382050347522,0,S1,0,5,146573820.50347522,76132399.34724861,4125.948309144078,2198607.307552128,147964.37158289188,67943275.28405589,0.6540712568342162
2025-05-19,504,B,24250.0,25586.890056163305,411711.29188789945,9333.46025286595,9638.882838880605,791.34340104076,1096.7659870554144,9333.46025286595,0,S1,0,5,226336411.1319993,130124918.32488817,13161.191844664972,1400019.0379298925,147964.37158289188,94238636.91386579,0.6540712568342162
2025-05-19,504,C,5000.0,5407.412945177843,204863.80072913834,26983.977605601,14640.846028317043,0.0,0.0,14640.846028317043,1,S1,0,5,73204230.14158522,38066199.67362431,0.0,2196126.9042475563,147964.37158289188,32589075.39140132,0.6540712568342162
2025-05-20,505,A,10000.0,10397.30586407615,356355.88626386115,14951.390810843755,14633.141550008813,343.8290257620065,25.57976492706439,14951.390810843755,0,S1,0,5,149513908.10843757,76092336.06004582,306.95717912477267,2242708.6216265634,148126.07471512,70674074.50860707,0.6537478505697599
2025-05-20,505,B,23750.0,26444.92800639898,413875.4211081725,12092.780370097915,12784.927318671944,1096.7659870554144,1788.9129356294434,12092.780370097915,0,S1,0,5,287203533.7898255,172596518.80207124,21466.95522755332,1813917.0555146872,148126.07471512,112209629.48118871,0.6537478505697599
2025-05-20,505,C,5000.0,5318.477476380071,350660.09302431176,25866.19920915441,14633.141550008813,0.0,0.0,14633.141550008813,1,S1,0,5,73165707.75004406,38046168.03002291,0.0,2194971.232501322,148126.07471512,32425782.3197804,0.6537478505697599
2025-05-21,506,A,9700.0,10160.983353673068,254593.08119776566,16211.615089412942,14620.103683269968,25.57976492706439,0.0,14645.683448197033,1,S1,0,5,142063129.44751123,76024539.15300384,0.0,2196852.5172295547,148410.95856397745,63438733.73751608,0.653178082872045
2025-05-21,506,B,25000.0,25902.18057437374,481724.3893495653,9614.433611028351,8957.804513315401,1788.9129356294434,1132.2838379164932,9614.433611028351,0,S1,0,5,240360840.27570876,120930360.92975791,13587.406054997919,1442165.0416542527,148410.95856397745,117344591.55032805,0.653178082872045
2025-05-21,506,C,5000.0,5306.0325820867265,159896.2095648326,23569.135042386344,14620.103683269968,0.0,0.0,14620.103683269968,1,S1,0,5,73100518.41634984,38012269.57650192,0.0,2193015.552490495,148410.95856397745,32586926.119228616,0.653178082872045
2025-05-22,507,A,10000.0,10416.776847997147,296515.4607775216,15628.742972248514,14545.7558640844,0.0,0.0,14545.7558640844,1,S2,0,8,145457558.640844,75637930.49323888,0.0,2181863.37961266,148591.35547966184,67192657.95173527,0.6528172890406763
2025-05-22,507,B,25000.0,26168.32923125925,351612.6754845388,10467.025791485094,10244.931559858984,1132.2838379164932,910.1896062903834,10467.025791485094,0,S2,0,8,261675644.78712735,138306576.0580963,10922.2752754846,1570053.868722764,148591.35547966184,121287888.55406861,0.6528172890406763
2025-05-22,507,C,5000.0,5305.433544571572,272703.4847762458,26035.496042377632,14611.618556023646,0.0,0.0,14611.618556023646,1,S2,0,8,73058092.78011823,37990208.24566148,0.0,2191742.783403547,148591.35547966184,32454846.910797294,0.6528172890406763
2025-05-23,508,A,9700.0,10733.580031878651,130115.36037007665,14669.203131286336,14602.442978482391,0.0,0.0,14602.442978482391,1,S3,0,3,141643696.8912792,75932703.48810844,0.0,2190366.446772359,148815.30692388606,63241696.289104424,0.652369386152228
2025-05-23,508,B,25000.0,25661.170882427934,306306.81994991214,8849.484561896785,8848.258182639722,910.1896062903834,908.9632270333204,8849.484561896785,0,S3,0,3,221237114.0474196,119451485.46563624,10907.558724399845,1327422.6842845178,148815.30692388606,99992176.21190065,0.652369386152228
2025-05-23,508,C,5000.0,5215.392253613144,284678.7542980899,25854.864335884733,14602.442978482391,0.0,0.0,14602.442978482391,1,S3,0,3,73012214.89241196,37966351.74405422,0.0,2190366.446772359,148815.30692388606,32422002.640363406,0.652369386152228
2025-05-24,509,A,10000.0,10463.814358125666,370063.3783116163,14470.214583642257,14591.554702046173,0.0,121.34011840391577,14470.214583642257,0,S3,0,3,144702145.83642256,75876084.4506401,1456.0814208469892,2170532.1875463384,149071.91727118345,66134937.821232475,0.651856165457633
2025-05-24,509,B,24250.0,26233.509408103848,163985.8710590896,9075.576954899714,8218.723563986856,908.9632270333204,52.109836120462205,9075.576954899714,0,S3,0,3,220082741.15631807,110952768.11382255,625.3180334455465,1361336.5432349571,149071.91727118345,107454953.39289685,0.651856165457633
2025-05-24,509,C,5000.0,5007.281176629387,357830.9207603205,24267.23792205364,14591.554702046173,0.0,0.0,14591.554702046173,1,S3,0,3,72957773.51023087,37938042.22532005,0.0,2188733.205306926,149071.91727118345,32324095.241572395,0.651856165457633
2025-05-25,510,A,10000.0,10459.538533453255,244605.70460232688,14379.604845421905,14574.732925338147,121.34011840391577,316.46819832015717,14379.604845421905,0,S3,0,3,143796048.45421904,75788611.21175836,3797.618379841886,2156940.7268132856,149425.57129979628,65452667.62136542,0.6511488574004074
2025-05-25,510,B,24250.0,26149.413073936965,450051.6221884442,9397.54408899408,9027.795692842343,52.109836120462205,0.0,9079.905528962805,1,S3,0,3,220187709.07734802,121875241.85337162,0.0,1361985.8293444207,149425.57129979628,96351004.20114374,0.6511488574004074
2025-05-25,510,C,4750.0,5168.640299527621,463366.4232082915,26801.642815331434,14575.739291520415,0.0,0.0,14575.739291520415,1,S3,0,3,69234761.63472196,37896922.157953076,0.0,2186360.893728062,149425.57129979628,28538686.58853274,0.6511488574004074
2025-05-26,511,A,9700.0,10484.59080359208,261140.00474175668,15703.08769616832,14565.115013320927,316.46819832015717,0.0,14881.583211641084,1,S3,0,3,144351357.15291852,75738598.06926882,0.0,2232237.4817461628,149657.31937486527,65969724.27778691,0.6506853612502694
2025-05-26,511,B,25000.0,25903.612473796467,164073.58281075687,9183.439803701676,8362.947721519919,0.0,0.0,8362.947721519919,1,S3,0,3,209073693.03799796,112899794.2405189,0.0,1254442.1582279878,149657.31937486527,94605725.73706545,0.6506853612502694
2025-05-26,511,C,5000.0,5295.816195609872,257387.1206306252,23457.034986513154,14565.115013320927,0.0,0.0,14565.115013320927,1,S3,0,3,72825575.06660463,37869299.03463441,0.0,2184767.251998139,149657.31937486527,32364464.33996659,0.6506853612502694
2025-05-27,512,A,10000.0,10688.954411334238,375406.5655613654,15298.295412187596,14550.643855211722,0.0,0.0,14550.643855211722,1,S3,0,3,145506438.55211723,75663348.04710095,0.0,2182596.5782817584,149977.73556756263,67135109.62560558,0.6500445288648746
2025-05-27,512,B,25000.0,26841.88720936017,115275.67383771965,10206.240791368666,9718.679644212185,0.0,0.0,9718.679644212185,1,S3,0,3,242966991.10530463,131202175.1968645,0.0,1457801.9466318279,149977.73556756263,110041760.552403,0.6500445288648746
2025-05-27,512,C,5000.0,5263.1096635599115,134625.92111825678,25553.829354352016,14550.643855211722,0.0,0.0,14550.643855211722,1,S3,0,3,72753219.27605861,37831674.02355047,0.0,2182596.5782817584,149977.73556756263,32454345.01754056,0.6500445288648746
2025-05-28,513,A,10000.0,10809.115540504878,275581.3487083289,16177.324959913894,14540.284531701524,0.0,0.0,14540.284531701524,1,S3,0,3,145402845.31701523,75609479.56484792,0.0,2181042.6797552286,150203.4036318951,67186538.32007186,0.6495931927362097
2025-05-28,513,B,25000.0,26586.311569638874,407360.21306935174,9658.71689212139,8961.602939419052,0.0,0.0,8961.602939419052,1,S3,0,3,224040073.4854763,120981639.6821572,0.0,1344240.440912858,150203.4036318951,101156629.74570498,0.6495931927362097
2025-05-28,513,C,5000.0,5134.574829094857,165862.1060767592,24871.79742582271,14540.284531701524,0.0,0.0,14540.284531701524,1,S3,0,3,72701422.65850762,37804739.78242396,0.0,2181042.6797552286,150203.4036318951,32399574.68661977,0.6495931927362097
2025-05-29,514,A,10000.0,10833.26162782791,133852.08962887392,13754.085932027065,14528.568645218833,0.0,774.4827131917682,13754.085932027065,0,S2,0,8,137540859.32027066,75548556.95513794,9293.792558301218,2063112.8898040596,150459.33071154132,59635584.262429945,0.6490813385769172
2025-05-29,514,B,24250.0,26933.44755831292,464638.4542453885,10067.340600019088,10819.89438114945,0.0,752.553781130362,10067.340600019088,0,S2,0,8,244133009.55046287,146068574.1455176,9030.645373564344,1510101.0900028632,150459.33071154132,95930205.88461192,0.6490813385769172
2025-05-29,514,C,4850.0,5438.340043734799,439300.8405816388,29009.97472815575,14528.568645218833,0.0,0.0,14528.568645218833,1,S2,0,8,70463557.92931134,37774278.47756897,0.0,2179285.296782825,150459.33071154132,29920233.98366636,0.6490813385769172
2025-05-30,515,A,10000.0,10534.223475295863,487529.80543464154,15308.764100285785,14235.560611349649,774.4827131917682,0.0,15010.043324541417,1,S2,0,8,150100433.24541417,74024915.17901817,0.0,2251506.498681213,150792.37080892903,73185689.3914712,0.648415258382142
2025-05-30,515,B,25000.0,25935.75427050743,429990.4431064848,9051.8140147294,9200.207787961419,752.553781130362,900.9475543623812,9051.8140147294,0,S2,0,8,226295350.368235,124202805.13747916,10811.370652348574,1357772.10220941,150792.37080892903,100143178.94397867,0.648415258382142
2025-05-30,515,C,5000.0,5177.220739634223,285930.8474686252,23619.886058625296,14512.63637244937,0.0,0.0,14512.63637244937,1,S2,0,8,72563181.86224684,37732854.56836836,0.0,2176895.4558674055,150792.37080892903,32216708.619733524,0.648415258382142
2025-05-31,516,A,10000.0,10317.403667945297,419029.9016376034,13296.79431808557,12121.10266321461,0.0,0.0,12121.10266321461,1,S1,0,5,121211026.63214609,63029733.84871597,0.0,1818165.3994821915,151081.23244355997,55793016.24986676,0.64783753511288
2025-05-31,516,B,25000.0,26763.16285932337,349435.3743312862,9144.480555402744,9116.959448421361,900.9475543623812,873.4264473809981,9144.480555402744,0,S1,0,5,228612013.8850686,123078952.55368838,10481.117368571977,1371672.0833104115,151081.23244355997,103650391.52392639,0.64783753511288
2025-05-31,516,C,5000.0,5018.305475824355,348347.53072755615,22560.357539209872,14500.439159686157,0.0,0.0,14500.439159686157,1,S1,0,5,72502195.79843079,37701141.815184005,0.0,2175065.8739529233,151081.23244355997,32126559.346122738,0.64783753511288
2025-06-01,517,A,10000.0,10099.746724240891,281766.5640665113,13370.449747215607,13899.743267428703,0.0,529.2935202130957,13370.449747215607,0,S1,1,8,133704497.47215608,72278664.99062926,6351.522242557148,2005567.462082341,151278.5183230773,58980868.414812334,0.6474429633538454
2025-06-01,517,B,23750.0,25530.333093184938,445735.1557801879,9312.007439727575,8900.145186023949,873.4264473809981,461.5641936773718,9312.007439727575,0,S1,1,8,221160176.6935299,120151960.0113233,5538.770324128462,1396801.1159591363,151278.5183230773,99008863.12182008,0.6474429633538454
2025-06-01,517,C,5000.0,5191.869458629267,292680.04937321844,23972.283219402598,14491.615341195928,0.0,0.0,14491.615341195928,1,S1,1,8,72458076.70597965,37678199.887109414,0.0,2173742.301179389,151278.5183230773,32162175.949994545,0.6474429633538454
2025-06-02,518,A,9500.0,10864.20629400092,107966.83910425565,16741.64711785184,14485.530757026096,529.2935202130957,0.0,15014.824277239191,1,S1,0,5,142640830.6337723,75324759.9365357,0.0,2252223.6415858786,151421.49728466,64804458.719261825,0.6471570054306799
2025-06-02,518,B,25000.0,25677.135795175716,185264.23154868055,7777.537576937483,8456.342786149768,461.5641936773718,1140.3694028896562,7777.537576937483,0,S1,0,5,194438439.4234371,114160627.61302187,13684.432834675874,1166630.6365406225,151421.49728466,78760811.01220658,0.6471570054306799
2025-06-02,518,C,4850.0,5259.181204154681,295244.12228904106,27338.666065013298,14485.530757026096,0.0,0.0,14485.530757026096,1,S1,0,5,70254824.17157656,37662379.96826785,0.0,2172829.6135539142,151421.49728466,29972948.970181096,0.6471570054306799
2025-06-03,519,A,9500.0,10215.586437587588,301448.7863283314,15610.539286186326,14467.870736104702,0.0,0.0,14467.870736104702,1,S1,0,5,137444771.99299467,75232927.82774445,0.0,2170180.6104157055,151817.2239595105,59588397.544546664,0.6463655520809789
2025-06-03,519,B,25000.0,26896.359073398027,126208.83478159239,9432.144011329401,9280.263717475656,1140.3694028896562,988.4891090359124,9432.144011329401,0,S1,0,5,235803600.283235,125283560.18592136,11861.869308430949,1414821.6016994102,151817.2239595105,108815330.56756473,0.6463655520809789
2025-06-03,519,C,5000.0,5287.5679111600475,412219.7161988187,26491.736866114028,14467.870736104702,0.0,0.0,14467.870736104702,1,S1,0,5,72339353.68052351,37616463.91387223,0.0,2170180.6104157055,151817.2239595105,31988672.216077257,0.6463655520809789
2025-06-04,520,A,9700.0,10577.093504944207,175793.37433667824,15136.385709894963,14456.268022326749,0.0,0.0,14456.268022326749,1,S2,0,8,140225799.81656948,75172593.7160991,0.0,2168440.2033490124,152068.06995470411,62556904.452829994,0.6458638600905917
2025-06-04,520,B,25000.0,26627.344268145745,474318.8940774669,10838.590232544728,10017.084688661025,988.4891090359124,166.98356515220985,10838.590232544728,0,S2,0,8,270964755.8136182,135230643.29692385,2003.8027818265182,1625788.5348817091,152068.06995470411,133479933.21499862,0.6458638600905917
2025-06-04,520,C,4850.0,5414.246088787132,351531.67663110665,29691.512347100834,14456.268022326749,0.0,0.0,14456.268022326749,1,S2,0,8,70112899.90828474,37586296.85804955,0.0,2168440.2033490124,152068.06995470411,29854563.100300364,0.6458638600905917
2025-06-05,521,A,10000.0,10253.39528085128,387190.876481951,14497.357340949842,14089.10196205379,0.0,0.0,14089.10196205379,1,S3,0,3,140891019.6205379,73263330.20267971,0.0,2113365.2943080687,152355.54602844376,64974777.70103974,0.6452889079431124
2025-06-05,521,B,25000.0,26488.63386234143,390620.6229477478,9412.891667662447,9509.2316917434,166.98356515220985,263.32358923316315,9412.891667662447,0,S3,0,3,235322291.69156116,128374627.8385359,3159.8830707979578,1411933.750149367,152355.54602844376,104989594.05082889,0.6452889079431124
2025-06-05,521,C,5000.0,5364.674138017834,488122.6389413461,26762.983520929494,14443.381793116065,0.0,0.0,14443.381793116065,1,S3,0,3,72216908.96558033,37552792.66210177,0.0,2166507.2689674096,152355.54602844376,31857130.849541362,0.6452889079431124
2025-06-06,522,A,10000.0,10334.965003992878,445683.0368985665,14585.091820612317,14432.445827736341,0.0,0.0,14432.445827736341,1,S1,0,5,144324458.27736342,75048718.30422898,0.0,2164866.8741604513,152626.88855183966,66512563.17352358,0.6447462228963207
2025-06-06,522,B,25000.0,26771.717201920696,180143.8415922381,8991.365478747122,8240.94739649291,263.32358923316315,0.0,8504.270985726072,1,S1,0,5,212606774.64315182,111252789.85265428,0.0,1275640.647858911,152626.88855183966,99745573.41249454,0.6447462228963207
2025-06-06,522,C,5000.0,5237.619534641519,224936.36462309578,22835.75852885348,14432.445827736341,0.0,0.0,14432.445827736341,1,S1,0,5,72162229.13868171,37524359.15211449,0.0,2164866.8741604513,152626.88855183966,32095439.85923184,0.6447462228963207
2025-06-07,523,A,10000.0,10504.659492448502,192419.59231053953,13563.083487350068,14420.328202822182,0.0,857.244715472114,13563.083487350068,0,S3,0,3,135630834.87350067,74985706.65467535,10286.936585665368,2034462.5231025103,152882.24161654286,58255076.92521007,0.6442355167669142
2025-06-07,523,B,25000.0,26621.530957562816,155879.5161704874,9050.939638610227,9716.885417951999,0.0,665.9457793417714,9050.939638610227,0,S3,0,3,226273490.96525568,131177953.14235198,7991.349352101257,1357640.9457915341,152882.24161654286,93421143.76997302,0.6442355167669142
2025-06-07,523,C,4750.0,5092.405006836852,377928.5744947174,27630.14174551303,14420.328202822182,0.0,0.0,14420.328202822182,1,S3,0,3,68496558.96340537,37492853.327337675,0.0,2163049.230423327,152882.24161654286,28309845.58953311,0.6442355167669142
2025-06-08,524,A,10000.0,10824.078649205818,274927.269060136,14541.108667229008,14068.105066261634,857.244715472114,384.24111450474084,14541.108667229008,0,S3,0,3,145411086.6722901,73154146.3445605,4610.89337405689,2181166.300084351,153098.54568605733,69643137.31952499,0.6438029086278853
2025-06-08,524,B,25000.0,26699.164421939535,472628.9787718874,8990.227905581673,8403.993179480018,665.9457793417714,79.7110532401166,8990.227905581673,0,S3,0,3,224755697.6395418,113453907.92298023,956.5326388813992,1348534.185837251,153098.54568605733,109326571.47362751,0.6438029086278853
2025-06-08,524,C,5000.0,5353.473906739982,243623.48422423165,23466.514289994953,14410.345458196864,0.0,0.0,14410.345458196864,1,S3,0,3,72051727.29098432,37466898.19131184,0.0,2161551.8187295296,153098.54568605733,32026555.251032654,0.6438029086278853
2025-06-09,525,A,9700.0,10229.735031914985,483821.8375501838,15273.112487081982,14351.446871600203,384.24111450474084,0.0,14735.687986104944,1,S2,0,8,142936173.46521795,74627523.73232105,0.0,2210353.1979157417,153319.53276297668,65461155.164668,0.6433609344740466
2025-06-09,525,B,25000.0,26551.678616254976,302818.1839737773,9457.647067908185,9239.666877930822,79.7110532401166,0.0,9319.377931170939,1,S2,0,8,232984448.27927345,124735502.8520661,0.0,1397906.6896756408,153319.53276297668,106394901.02079496,0.6433609344740466
2025-06-09,525,C,4750.0,5241.732222642937,385833.54523709754,24733.69905812734,14400.48735228271,0.0,0.0,14400.48735228271,1,S2,0,8,68402314.92334287,37441267.11593504,0.0,2160073.1028424064,153319.53276297668,28261821.626565345,0.6433609344740466
2025-06-10,526,A,10000.0,10469.86702671136,327327.09528433275,16032.229124928497,14389.771785110146,0.0,0.0,14389.771785110146,1,S2,1,13,143897717.85110146,74826813.28257276,0.0,2158465.767766522,153552.34787894116,66431559.35759891,0.6428953042421176
2025-06-10,526,B,25000.0,26611.96314330431,282016.2442029367,9517.573297066969,9610.958405133202,0.0,93.38510806623344,9517.573297066969,0,S2,1,13,237939332.42667422,129747938.46929823,1120.6212967948013,1427635.9945600454,153552.34787894116,106327068.74943726,0.6428953042421176
2025-06-10,526,C,5000.0,5272.989673582201,345478.8572066748,28154.14835474873,14389.771785110146,0.0,0.0,14389.771785110146,1,S2,1,13,71948858.92555073,37413406.64128638,0.0,2158465.767766522,153552.34787894116,31877955.311412215,0.6428953042421176
2025-06-11,527,A,10000.0,10625.380345571073,399557.30828959314,15725.062184331324,14385.640676185994,0.0,0.0,14385.640676185994,1,S2,0,8,143856406.76185995,74805331.51616716,0.0,2157846.101427899,153652.01397201148,66340019.82200329,0.6426959720559771
2025-06-11,527,B,25000.0,27292.92611761262,295088.8324542606,10055.426419308256,10664.628923418433,93.38510806623344,702.5876121764104,10055.426419308256,0,S2,0,8,251385660.4827064,143972490.46614885,8431.051346116925,1508313.9628962385,153652.01397201148,105447684.1558889,0.6426959720559771
2025-06-11,527,C,5000.0,5297.684646680989,396342.27474642626,25706.255233015716,14385.640676185994,0.0,0.0,14385.640676185994,1,S2,0,8,71928203.38092998,37402665.75808358,0.0,2157846.101427899,153652.01397201148,31817697.23270006,0.6426959720559771
2025-06-12,528,A,10000.0,10571.28898616455,344909.9701887961,14363.033955684698,14373.736492310429,0.0,10.702536625731227,14363.033955684698,0,S2,0,8,143630339.55684698,74743429.76001424,128.43043950877473,2154455.093352705,153899.007077762,66233517.295773976,0.642201985844476
2025-06-12,528,B,25000.0,26822.630348031926,102317.60792125057,9374.095597363501,8648.174911156846,702.5876121764104,0.0,9350.762523333256,1,S2,0,8,233769063.0833314,116750361.30061743,0.0,1402614.3784999885,153899.007077762,115359870.78921497,0.642201985844476
2025-06-12,528,C,5000.0,5183.316290485155,317540.4448757952,25469.126385555406,14373.736492310429,0.0,0.0,14373.736492310429,1,S2,0,8,71868682.46155214,37371714.88000712,0.0,2156060.4738465645,153899.007077762,31869467.655744907,0.642201985844476
2025-06-13,529,A,9700.0,10004.126693145765,271058.99698601925,14834.128757714036,14061.363685753482,10.702536625731227,0.0,14072.066222379213,1,S3,0,3,136499042.35707837,73119091.16591811,0.0,2110809.933356882,154122.07058919815,60843960.190228164,0.6417558588216037
2025-06-13,529,B,25000.0,26829.061020551588,420462.6299276588,8259.937529969784,8372.429075814956,0.0,112.49154584517237,8259.937529969784,0,S3,0,3,206498438.2492446,113027792.52350192,1349.8985501420684,1238990.6294954675,154122.07058919815,91655720.49718021,0.6417558588216037
2025-06-13,529,C,5000.0,5335.616074320731,106756.34137415861,22228.789211677253,14363.625178395872,0.0,0.0,14363.625178395872,1,S3,0,3,71818125.89197937,37345425.46382927,0.0,2154543.776759381,154122.07058919815,32057278.239427354,0.6417558588216037
2025-06-14,530,A,10000.0,10642.22183399933,485142.9259367812,14495.633352643534,14341.291624062254,0.0,0.0,14341.291624062254,1,S2,0,8,143412916.24062255,74574716.44512372,0.0,2151193.743609338,154607.2098520042,66047255.9161007,0.6407855802959915
2025-06-14,530,B,25000.0,25888.84818180483,347601.1885363554,8925.518807534068,8159.482884017092,112.49154584517237,0.0,8271.974429862265,1,S2,0,8,206799360.7465566,110153018.93423074,0.0,1240796.1644793397,154607.2098520042,94903337.24945815,0.6407855802959915
2025-06-14,530,C,5000.0,5016.825684774423,470869.5569669769,22584.270734180063,14341.291624062254,0.0,0.0,14341.291624062254,1,S2,0,8,71706458.12031128,37287358.22256186,0.0,2151193.743609338,154607.2098520042,31642429.3873211,0.6407855802959915
2025-06-15,531,A,10000.0,10365.355014079089,143869.27364842076,14186.780260792773,14326.857958815539,0.0,140.07769802276562,14186.780260792773,0,S1,0,5,141867802.60792774,74499661.3858408,1680.9323762731874,2128017.039118916,154918.0649866508,64939655.91195666,0.6401638700266983
2025-06-15,531,B,25000.0,26784.2297039875,136504.98853392317,8404.767421406312,8148.102174827666,0.0,0.0,8148.102174827666,1,S1,0,5,203702554.37069166,109999379.3601735,0.0,1222215.32622415,154918.0649866508,92189536.63077344,0.6401638700266983
2025-06-15,531,C,5000.0,5254.015759379162,327585.46878020425,23364.53543840836,14326.857958815539,0.0,0.0,14326.857958815539,1,S1,0,5,71634289.7940777,37249830.6929204,0.0,2149028.693822331,154918.0649866508,31752926.873568106,0.6401638700266983
2025-06-16,532,A,10000.0,10424.584381950044,314749.9144617372,13676.319845269427,13141.110142384852,140.07769802276562,0.0,13281.187840407618,1,S3,0,3,132811878.40407617,68333772.74040124,0.0,1992178.1760611427,155184.62619797146,62015992.94695408,0.639630747604057
2025-06-16,532,B,25000.0,25959.04427654708,412174.7349567945,8670.464993404325,8036.643936551867,0.0,0.0,8036.643936551867,1,S3,0,3,200916098.4137967,108494693.1434502,0.0,1205496.59048278,155184.62619797146,90648549.31870893,0.639630747604057
2025-06-16,532,C,5000.0,5249.6162964066325,144844.1646501585,23969.190118505612,14313.712316812404,0.0,0.0,14313.712316812404,1,S3,0,3,71568561.58406202,37215652.02371225,0.0,2147056.8475218606,155184.62619797146,31905823.92197979,0.639630747604057
2025-06-17,533,A,10000.0,10443.166192904484,335519.7846668524,15047.935659846196,14300.67368739867,0.0,0.0,14300.67368739867,1,S1,0,5,143006736.8739867,74363503.17447309,0.0,2145101.0531098004,155471.1185314096,66007141.74320554,0.6390577629371808
2025-06-17,533,B,25000.0,26946.09400984596,491831.14003443986,9502.982743805782,10449.034992833764,0.0,946.0522490279818,9502.982743805782,0,S1,0,5,237574568.59514454,141061972.40325582,11352.626988335782,1425447.4115708673,155471.1185314096,94428493.89476368,0.6390577629371808
2025-06-17,533,C,4850.0,5215.010576507436,326301.5504508733,28249.578057200077,14300.67368739867,0.0,0.0,14300.67368739867,1,S1,0,5,69358267.38388355,37181751.587236546,0.0,2145101.0531098004,155471.1185314096,29549642.074554924,0.6390577629371808
2025-06-18,534,A,10000.0,10646.513430574692,150703.5085466405,14112.501328847899,14214.03318339657,0.0,101.53185454867162,14112.501328847899,0,S1,0,5,141125013.288479,73912972.55366217,1218.3822545840594,2116875.199327185,155772.07957440687,64787471.565114014,0.6384558408511862
2025-06-18,534,B,25000.0,25533.609214592638,239729.20433554848,9127.772291118441,9930.72502018613,946.0522490279818,1749.0049780956706,9127.772291118441,0,S1,0,5,228194307.27796102,134064787.77251275,20988.059737148047,1369165.843667766,155772.07957440687,92343864.3181334,0.6384558408511862
2025-06-18,534,C,5000.0,5049.300220050952,177080.3949552319,25876.32968876051,14287.305914357083,0.0,0.0,14287.305914357083,1,S1,0,5,71436529.57178542,37146995.37732842,0.0,2143095.8871535626,155772.07957440687,31813585.8327738,0.6384558408511862
2025-06-19,535,A,10000.0,10748.655878189471,448541.1285473302,15909.137461160513,14271.93687666369,101.53185454867162,0.0,14373.468731212362,1,S1,0,5,143734687.31212363,74214071.7586512,0.0,2156020.309681854,156130.3537227149,66759923.761520535,0.6377392925545701
2025-06-19,535,B,25000.0,26680.44908015186,304937.21826415596,8768.695101512898,7985.488357128724,1749.0049780956706,965.7982337114954,8768.695101512898,0,S1,0,5,219217377.53782246,107804092.82123777,11589.578804537945,1315304.2652269348,156130.3537227149,109625323.30056633,0.6377392925545701
2025-06-19,535,C,5000.0,5148.2432076436835,439000.42011216807,23999.052920692568,14271.93687666369,0.0,0.0,14271.93687666369,1,S1,0,5,71359684.38331845,37107035.8793256,0.0,2140790.5314995535,156130.3537227149,31516727.198658418,0.6377392925545701
2025-06-20,536,A,10000.0,10762.515820669716,257576.08585498814,14621.84025954032,14265.721870046009,0.0,0.0,14265.721870046009,1,S1,0,5,142657218.70046008,74181753.72423925,0.0,2139858.2805069014,156281.65877433986,65921748.9510846,0.6374366824513201
2025-06-20,536,B,25000.0,26257.062255833436,303516.09235109336,8623.294625166298,9301.110582966632,965.7982337114954,1643.6141915118296,8623.294625166298,0,S1,0,5,215582365.62915745,125564992.87004954,19723.370298141956,1293494.1937749446,156281.65877433986,88244357.44390939,0.6374366824513201
2025-06-20,536,C,5000.0,5334.620160748382,204860.44580669235,23268.01690790994,14265.721870046009,0.0,0.0,14265.721870046009,1,S1,0,5,71328609.35023004,37090876.86211962,0.0,2139858.2805069014,156281.65877433986,31736732.103022486,0.6374366824513201
2025-06-21,537,A,10000.0,10900.421863899663,436715.5047411508,12995.083753848749,14233.68420484494,0.0,1238.6004509961913,12995.083753848749,0,S2,0,8,129950837.53848748,74015157.86519368,14863.205411954295,1949262.5630773122,156537.75303066353,53378300.647032715,0.6369244939386729
2025-06-21,537,B,25000.0,26929.698818720597,369650.9759286762,8526.809582808017,8292.088783835876,1643.6141915118296,1408.8933925396886,8526.809582808017,0,S2,0,8,213170239.5702004,111943198.58178432,16906.720710476264,1279021.4374212024,156537.75303066353,99404924.10132508,0.6369244939386729
2025-06-21,537,C,5000.0,5249.28590718042,380165.24798691,22155.925613240477,14253.7344184938,0.0,0.0,14253.7344184938,1,S2,0,8,71268672.09246899,37059709.48808388,0.0,2138060.1627740697,156537.75303066353,31534199.440593466,0.6369244939386729
2025-06-22,538,A,10000.0,10746.084548084218,166645.088386048,13778.12981562846,14245.784182770894,1238.6004509961913,1706.2548181386264,13778.12981562846,0,S3,0,3,137781298.1562846,74078077.75040865,20475.057817663517,2066719.4723442688,156714.62716647668,61292666.16016149,0.6365707456670466
2025-06-22,538,B,25000.0,26525.893660953818,261071.05913734395,8168.515371863734,7764.75847204064,1408.8933925396886,1005.136492716596,8168.515371863734,0,S3,0,3,204212884.29659334,104824239.37254864,12061.637912599152,1225277.30577956,156714.62716647668,97733520.29404871,0.6365707456670466
2025-06-22,538,C,5000.0,5227.266091119854,245736.66905042564,20821.605624734948,14245.784182770894,0.0,0.0,14245.784182770894,1,S3,0,3,71228920.91385446,37039038.875204325,0.0,2136867.627415634,156714.62716647668,31650563.115017604,0.6365707456670466
2025-06-23,539,A,10000.0,10856.932282739057,420530.81801840896,14627.64208377636,13362.065365860744,1706.2548181386264,440.6781002230109,14627.64208377636,0,S2,0,8,146276420.8377636,69482739.90247586,5288.137202676131,2194146.312566454,156978.23762665436,74016737.42987354,0.6360435247466911
2025-06-23,539,B,25000.0,26741.37244361876,457069.5073610516,8252.71037538529,7792.316366492169,1005.136492716596,544.7424838234765,8252.71037538529,0,S2,0,8,206317759.38463226,105196270.9476443,6536.909805881718,1237906.5563077934,156978.23762665436,99262997.22588658,0.6360435247466911
2025-06-23,539,C,5000.0,5224.230992087855,433473.30153818155,24404.288299649957,14233.74254136858,0.0,0.0,14233.74254136858,1,S2,0,8,71168712.7068429,37007730.60755831,0.0,2135061.381205287,156978.23762665436,31435469.178914465,0.6360435247466911
2025-06-24,540,A,9500.0,10435.550102917963,431920.2510635464,15464.978793634487,14221.276696865561,440.6781002230109,0.0,14661.954797088572,1,S2,0,8,139288570.57234144,73950638.82370092,0.0,2199293.219563286,157251.95030548234,62549466.32770821,0.6354960993890353
2025-06-24,540,B,25000.0,26758.214260779765,433516.45205229457,10555.6799831575,10442.010117674505,544.7424838234765,431.0726183404804,10555.6799831575,0,S2,0,8,263891999.57893753,140967136.58860582,5172.871420085765,1583351.9974736252,157251.95030548234,120745569.71908022,0.6354960993890353
2025-06-24,540,C,5000.0,5315.815058883775,178593.3120076784,24360.589983591464,14221.276696865561,0.0,0.0,14221.276696865561,1,S2,0,8,71106383.48432781,36975319.41185046,0.0,2133191.5045298343,157251.95030548234,31662027.305634353,0.6354960993890353
2025-06-25,541,A,10000.0,10332.4418738445,388101.6842612549,14736.650793300541,14207.615051151315,0.0,0.0,14207.615051151315,1,S3,0,3,142076150.51151314,73879598.26598684,0.0,2131142.2576726973,157556.24560713407,65519752.05798522,0.634887508785732
2025-06-25,541,B,25000.0,25937.264119835978,468035.07275434205,9082.178177549285,9029.181577230629,431.0726183404804,378.076018021824,9082.178177549285,0,S3,0,3,227054454.43873215,121893951.29261349,4536.912216261888,1362326.7266323927,157556.24560713407,103168048.18890853,0.634887508785732
2025-06-25,541,C,5000.0,5423.756917024236,190411.31639075023,24716.35196389857,14207.615051151315,0.0,0.0,14207.615051151315,1,S3,0,3,71038075.25575657,36939799.13299342,0.0,2131142.2576726973,157556.24560713407,31619166.303092565,0.634887508785732
2025-06-26,542,A,9700.0,10479.249791435022,235712.0664462864,15366.98851520463,14049.940992728594,0.0,0.0,14049.940992728594,1,S1,0,5,136284427.62946737,73059693.1621887,0.0,2107491.148909289,157794.82930892333,60723736.42261417,0.6344103413821534
2025-06-26,542,B,24250.0,26117.38684398686,292930.47939545143,8877.564902157714,7994.763674204762,378.076018021824,0.0,8372.839692226586,1,S1,0,5,203041362.5364947,107929309.60176428,0.0,1255925.953833988,157794.82930892333,93405401.67219207,0.6344103413821534
2025-06-26,542,C,5000.0,5153.008334961152,421321.7544821202,24700.82120270982,14195.909389394645,0.0,0.0,14195.909389394645,1,S1,0,5,70979546.94697322,36909364.41242608,0.0,2129386.408409197,157794.82930892333,31361679.542346902,0.6344103413821534
2025-06-27,543,A,9500.0,10347.241251177762,409225.4941011273,15261.877087465567,14184.783681152561,0.0,0.0,14184.783681152561,1,S3,0,3,134755444.97094932,73760875.14199331,0.0,2127717.5521728843,158042.43935740652,58299584.34332459,0.6339151212851868
2025-06-27,543,B,24250.0,26342.076999564342,392857.59433580353,8617.839161889857,8475.558813612235,0.0,0.0,8475.558813612235,1,S3,0,3,205532301.2300967,114420043.98376517,0.0,1271333.8220418352,158042.43935740652,89290023.39059648,0.6339151212851868
2025-06-27,543,C,5000.0,5244.133396194063,337455.0284903818,22336.56781386373,14184.783681152561,0.0,0.0,14184.783681152561,1,S3,0,3,70923918.4057628,36880437.57099666,0.0,2127717.5521728843,158042.43935740652,31420265.81474548,0.6339151212851868
2025-06-28,544,A,10000.0,10470.661599726029,256350.18009910683,13224.42764906323,11930.392299922507,0.0,0.0,11930.392299922507,1,S2,0,8,119303922.99922507,62038039.959597036,0.0,1789558.8449883761,158310.48850814565,55061663.5260324,0.6333790229837086
2025-06-28,544,B,25000.0,26083.112845758955,431405.65104034543,8268.339726418804,8897.466518928011,0.0,629.126792509207,8268.339726418804,0,S2,0,8,206708493.1604701,120115798.00552815,7549.521510110484,1240250.9589628207,158310.48850814565,84755178.53492051,0.6333790229837086
2025-06-28,544,C,4750.0,5274.118362505484,135554.68823673244,26551.702249258662,14172.22507242387,0.0,0.0,14172.22507242387,1,S2,0,8,67318069.09401338,36847785.18830206,0.0,2125833.7608635803,158310.48850814565,28050584.968102857,0.6333790229837086
2025-06-29,545,A,10000.0,10662.651686858875,423703.98540191003,13221.094680530232,14154.450423268181,0.0,933.3557427379492,13221.094680530232,0,S1,0,5,132210946.80530232,73603142.20099454,11200.26891285539,1983164.2020795348,158707.59426111545,56031028.55365237,0.6325848114777691
2025-06-29,545,B,24250.0,26841.357640407245,490632.64286771737,8654.303186922018,9381.326798678703,629.126792509207,1356.1504042658926,8654.303186922018,0,S1,0,5,209866852.28285894,126647911.78216249,16273.80485119071,1298145.4780383026,158707.59426111545,81255180.98067814,0.6325848114777691
2025-06-29,545,C,5000.0,5247.358821493281,230668.95266254543,21449.460072302685,14154.450423268181,0.0,0.0,14154.450423268181,1,S1,0,5,70772252.1163409,36801571.10049727,0.0,2123167.5634902273,158707.59426111545,31458136.90542975,0.6325848114777691
2025-06-30,546,A,9500.0,10935.927324487635,446139.8456959721,16722.599249204544,14147.366691336787,933.3557427379492,0.0,15080.722434074736,1,S2,0,8,143266863.12371,73566306.79495129,0.0,2262108.3651112104,158866.16028175593,66833441.95766978,0.6322676794364881
2025-06-30,546,B,25000.0,26504.83329298605,445332.73579934717,8707.778171964252,8879.496167168574,1356.1504042658926,1527.868399470215,8707.778171964252,0,S2,0,8,217694454.2991063,119873198.25677575,18334.42079364258,1306166.7257946378,158866.16028175593,95892555.99966116,0.6322676794364881
2025-06-30,546,C,4850.0,5229.789001048309,360247.92607966234,24177.121896210156,14147.366691336787,0.0,0.0,14147.366691336787,1,S2,0,8,68614728.45298342,36783153.397475645,0.0,2122105.003700518,158866.16028175593,29190355.965445846,0.6322676794364881
2025-07-01,547,A,10000.0,10545.893636045708,317315.6293399914,13388.957937213709,12302.121011152107,0.0,0.0,12302.121011152107,1,S1,0,5,123021210.11152107,63971029.25799096,0.0,1845318.151672816,159077.7206611296,56728469.35185617,0.6318445586777408
2025-07-01,547,B,24250.0,26853.16110675378,208612.4767888716,9741.818983603964,9810.02943452102,1527.868399470215,1596.0788503872718,9741.818983603964,0,S1,0,5,236239110.35239613,132435397.36603378,19152.94620464726,1461272.8475405946,159077.7206611296,101955596.9951671,0.6318445586777408
2025-07-01,547,C,5000.0,5239.710387819423,471596.81884497294,22805.701548904297,14137.328540787576,0.0,0.0,14137.328540787576,1,S1,0,5,70686642.70393787,36757054.2060477,0.0,2120599.2811181364,159077.7206611296,31178314.677265935,0.6318445586777408
2025-07-02,548,A,10000.0,10338.39124427336,205219.452032752,14149.247824963324,13831.268022509974,0.0,0.0,13831.268022509974,1,S2,0,8,138312680.22509974,71922593.71705186,0.0,2074690.203376496,159293.89070157244,63950882.96193706,0.6314122185968551
2025-07-02,548,B,25000.0,26794.12655358011,275713.8886944644,9083.55496708837,9796.349071918576,1596.0788503872718,2308.8729552174773,9083.55496708837,0,S2,0,8,227088874.17720926,132250712.47090077,27706.475462609727,1362533.2450632555,159293.89070157244,93012914.20638657,0.6314122185968551
2025-07-02,548,C,5000.0,5340.979782728278,374799.106698952,25316.615706395733,14127.72354960467,0.0,0.0,14127.72354960467,1,S2,0,8,70638617.74802335,36732081.228972144,0.0,2119158.5324407006,159293.89070157244,31253284.989209976,0.6314122185968551
2025-07-03,549,A,10000.0,10567.045659908485,360206.4614122069,14299.17972671703,14114.667662019205,0.0,0.0,14114.667662019205,1,S3,0,3,141146676.62019205,73396271.84249987,0.0,2117200.1493028807,159577.9044584396,65113420.26251866,0.6308441910831208
2025-07-03,549,B,25000.0,26970.201581790156,338472.8228369634,9373.471841063958,9710.688878104142,2308.8729552174773,2646.089992257661,9373.471841063958,0,S3,0,3,234336796.02659896,131094299.85440591,31753.07990709193,1406020.7761595936,159577.9044584396,101306671.58883096,0.6308441910831208
2025-07-03,549,C,5000.0,5422.083392182654,122632.9614635361,24935.458018342353,14114.667662019205,0.0,0.0,14114.667662019205,1,S3,0,3,70573338.31009603,36698135.92124993,0.0,2117200.1493028807,159577.9044584396,31475791.373621237,0.6308441910831208
2025-07-04,550,A,10000.0,10745.929560594814,486392.29700750747,14293.71968554842,14101.800368572305,0.0,0.0,14101.800368572305,1,S2,0,8,141018003.68572307,73329361.91657598,0.0,2115270.055285846,159879.90033688027,64927099.51651685,0.6302401993262394
2025-07-04,550,B,25000.0,26309.169130087306,298520.91380657756,8492.752269140132,8117.519337021642,2646.089992257661,2270.857060139171,8492.752269140132,0,S2,0,8,212318806.7285033,109586511.04979217,27250.284721670054,1273912.8403710197,159879.90033688027,100972731.73947498,0.6302401993262394
2025-07-04,550,C,4850.0,5167.751284539535,439689.1432093594,22523.166326972183,14101.800368572305,0.0,0.0,14101.800368572305,1,S2,0,8,68393731.78757568,36664680.95828799,0.0,2115270.055285846,159879.90033688027,29014211.7304556,0.6302401993262394
2025-07-05,551,A,10000.0,10573.51489588705,487266.46179151116,12297.874252936665,12877.74630063092,0.0,579.8720476942563,12297.874252936665,0,S2,0,8,122978742.52936664,66964280.76328079,6958.464572331075,1844681.1379404997,160104.07999628346,53515451.62178524,0.629791840007433
2025-07-05,551,B,25000.0,26883.19414592791,465644.51277138945,8471.557122150074,8381.145893535917,2270.857060139171,2180.445831525014,8471.557122150074,0,S2,0,8,211788928.05375186,113145469.56273487,26165.349978300168,1270733.5683225112,160104.07999628346,96720810.9799485,0.629791840007433
2025-07-05,551,C,4850.0,5188.3051703960555,261755.83249196978,23421.74714109955,14091.777401887552,0.0,0.0,14091.777401887552,1,S2,0,8,68345120.39915462,36638621.24490763,0.0,2113766.6102831326,160104.07999628346,29170872.631475598,0.629791840007433
2025-07-06,552,A,10000.0,10802.787738902707,141032.7136447548,13608.855042098174,12522.179878228337,579.8720476942563,0.0,13102.051925922593,1,S1,0,5,131020519.25922593,65115335.36678735,0.0,1965307.788888389,160340.71406367928,63638502.675841756,0.6293185718726414
2025-07-06,552,B,25000.0,25799.109055802463,434142.7625175933,8374.30167762536,7802.840369775904,2180.445831525014,1608.9845236755573,8374.30167762536,0,S1,0,5,209357541.940634,105338344.99197471,19307.814284106687,1256145.2516438041,160340.71406367928,102149260.40615013,0.6293185718726414
2025-07-06,552,C,5000.0,5241.647630856052,192324.1497577864,21898.34187616839,14081.455739434052,0.0,0.0,14081.455739434052,1,S1,0,5,70407278.69717026,36611784.922528535,0.0,2112218.3609151077,160340.71406367928,31330610.549905147,0.6293185718726414
2025-07-07,553,A,10000.0,10640.840782520841,399586.5913731656,13093.666748942525,13463.630814317065,0.0,369.96406537453913,13093.666748942525,0,S2,0,8,130936667.48942526,70010880.23444873,4439.56878449447,1964050.0123413787,160566.45567018678,58397144.626807295,0.6288670886596264
2025-07-07,553,B,25000.0,26569.08961463347,276730.339926312,7485.956450967714,7004.941134832334,1608.9845236755573,1127.9692075401772,7485.956450967714,0,S2,0,8,187148911.27419284,94566705.3202365,13535.630490482126,1122893.4676451571,160566.45567018678,91008480.06022419,0.6288670886596264
2025-07-07,553,C,5000.0,5222.045932869336,323815.8162803777,23279.12165613119,14071.110444226435,0.0,0.0,14071.110444226435,1,S2,0,8,70355552.22113217,36584887.15498873,0.0,2110666.5666339654,160566.45567018678,31175616.22755892,0.6288670886596264
2025-07-08,554,A,10000.0,10791.316246370177,250814.0964222064,14122.276488182926,12927.31935486021,369.96406537453913,0.0,13297.28342023475,1,S3,0,3,132972834.20234749,67222060.64527309,0.0,1994592.5130352124,160903.7935810434,63344463.15403593,0.6281924128379132
2025-07-08,554,B,23750.0,26554.681597813433,253191.35844737053,9721.914601589064,10146.444633445994,1127.9692075401772,1552.499239397106,9721.914601589064,0,S3,0,3,230895471.78774026,136977002.5515209,18629.990872765273,1458287.1902383596,160903.7935810434,92027456.90307981,0.6281924128379132
2025-07-08,554,C,5000.0,5292.29256697912,140482.43610817764,21938.4753220022,14056.235411596392,0.0,0.0,14056.235411596392,1,S3,0,3,70281177.05798195,36546212.07015062,0.0,2108435.3117394587,160903.7935810434,31325143.44640265,0.6281924128379132
2025-07-09,555,A,10000.0,10688.669871015962,178244.03290589058,14346.094386441882,14040.277508342539,0.0,0.0,14040.277508342539,1,S2,1,13,140402775.08342537,73009443.0433812,0.0,2106041.626251381,161255.32864303302,64947791.052243866,0.6274893427139339
2025-07-09,555,B,25000.0,26176.127101347574,343568.9088986981,8226.791786818267,7859.905543562675,1552.499239397106,1185.6129961415136,8226.791786818267,0,S2,1,13,205669794.67045668,106108724.83809611,14227.355953698163,1234018.76802274,161255.32864303302,97807999.47084239,0.6274893427139339
2025-07-09,555,C,5000.0,5473.811665494074,183037.9554204663,25539.997404629117,14040.277508342539,0.0,0.0,14040.277508342539,1,S2,1,13,70201387.54171269,36504721.5216906,0.0,2106041.626251381,161255.32864303302,31246331.109707206,0.6274893427139339
2025-07-10,556,A,10000.0,10320.645414502249,412548.79468734615,13396.593641105315,13329.751820132538,0.0,0.0,13329.751820132538,1,S1,0,5,133297518.20132539,69314709.4646892,0.0,1999462.7730198808,161573.35045207528,61409223.81847689,0.6268532990958493
2025-07-10,556,B,25000.0,26738.40942158831,423346.36784816824,8575.420512994471,8046.239964131605,1185.6129961415136,656.4324472786466,8575.420512994471,0,S1,0,5,214385512.8248618,108624239.51577666,7877.189367343759,1286313.0769491708,161573.35045207528,103882163.32446837,0.6268532990958493
2025-07-10,556,C,5000.0,5225.957389832093,207707.84455162907,24290.37813291667,14025.853855413341,0.0,0.0,14025.853855413341,1,S1,0,5,70129269.27706671,36467220.02407469,0.0,2103878.078312001,161573.35045207528,31188889.97967631,0.6268532990958493
2025-07-11,557,A,10000.0,10547.557765344676,495873.5438670329,14103.610791665185,14012.75819389002,0.0,0.0,14012.75819389002,1,S3,0,3,140127581.9389002,72866342.6082281,0.0,2101913.729083503,161873.63114955343,64501578.42657202,0.6262527377008931
2025-07-11,557,B,25000.0,26868.252574854538,270117.4791563662,7940.564690008052,7870.6737088976915,656.4324472786466,586.5414661682862,7940.564690008052,0,S3,0,3,198514117.25020128,106254095.07011883,7038.4975940194345,1191084.7035012078,161873.63114955343,90629907.86868131,0.6262527377008931
2025-07-11,557,C,4850.0,5317.228118215979,155584.02926110313,23509.63294544629,14012.75819389002,0.0,0.0,14012.75819389002,1,S3,0,3,67961877.2403666,36433171.30411405,0.0,2101913.729083503,161873.63114955343,29109334.54675838,0.6262527377008931
2025-07-12,558,A,10000.0,10329.436892061241,461368.54303729767,11564.152402102078,10643.344593677964,0.0,0.0,10643.344593677964,1,S1,0,5,106433445.93677965,55345391.88712542,0.0,1596501.6890516947,162064.07203227092,48868119.74553297,0.625871855935458
2025-07-12,558,B,25000.0,27442.09794506879,388907.21449084155,9794.755182798235,10389.195369107309,586.5414661682862,1180.9816524773596,9794.755182798235,0,S1,0,5,244868879.5699559,140254137.48294866,14171.779829728315,1469213.2774197352,162064.07203227092,102580385.74323465,0.625871855935458
2025-07-12,558,C,5000.0,5244.2696021862885,106536.55660498847,20945.678879287494,14004.976472005514,0.0,0.0,14004.976472005514,1,S1,0,5,70024882.36002757,36412938.82721434,0.0,2100746.4708008273,162064.07203227092,31242596.433375143,0.625871855935458
2025-07-13,559,A,10000.0,10286.233605316102,317418.62673100457,12879.256657124008,12095.77117495352,0.0,0.0,12095.77117495352,1,S2,0,8,120957711.74953519,62898010.1097583,0.0,1814365.676243028,162473.23829918282,55765444.098503664,0.6250535234016342
2025-07-13,559,B,24250.0,27128.532491902344,166064.67791640994,7764.573368661477,7860.865276297626,1180.9816524773596,1277.27356011351,7764.573368661477,0,S2,0,8,188290904.1900408,106121681.23001796,15327.28272136212,1164686.0052992215,162473.23829918282,80660671.75578667,0.6250535234016342
2025-07-13,559,C,4850.0,5386.4145472927785,296041.6700873093,23809.403116389072,13986.638559977244,0.0,0.0,13986.638559977244,1,S2,0,8,67835197.01588963,36365260.25594083,0.0,2097995.7839965867,162473.23829918282,28913426.06756572,0.6250535234016342
2025-07-14,560,A,10000.0,10322.360602284163,412534.05524836486,13438.298632223192,13971.46315629581,0.0,533.1645240726175,13438.298632223192,0,S2,0,8,134382986.32223192,72651608.4127382,6397.97428887141,2015744.7948334788,162808.66825239925,59133892.416870594,0.6243826634952014
2025-07-14,560,B,25000.0,25726.98703221999,405488.62809302873,8411.188308042034,7972.3878859105125,1277.27356011351,838.4731379819896,8411.188308042034,0,S2,0,8,210279707.70105085,107627236.45979191,10061.677655783875,1261678.246206305,162808.66825239925,100812434.02105142,0.6243826634952014
2025-07-14,560,C,4850.0,5366.546175546528,387841.9561980772,21963.160685900235,13971.46315629581,0.0,0.0,13971.46315629581,1,S2,0,8,67761596.30803467,36325804.2063691,0.0,2095719.4734443715,162808.66825239925,28789422.00377072,0.6243826634952014
2025-07-15,561,A,10000.0,10901.998246728406,356508.5849346567,14392.368571716735,13959.623704962352,533.1645240726175,100.41965731823439,14392.368571716735,0,S1,0,5,143923685.71716735,72590043.26580423,1205.0358878188126,2158855.2857575105,163082.52360373345,68653991.0211794,0.6238349527925331
2025-07-15,561,B,25000.0,25376.43511288837,366280.6147506546,8489.616994194956,8321.994569242252,838.4731379819896,670.8507130292855,8489.616994194956,0,S1,0,5,212240424.8548739,112346926.68477039,8050.2085563514265,1273442.5491292432,163082.52360373345,98082642.27406351,0.6238349527925331
2025-07-15,561,C,4750.0,5362.042682712325,303401.99083925784,26043.343903422883,13959.623704962352,0.0,0.0,13959.623704962352,1,S1,0,5,66308212.598571174,36295021.632902116,0.0,2093943.5557443528,163082.52360373345,27452762.895481713,0.6238349527925331
2025-07-16,562,A,10000.0,10552.430660446958,112500.59644434632,14671.874055856395,13943.416197051369,100.41965731823439,0.0,14043.835854369603,1,S3,0,3,140438358.54369605,72505764.22466712,0.0,2106575.3781554406,163431.4422231713,65550086.90220597,0.6231371155536574
2025-07-16,562,B,25000.0,26161.39140360315,222445.13371675825,9065.168149143212,9462.54247203241,670.8507130292855,1068.2250359184836,9065.168149143212,0,S3,0,3,226629203.7285803,127744323.37243754,12818.700431021804,1359775.2223714818,163431.4422231713,97126409.85740031,0.6231371155536574
2025-07-16,562,C,5000.0,5476.441029604298,316262.66706549586,24172.569776259294,13943.416197051369,0.0,0.0,13943.416197051369,1,S3,0,3,69717080.98525685,36252882.11233356,0.0,2091512.4295577053,163431.4422231713,30892992.334076915,0.6231371155536574
2025-07-17,563,A,10000.0,10854.374281787052,223779.99703725026,14729.807394269308,13933.880257568928,0.0,0.0,13933.880257568928,1,S1,0,5,139338802.5756893,72456177.33935842,0.0,2090082.0386353391,163639.63592091698,64405123.564737365,0.6227207281581661
2025-07-17,563,B,25000.0,26794.95895746849,294986.7355321461,8951.058351342293,9272.62842849184,1068.2250359184836,1389.7951130680303,8951.058351342293,0,S1,0,5,223776458.78355733,125180483.78463984,16677.541356816364,1342658.752701344,163639.63592091698,96778012.33340627,0.6227207281581661
2025-07-17,563,C,5000.0,5264.201407063707,359424.2103677228,24432.678648515128,13933.880257568928,0.0,0.0,13933.880257568928,1,S1,0,5,69669401.28784464,36228088.66967921,0.0,2090082.0386353391,163639.63592091698,30828166.733241454,0.6227207281581661
2025-07-18,564,A,10000.0,10079.452424953677,125096.46317764794,12294.848911992873,11429.272000308743,0.0,0.0,11429.272000308743,1,S1,0,5,114292720.00308743,59432214.401605465,0.0,1714390.8000463115,163947.97995218902,52857070.35830582,0.6221040400956219
2025-07-18,564,B,25000.0,26791.34131635237,204641.2038118467,8421.278071164932,7658.738105470235,1389.7951130680303,627.2551473733329,8421.278071164932,0,S1,0,5,210531951.7791233,103392964.42384817,7527.0617684799945,1263191.71067474,163947.97995218902,105499679.39906788,0.6221040400956219
2025-07-18,564,C,5000.0,5364.543790470774,490919.3446961365,21180.402184057344,13919.657149778332,0.0,0.0,13919.657149778332,1,S1,0,5,69598285.74889165,36191108.589423664,0.0,2087948.5724667497,163947.97995218902,30664361.26235291,0.6221040400956219
2025-07-19,565,A,10000.0,10497.224942662697,189436.59447962907,11157.107127571873,11685.89151333794,0.0,528.7843857660664,11157.107127571873,0,S3,0,3,111571071.27571873,60766635.86935729,6345.412629192797,1673566.069135781,164271.54951494336,48770815.780601904,0.6214569009701132
2025-07-19,565,B,25000.0,26577.487577854965,452428.9680750181,7660.977061006302,7787.464739857515,627.2551473733329,753.7428262245448,7660.977061006302,0,S3,0,3,191524426.52515757,105130773.98807646,9044.913914694538,1149146.5591509454,164271.54951494336,84618760.54642549,0.6214569009701132
2025-07-19,565,C,4750.0,5241.680338218683,128934.37237666991,22581.047800897577,13905.373632771363,0.0,0.0,13905.373632771363,1,S3,0,3,66050524.755663976,36153971.44520555,0.0,2085806.0449157045,164271.54951494336,27517541.343651112,0.6214569009701132
2025-07-20,566,A,10000.0,10247.688564559672,309945.5937962675,12737.18466460793,13158.750916166558,528.7843857660664,950.3506373246946,12737.18466460793,0,S2,0,8,127371846.6460793,68425504.7640661,11404.207647896335,1910577.6996911895,164625.2824383406,56549789.09843951,0.6207494351233187
2025-07-20,566,B,25000.0,26419.92470882458,217026.56865762395,7864.524562814193,8563.456540911022,753.7428262245448,1452.6748043213738,7864.524562814193,0,S2,0,8,196613114.07035482,115606663.3022988,17432.097651856486,1179678.6844221288,164625.2824383406,79427688.13488607,0.6207494351233187
2025-07-20,566,C,5000.0,5308.6948564019785,356701.2324775797,22158.383994791933,13889.776742615628,0.0,0.0,13889.776742615628,1,S2,0,8,69448883.71307814,36113419.53080063,0.0,2083466.5113923443,164625.2824383406,30730671.155969243,0.6207494351233187
2025-07-21,567,A,10000.0,10314.600754076682,367144.5911950008,12991.877051149979,12416.121488568766,950.3506373246946,374.59507474348175,12991.877051149979,0,S3,0,3,129918770.51149979,64563831.74055758,4495.140896921781,1948781.557672497,164990.15350027065,62869527.32767752,0.6200196929994586
2025-07-21,567,B,25000.0,25340.888197023953,267348.01901864173,7849.529526604159,7486.898786641199,1452.6748043213738,1090.0440643584134,7849.529526604159,0,S3,0,3,196238238.16510397,101073133.61965619,13080.52877230096,1177429.428990624,164990.15350027065,93542256.41516596,0.6200196929994586
2025-07-21,567,C,5000.0,5223.446234852528,318686.3995270691,22295.157526071318,13872.049750430127,0.0,0.0,13872.049750430127,1,S3,0,3,69360248.75215064,36067329.35111833,0.0,2080807.4625645191,164990.15350027065,30728435.385440446,0.6200196929994586
2025-07-22,568,A,9700.0,10413.36102300029,138253.8570359701,13355.853268996367,13330.919948383598,374.59507474348175,349.66175413071323,13355.853268996367,0,S2,0,8,129551776.70926476,69320783.73159471,4195.941049568559,2003377.990349455,165179.28724923913,57919985.90198581,0.6196414255015217
2025-07-22,568,B,25000.0,26368.14877439908,144170.20437199343,8200.542303128983,7388.4178202640005,1090.0440643584134,277.9195814934319,8200.542303128983,0,S2,0,8,205013557.57822457,99743640.57356401,3335.034977921183,1230081.3454693474,165179.28724923913,103727151.13259207,0.6196414255015217
2025-07-22,568,C,5000.0,5145.319824496046,228695.91239531105,22687.96287598447,13863.830028676162,0.0,0.0,13863.830028676162,1,S2,0,8,69319150.1433808,36045958.07455802,0.0,2079574.5043014244,165179.28724923913,30799742.364876814,0.6196414255015217
2025-07-23,569,A,10000.0,10752.165361351574,218751.4540188384,12996.682298663518,11742.450305022054,349.66175413071323,0.0,12092.112059152767,1,S1,0,5,120921120.59152767,61060741.58611468,0.0,1813816.808872915,165627.23251896192,57662183.51000227,0.6187455349620761
2025-07-23,569,B,25000.0,26768.57723243341,270732.5804942282,8591.894872982299,8904.800094096461,277.9195814934319,590.8248026075944,8591.894872982299,0,S1,0,5,214797371.82455745,120214801.27030222,7089.897631291133,1288784.2309473448,165627.23251896192,92850336.61266342,0.6187455349620761
2025-07-23,569,C,4850.0,5168.910495214475,272984.18319576385,23967.678976733943,13843.842796336854,0.0,0.0,13843.842796336854,1,S1,0,5,67142637.56223375,35993991.27047582,0.0,2076576.419450528,165627.23251896192,28633458.45659267,0.6187455349620761
2025-07-24,570,A,10000.0,10356.917039935695,442266.67010494036,13499.75549111499,13837.773152924054,0.0,338.0176618090645,13499.75549111499,0,S1,0,5,134997554.9111499,71956420.39520508,4056.2119417087742,2024963.3236672485,165774.14247073946,60404074.16776016,0.6184517150585209
2025-07-24,570,B,25000.0,25501.553888005226,172098.9168488289,7079.023830199766,6668.208789923864,590.8248026075944,180.0097623316924,7079.023830199766,0,S1,0,5,176975595.75499415,90020818.66397217,2160.117147980309,1061853.574529965,165774.14247073946,85552890.34002449,0.6184517150585209
2025-07-24,570,C,5000.0,5320.233634252199,242089.3761284743,22683.72317363032,13837.773152924054,0.0,0.0,13837.773152924054,1,S1,0,5,69188865.76462027,35978210.19760254,0.0,2075665.9729386081,165774.14247073946,30727126.07547991,0.6184517150585209
2025-07-25,571,A,10000.0,10588.841841167252,436164.88855765766,13973.821744703344,13818.9269755428,338.0176618090645,183.12289264852006,13973.821744703344,0,S1,0,5,139738217.44703344,71858420.27282256,2197.474711782241,2096073.2617055017,166194.45257450963,65179167.09666143,0.6176110948509808
2025-07-25,571,B,25000.0,25859.568118296305,273333.1578753577,7389.372991844774,7427.911092177317,180.0097623316924,218.54786266423525,7389.372991844774,0,S1,0,5,184734324.79611936,100276799.74439378,2622.574351970823,1108405.9487767161,166194.45257450963,82906968.91814703,0.6176110948509808
2025-07-25,571,C,5000.0,5123.39456616439,127568.54063177263,19445.010618608234,13818.9269755428,0.0,0.0,13818.9269755428,1,S1,0,5,69094634.877714,35929210.13641128,0.0,2072839.0463314198,166194.45257450963,30798822.701765012,0.6176110948509808
2025-07-26,572,A,10000.0,10787.636808548668,414406.5154475666,11250.328433979845,10665.374986797317,183.12289264852006,0.0,10848.497879445837,1,S2,0,8,108484978.79445836,55459949.931346044,0.0,1627274.6819168755,166415.6393224632,50816932.026425414,0.6171687213550736
2025-07-26,572,B,24250.0,27523.552802616465,156035.93469124247,8754.832894251971,8101.325913060348,218.54786266423525,0.0,8319.873775724584,1,S2,0,8,201756939.06132114,109367899.8263147,0.0,1247981.0663586876,166415.6393224632,90818606.59463406,0.6171687213550736
2025-07-26,572,C,5000.0,5342.830725026709,142908.00607163948,20879.53350555879,13808.590744068246,0.0,0.0,13808.590744068246,1,S2,0,8,69042953.72034124,35902335.93457744,0.0,2071288.6116102368,166415.6393224632,30760005.528759453,0.6171687213550736
2025-07-27,573,A,10000.0,10166.885990211855,164017.418736891,11474.363488024846,11726.709055992605,0.0,252.34556796775905,11474.363488024846,0,S3,0,3,114743634.88024846,60978887.09116155,3028.1468156131086,1721154.5232037269,166675.62221869535,51709872.07811198,0.6166487555626091
2025-07-27,573,B,25000.0,25063.71487944683,460660.96789401246,7782.872097609984,8545.028761502299,0.0,762.156663892315,7782.872097609984,0,S3,0,3,194571802.4402496,115357888.28028104,9145.87996670778,1167430.8146414976,166675.62221869535,77410000.87524764,0.6166487555626091
2025-07-27,573,C,5000.0,5202.966136706016,200679.86964696797,20799.6233438121,13797.132596165451,0.0,0.0,13797.132596165451,1,S3,0,3,68985662.98082726,35872544.750030175,0.0,2069569.8894248176,166675.62221869535,30676192.849506605,0.6166487555626091
2025-07-28,574,A,10000.0,10608.576334157939,273590.59639045096,12645.12623322882,11872.563709338187,252.34556796775905,0.0,12124.909277305946,1,S2,0,8,121249092.77305946,61737331.28855857,0.0,1818736.391595892,166935.40347711853,57252499.09303743,0.6161291930457629
2025-07-28,574,B,25000.0,26816.331919934346,472502.43292128464,7612.546174652192,8180.824171617684,762.156663892315,1330.434660857807,7612.546174652192,0,S2,0,8,190313654.3663048,110441126.31683874,15965.215930293685,1141881.926197829,166935.40347711853,78075243.07093954,0.6161291930457629
2025-07-28,574,C,5000.0,5186.491083554446,400928.4208312549,21213.06569012914,13785.147781732425,0.0,0.0,13785.147781732425,1,S2,0,8,68925738.90866213,35841384.23250431,0.0,2067772.1672598638,166935.40347711853,30448718.68458958,0.6161291930457629
2025-07-29,575,A,9700.0,10545.530756384487,469785.8880605756,14194.104436245598,13774.055116814816,0.0,0.0,13774.055116814816,1,S1,0,5,133608334.63310371,71625086.60743704,0.0,2066108.2675222224,167188.5550179372,59280165.31506593,0.6156228899641255
2025-07-29,575,B,25000.0,25963.334096063933,237025.6970151964,8097.831548571736,7591.537991965802,1330.434660857807,824.1411042518739,8097.831548571736,0,S1,0,5,202445788.7142934,102485762.89153832,9889.693251022487,1214674.7322857603,167188.5550179372,98331247.14518516,0.6156228899641255
2025-07-29,575,C,5000.0,5224.343438542477,403527.4791473367,23132.402890229077,13774.055116814816,0.0,0.0,13774.055116814816,1,S1,0,5,68870275.58407408,35812543.30371852,0.0,2066108.2675222224,167188.5550179372,30420907.97866806,0.6156228899641255
2025-07-30,576,A,10000.0,10732.393844591934,290176.4634039065,13432.67057252194,12453.411363112022,0.0,0.0,12453.411363112022,1,S2,0,8,124534113.63112022,64757739.08818252,0.0,1868011.7044668032,167388.53887950038,57450797.8361875,0.6152229222409992
2025-07-30,576,B,25000.0,26688.672327778193,341134.06653769035,8411.835993512419,8369.227946141866,824.1411042518739,781.5330568813206,8411.835993512419,0,S2,0,8,210295899.8378105,112984577.27291518,9378.396682575847,1261775.3990268628,167388.53887950038,95531646.16376868,0.6152229222409992
2025-07-30,576,C,5000.0,5316.842790905142,347008.4861299135,22360.698535082578,13765.044611512412,0.0,0.0,13765.044611512412,1,S2,0,8,68825223.05756207,35789115.98993227,0.0,2064756.6917268618,167388.53887950038,30456953.350893524,0.6152229222409992
2025-07-31,577,A,10000.0,10717.062325583023,172649.3045693991,13766.58912531197,13752.484737079838,0.0,0.0,13752.484737079838,1,S2,0,8,137524847.37079838,71512920.63281515,0.0,2062872.7105619756,167670.44227088446,63608734.28058097,0.614659115458231
2025-07-31,577,B,25000.0,25876.585496979365,303397.94685891445,7845.228013350939,8365.404731864191,781.5330568813206,1301.7097753945727,7845.228013350939,0,S2,0,8,196130700.3337735,112932963.88016659,15620.517304734873,1176784.2020026408,167670.44227088446,81534263.34516972,0.614659115458231
2025-07-31,577,C,5000.0,5280.50205815491,386008.0938785003,21773.31175421807,13752.484737079838,0.0,0.0,13752.484737079838,1,S2,0,8,68762423.68539919,35756460.316407576,0.0,2062872.7105619756,167670.44227088446,30389412.12228025,0.614659115458231
2025-08-01,578,A,10000.0,10542.855530977517,344187.972956832,12441.254549005518,12633.251671524915,0.0,191.99712251939673,12441.254549005518,0,S1,0,5,124412545.49005519,65692908.69192956,2303.9654702327607,1866188.1823508276,167980.77687700922,56338975.90047073,0.6140384462459816
2025-08-01,578,B,25000.0,27054.94706949993,227063.55293172834,8057.973667701612,8853.5353236078,1301.7097753945727,2097.271431300762,8057.973667701612,0,S1,0,5,201449341.6925403,119522726.86870532,25167.257175609142,1208696.0501552417,167980.77687700922,80297707.18669538,0.6140384462459816
2025-08-01,578,C,5000.0,5365.987587876788,319586.2685563054,21375.78093274012,13738.068218884557,0.0,0.0,13738.068218884557,1,S1,0,5,68690341.09442279,35718977.36909985,0.0,2060710.2328326835,167980.77687700922,30423086.44705694,0.6140384462459816
2025-08-02,579,A,10000.0,10908.216881980783,239309.33507118278,12006.335998081704,11860.030686809227,191.99712251939673,45.691811246919315,12006.335998081704,0,S2,0,8,120063359.98081703,61672159.57140798,548.3017349630318,1800950.3997122557,168289.8863013066,56182102.48658934,0.6134202273973868
2025-08-02,579,B,24250.0,26928.650588720673,122234.78433093513,7611.34191127655,7563.449644106625,2097.271431300762,2049.379164130836,7611.34191127655,0,S2,0,8,184575041.34845632,102106570.19543944,24592.549969570035,1141701.2866914824,168289.8863013066,81011652.64572358,0.6134202273973868
2025-08-02,579,C,5000.0,5349.470934725232,208955.40768056997,18579.615080774696,13723.74185216802,0.0,0.0,13723.74185216802,1,S2,0,8,68618709.2608401,35681728.81563685,0.0,2058561.2778252028,168289.8863013066,30501173.873396173,0.6134202273973868
2025-08-03,580,A,10000.0,10441.22888329709,218787.2845666894,11173.790703308649,10525.29681203452,45.691811246919315,0.0,10570.988623281439,1,S1,0,5,105709886.23281439,54731543.422579505,0.0,1585648.293492216,168521.49414208689,49005385.73803389,0.6129570117158262
2025-08-03,580,B,23750.0,26315.330447508004,150900.97354465394,7878.346744803981,7504.574290206326,2049.379164130836,1675.6067095331819,7878.346744803981,0,S1,0,5,187110735.18909454,101311752.91778539,20107.280514398182,1181752.011720597,168521.49414208689,84277700.51138741,0.6129570117158262
2025-08-03,580,C,5000.0,5322.661389140999,436235.1290523957,22022.28069270382,13714.837120671298,0.0,0.0,13714.837120671298,1,S1,0,5,68574185.6033565,35658576.513745375,0.0,2057225.5681006948,168521.49414208689,30253626.898315944,0.6129570117158262
2025-08-04,581,A,10000.0,10687.020682385273,245340.8138583697,12985.012428913033,13702.978369876932,0.0,717.9659409638989,12985.012428913033,0,S1,0,5,129850124.28913033,71255487.52336004,8615.591291566787,1947751.864336955,168794.47491268534,56224134.02137071,0.6124110501746293
2025-08-04,581,B,24250.0,26848.458848370163,417052.1307312648,7779.05055271743,8218.871473751213,1675.6067095331819,2115.4276305669646,7779.05055271743,0,S1,0,5,188641975.90339768,110954764.89564137,25385.131566803575,1166857.5829076145,168794.47491268534,75909121.68763793,0.6124110501746293
2025-08-04,581,C,5000.0,5411.752916742447,436917.6238874866,21784.826933451175,13702.978369876932,0.0,0.0,13702.978369876932,1,S1,0,5,68514891.84938465,35627743.76168002,0.0,2055446.7554815398,168794.47491268534,30225989.233422916,0.6124110501746293
2025-08-05,582,A,10000.0,10100.575991034937,451699.21017716825,12895.008780481006,13264.98059747,717.9659409638989,1087.9377579528918,12895.008780481006,0,S3,0,3,128950087.80481006,68977899.106844,13055.253095434702,1934251.317072151,168929.954878279,57404252.96274304,0.612140090243442
2025-08-05,582,B,25000.0,26045.69968597338,310805.3749410116,8568.696786256922,8532.56583413306,2115.4276305669646,2079.296678443103,8568.696786256922,0,S3,0,3,214217419.65642303,115189638.76079631,24951.560141317234,1285304.5179385382,168929.954878279,97237789.48772758,0.612140090243442
2025-08-05,582,C,5000.0,5449.209156476714,396352.904771626,25544.303958773457,13696.428553182124,0.0,0.0,13696.428553182124,1,S3,0,3,68482142.76591063,35610714.238273524,0.0,2054464.2829773186,168929.954878279,30251681.385009877,0.612140090243442
2025-08-06,583,A,9700.0,10640.517153298331,378753.0016866532,12955.697542849313,11735.93603539746,1087.9377579528918,0.0,12823.873793350353,1,S2,0,8,124391575.79549842,61026867.3840668,0.0,1923581.069002553,169251.0043582757,60893123.33638413,0.6114979912834485
2025-08-06,583,B,25000.0,25810.964398886957,222151.61996665227,7653.800261944703,8033.436265581806,2079.296678443103,2458.9326820802053,7653.800261944703,0,S2,0,8,191345006.54861757,108451389.58535437,29507.192184962463,1148070.0392917055,169251.0043582757,81324637.10746159,0.6114979912834485
2025-08-06,583,C,5000.0,5454.655025717817,405324.44520379556,21611.30334246992,13680.993010805403,0.0,0.0,13680.993010805403,1,S2,0,8,68404965.05402702,35570581.82809405,0.0,2052148.9516208104,169251.0043582757,30207658.82475009,0.6114979912834485
2025-08-07,584,A,10000.0,10176.723192589263,143546.2353765427,12401.262481762824,12129.681660118289,0.0,0.0,12129.681660118289,1,S2,0,8,121296816.6011829,63074344.632615104,0.0,1819452.2490177434,169615.77820252403,56089857.70597097,0.6107684435949519
2025-08-07,584,B,25000.0,26474.14251853037,228610.03815237223,8244.090734709822,8264.297109862631,2458.9326820802053,2479.1390572330147,8244.090734709822,0,S2,0,8,206102268.36774555,111568010.98314552,29749.668686796176,1236613.6102064734,169615.77820252403,92869668.28935188,0.6107684435949519
2025-08-07,584,C,5000.0,5327.52605960013,231426.5403497808,21386.71035093655,13665.434276813574,0.0,0.0,13665.434276813574,1,S2,0,8,68327171.38406786,35530129.119715296,0.0,2049815.1415220362,169615.77820252403,30346184.80427823,0.6107684435949519
2025-08-08,585,A,10000.0,10968.884464536679,401256.87410651083,12525.862911714765,13000.001413634931,0.0,474.13850192016616,12525.862911714765,0,S1,0,5,125258629.11714765,67600007.35090163,5689.662023041994,1878879.4367572148,169863.52578146083,55202932.26757779,0.6102729484370784
2025-08-08,585,B,25000.0,26673.593665485267,154632.72783144738,7698.738987576688,6999.430949591329,2479.1390572330147,1779.8310192476565,7698.738987576688,0,S1,0,5,192468474.68941718,94492317.81948295,21357.972230971878,1154810.8481365032,169863.52578146083,96475491.79595384,0.6102729484370784
2025-08-08,585,C,5000.0,5269.944065188958,205228.6350855256,20217.96448368496,13654.406390202017,0.0,0.0,13654.406390202017,1,S1,0,5,68272031.95101008,35501456.61452524,0.0,2048160.9585303026,169863.52578146083,30347322.217087545,0.6102729484370784
2025-08-09,586,A,10000.0,10577.59864588596,274244.99178785336,11988.155965697011,12239.856375444117,474.13850192016616,725.8389116672715,11988.155965697011,0,S2,0,8,119881559.65697011,63647253.1523094,8710.066940007258,1798223.3948545516,170082.04324169844,53983046.007836595,0.6098359135166032
2025-08-09,586,B,25000.0,25966.753101743496,276420.55198198784,7571.705226887128,6823.465736350381,1779.8310192476565,1031.5915287109092,7571.705226887128,0,S2,0,8,189292630.6721782,92116787.44073014,12379.09834453091,1135755.7840330692,170082.04324169844,95581205.75384678,0.6098359135166032
2025-08-09,586,C,4850.0,5291.887985412733,186684.7754653696,23548.92060084453,13644.557247526758,0.0,0.0,13644.557247526758,1,S2,0,8,66176102.650504775,35475848.84356957,0.0,2046683.5871290136,170082.04324169844,28296803.401099127,0.6098359135166032
2025-08-10,587,A,10000.0,10737.236809773563,121641.50161533924,13036.740834542983,11831.289701990001,725.8389116672715,0.0,12557.128613657273,1,S2,0,8,125571286.13657272,61522706.450348005,0.0,1883569.292048591,170421.1891587405,61872947.70340205,0.609157621682519
2025-08-10,587,B,25000.0,26728.92509475994,498408.7162884263,7425.032928630567,7844.778557267402,1031.5915287109092,1451.3371573477443,7425.032928630567,0,S2,0,8,185625823.21576416,105904510.52310993,17416.045888172932,1113754.939294585,170421.1891587405,77921311.8020243,0.609157621682519
2025-08-10,587,C,5000.0,5397.361444750039,485045.34826917097,19916.98129798251,13629.760486561161,0.0,0.0,13629.760486561161,1,S2,0,8,68148802.4328058,35437377.26505902,0.0,2044464.0729841741,170421.1891587405,30011494.557334702,0.609157621682519
2025-08-11,588,A,9700.0,10639.35948371239,412145.4350895111,14007.818166099638,13615.807186478836,0.0,0.0,13615.807186478836,1,S3,0,3,132073329.7088447,70802197.36968994,0.0,2042371.0779718254,170709.15028103456,58645906.67581239,0.6085816994379308
2025-08-11,588,B,25000.0,26378.864679036356,363938.2358396778,8101.475634994788,7782.922574125043,1451.3371573477443,1132.784096477998,8101.475634994788,0,S3,0,3,202536890.8748697,105069454.75068808,13593.409157735976,1215221.3452492182,170709.15028103456,95703973.98365395,0.6085816994379308
2025-08-11,588,C,5000.0,5066.230202404588,281394.5416536274,19880.364780920958,13615.807186478836,0.0,0.0,13615.807186478836,1,S3,0,3,68079035.93239418,35401098.68484497,0.0,2042371.0779718254,170709.15028103456,30183462.477642722,0.6085816994379308
2025-08-12,589,A,9700.0,10608.056722321717,203123.82182113468,13691.061378754062,13244.361820234959,0.0,0.0,13244.361820234959,1,S1,0,5,128470309.6562791,68870681.46522179,0.0,1986654.2730352439,171011.1354074696,57238838.96079346,0.6079777291850608
2025-08-12,589,B,24250.0,25645.11259772015,424950.2629651351,8775.799173312258,8067.949569795534,1132.784096477998,424.9344929612744,8775.799173312258,0,S1,0,5,212813129.95282227,108917319.19223972,5099.2139155352925,1316369.8759968388,171011.1354074696,101978380.27229758,0.6079777291850608
2025-08-12,589,C,4850.0,5301.491106342517,252206.87609184065,25266.675091470053,13602.631251889929,0.0,0.0,13602.631251889929,1,S1,0,5,65972761.57166615,35366841.254913814,0.0,2040394.6877834892,171011.1354074696,28142307.617469534,0.6079777291850608
2025-08-13,590,A,10000.0,10438.237679683903,205328.0484847181,12728.53475397169,13521.366154084306,0.0,792.8314001126164,12728.53475397169,0,S2,0,8,127285347.5397169,70311104.00123839,9513.976801351397,1909280.2130957535,171211.37156537143,54678909.92853131,0.6075772568692571
2025-08-13,590,B,25000.0,26136.256111444167,171370.29271932706,7728.564553579508,8391.430682841094,424.9344929612744,1087.8006222228596,7728.564553579508,0,S2,0,8,193214113.8394877,113284314.21835476,13053.607466674315,1159284.6830369262,171211.37156537143,78414879.66634464,0.6075772568692571
2025-08-13,590,C,5000.0,5376.877530396149,137966.879551776,20051.28408977192,13593.42154032704,0.0,0.0,13593.42154032704,1,S2,0,8,67967107.7016352,35342896.0048503,0.0,2039013.231049056,171211.37156537143,30276020.214618694,0.6075772568692571
2025-08-14,591,A,10000.0,11249.41675826783,289836.24603599875,12636.620055190375,13545.856570557202,792.8314001126164,1702.0679154794434,12636.620055190375,0,S1,0,5,126366200.55190375,70438454.16689745,20424.81498575332,1895493.0082785562,171541.29154972057,53550451.02415628,0.6069174169005587
2025-08-14,591,B,25000.0,27206.850621426674,372685.81196131854,7863.463240388299,7785.366149489799,1087.8006222228596,1009.7035313243596,7863.463240388299,0,S1,0,5,196586581.00970748,105102443.01811229,12116.442375892315,1179519.4860582447,171541.29154972057,89748274.95965,0.6069174169005587
2025-08-14,591,C,4850.0,5332.535285153572,223201.46624099917,23209.73866234227,13577.264158212387,0.0,0.0,13577.264158212387,1,S1,0,5,65849731.16733008,35300886.81135221,0.0,2036589.623731858,171541.29154972057,28117511.974455293,0.6069174169005587
2025-08-15,592,A,10000.0,10331.888553911822,235188.77167833,11203.123008548066,10644.740686106836,1702.0679154794434,1143.6855930382135,11203.123008548066,0,S3,0,3,112031230.08548066,55352651.56775554,13724.227116458562,1680468.45128221,171809.94644398228,54577387.12120414,0.6063801071120354
2025-08-15,592,B,25000.0,26681.26463325009,491471.7149619746,7756.665200471934,7023.06752508737,1009.7035313243596,276.1058559397952,7756.665200471934,0,S3,0,3,193916630.01179835,94811411.58867949,3313.2702712775426,1163499.78007079,171809.94644398228,97275123.71137084,0.6063801071120354
2025-08-15,592,C,5000.0,5421.197233659953,409130.0818454553,18370.435809753166,13563.9962091333,0.0,0.0,13563.9962091333,1,S3,0,3,67819981.0456665,35266390.14374658,0.0,2034599.431369995,171809.94644398228,29938051.442260493,0.6063801071120354
2025-08-16,593,A,10000.0,10437.188237182529,167260.76501653716,11046.275733251707,11195.603175891143,1143.6855930382135,1293.01303567765,11046.275733251707,0,S3,0,3,110462757.33251707,58217136.514633946,15516.156428131799,1656941.359987756,172118.60529690539,50233783.931153804,0.6057627894061892
2025-08-16,593,B,25000.0,27304.766817392378,124310.23355561761,7638.211102575287,7230.719033813659,276.1058559397952,0.0,7506.824889753454,1,S3,0,3,187670622.24383634,97614706.95648439,0.0,1126023.7334630182,172118.60529690539,88633462.7150364,0.6057627894061892
2025-08-16,593,C,5000.0,5290.256656572799,421694.1085959429,19311.802533008857,13550.143728704552,0.0,0.0,13550.143728704552,1,S3,0,3,67750718.64352275,35230373.69463184,0.0,2032521.5593056828,172118.60529690539,29894010.675692387,0.6057627894061892
2025-08-17,594,A,10000.0,10600.630969969814,123938.5930951459,11057.238984556496,10390.163146223496,1293.01303567765,625.9371973446505,11057.238984556496,0,S1,0,5,110572389.84556496,54028848.36036218,7511.246368135806,1658585.8476834744,172447.0499179383,54581058.74813809,0.6051059001641234
2025-08-17,594,B,25000.0,26294.086660965615,339924.3580498122,7258.768779665449,7184.827967760321,0.0,0.0,7184.827967760321,1,S1,0,5,179620699.19400802,96995177.56476434,0.0,1077724.195164048,172447.0499179383,81035426.02611189,0.6051059001641234
2025-08-17,594,C,5000.0,5526.252418954959,220156.80102081018,19583.52111105041,13535.658176964344,0.0,0.0,13535.658176964344,1,S1,0,5,67678290.88482171,35192711.26010729,0.0,2030348.7265446514,172447.0499179383,30062627.04723102,0.6051059001641234
2025-08-18,595,A,10000.0,10702.39261920844,427913.739764939,13664.936596685591,13051.143837588888,625.9371973446505,12.144438247947619,13664.936596685591,0,S2,0,8,136649365.9668559,67865947.95546222,145.73325897537143,2049740.4895028386,172687.62824927716,66132930.420617655,0.6046247435014456
2025-08-18,595,B,24250.0,26802.77020379565,197607.09425675235,7912.882201413172,8422.402363073075,0.0,509.52016165990335,7912.882201413172,0,S2,0,8,191887393.38426942,113702431.90148652,6114.24193991884,1186932.3302119758,172687.62824927716,76621620.18812497,0.6046247435014456
2025-08-18,595,C,5000.0,5301.208859864341,120226.49646246167,20625.79510342145,13524.702442898877,0.0,0.0,13524.702442898877,1,S2,0,8,67623512.21449439,35164226.35153708,0.0,2028705.3664348316,172687.62824927716,30137666.371810745,0.6046247435014456
2025-08-19,596,A,10000.0,9811.876596797512,368569.7032769336,11608.002415614967,10455.436770946337,12.144438247947619,0.0,10467.581209194284,1,S3,0,3,104675812.09194285,54368271.20892095,0.0,1570137.1813791427,172960.57104790185,48195873.427317925,0.6040788579041964
2025-08-19,596,B,25000.0,26241.737249021095,329680.01204984053,7471.679394142798,6952.295930169686,509.52016165990335,0.0,7461.816091829589,1,S3,0,3,186545402.2957397,93855995.05729075,0.0,1119272.4137744384,172960.57104790185,91067494.24157678,0.6040788579041964
2025-08-19,596,C,5000.0,5210.721944379195,276298.6415154361,22472.51520000571,13512.551497090704,0.0,0.0,13512.551497090704,1,S3,0,3,67562757.48545352,35132633.892435834,0.0,2026882.7245636056,172960.57104790185,29953981.655890737,0.6040788579041964
2025-08-20,597,A,10000.0,10797.65464049944,214510.6086650122,12878.40772260089,12136.722629232581,0.0,0.0,12136.722629232581,1,S2,0,8,121367226.29232581,63110957.67200942,0.0,1820508.3943848873,173149.15298513294,56048100.46428135,0.6037016940297341
2025-08-20,597,B,25000.0,27235.010106755766,290150.4466409497,7847.61041867797,8066.609507064017,0.0,218.99908838604642,7847.61041867797,0,S2,0,8,196190260.46694925,108899228.34536423,2627.989060632557,1177141.5628016954,173149.15298513294,85647962.97009663,0.6037016940297341
2025-08-20,597,C,4850.0,5447.461141268782,300974.11454790377,23425.58445216401,13504.096231653377,0.0,0.0,13504.096231653377,1,S2,0,8,65494866.72351888,35110650.20229878,0.0,2025614.4347480065,173149.15298513294,27884478.818939053,0.6037016940297341
2025-08-21,598,A,10000.0,10139.27204731886,196667.43886317292,12085.57253410415,13086.26110214264,0.0,1000.6885680384894,12085.57253410415,0,S1,0,5,120855725.3410415,68048557.73114173,12008.262816461873,1812835.8801156227,173321.9526852043,50612334.075419314,0.6033560946295913
2025-08-21,598,B,23750.0,26747.092241284106,282371.48327561986,8129.560271962306,7702.391697004366,218.99908838604642,0.0,7921.390785390412,1,S1,0,5,188133031.1530223,103982287.90955894,0.0,1188208.6178085618,173321.9526852043,82506841.18969396,0.6033560946295913
2025-08-21,598,C,5000.0,5313.8001119260025,227375.78203463857,20260.937826154295,13496.451966253038,0.0,0.0,13496.451966253038,1,S1,0,5,67482259.8312652,35090775.1122579,0.0,2024467.7949379557,173321.9526852043,29966319.1893495,0.6033560946295913
2025-08-22,599,A,10000.0,10581.616372226472,356633.20985169534,12598.229652130214,11418.34640221872,1000.6885680384894,0.0,12419.03497025721,1,S2,0,8,124190349.70257209,59375401.291537344,0.0,1862855.2455385814,173604.82269713242,62421855.13294733,0.602790354605735
2025-08-22,599,B,25000.0,27612.279883860425,461110.8227791325,7177.742495653059,6824.431627591463,0.0,0.0,6824.431627591463,1,S2,0,8,170610790.68978658,92129826.97248475,0.0,1023664.7441387195,173604.82269713242,76822583.32768685,0.602790354605735
2025-08-22,599,C,5000.0,5363.325494759076,408190.952385823,22004.830006351916,13484.0048063578,0.0,0.0,13484.0048063578,1,S2,0,8,67420024.031789,35058412.49653028,0.0,2022600.7209536699,173604.82269713242,29757215.0392221,0.602790354605735
2025-08-23,600,A,10000.0,10719.260994724356,138853.0867578092,11347.315963386889,10884.559670061197,0.0,0.0,10884.559670061197,1,S1,0,5,108845596.70061196,56599710.28431822,0.0,1632683.9505091796,173884.96660290894,50300464.41242384,0.602230066794182
2025-08-23,600,B,25000.0,25626.413323098863,239562.37495919352,7266.370746061832,7236.075465214597,0.0,0.0,7236.075465214597,1,S1,0,5,180901886.63036492,97687018.78039706,0.0,1085411.3197821896,173884.96660290894,81716009.18862358,0.602230066794182
2025-08-23,600,C,5000.0,5365.432456184582,474404.9251084193,18776.55398074324,13471.836409653519,0.0,0.0,13471.836409653519,1,S1,0,5,67359182.04826759,35026774.66509915,0.0,2020775.4614480278,173884.96660290894,29663342.03000908,0.602230066794182
2025-08-24,601,A,10000.0,10651.503169254827,486938.54265730694,11894.6084631628,11166.987666264256,0.0,0.0,11166.987666264256,1,S2,0,8,111669876.66264257,58068335.864574134,0.0,1675048.1499396386,174127.7920349765,51265426.31343651,0.6017444159300469
2025-08-24,601,B,25000.0,26522.85820511953,410490.1761233597,7041.309165080752,6422.256242987248,0.0,0.0,6422.256242987248,1,S2,0,8,160556406.0746812,86700459.28032784,0.0,963338.4364480872,174127.7920349765,72307990.38974692,0.6017444159300469
2025-08-24,601,C,4850.0,5258.572081363521,333130.44152916834,22486.237247142846,13461.359903024771,0.0,0.0,13461.359903024771,1,S2,0,8,65287595.52967014,34999535.7478644,0.0,2019203.9854537158,174127.7920349765,27761597.562787876,0.6017444159300469
2025-08-25,602,A,10000.0,10332.993879083575,242462.179042577,12445.072858806834,12988.183137162056,0.0,543.1102783552215,12445.072858806834,0,S3,0,3,124450728.58806834,67538552.31324269,6517.323340262657,1866760.9288210252,174438.71644288785,54621997.12717889,0.6011225671142243
2025-08-25,602,B,25000.0,27565.027077193197,256805.30026289713,8674.468945072602,9051.536348215102,0.0,377.06740314250055,8674.468945072602,0,S3,0,3,216861723.62681505,122195740.70090388,4524.808837710007,1301170.3417608903,174438.71644288785,92929043.75860679,0.6011225671142243
2025-08-25,602,C,5000.0,5249.239799319576,209873.16192189115,19389.011754612533,13447.464650216669,0.0,0.0,13447.464650216669,1,S3,0,3,67237323.25108334,34963408.09056334,0.0,2017119.6975325004,174438.71644288785,29872483.584622722,0.6011225671142243
2025-08-26,603,A,9500.0,10639.718796085901,157033.38163608988,13429.606321544485,12171.514626943619,543.1102783552215,0.0,12714.62490529884,1,S1,0,5,120788936.60033898,63291876.06010682,0.0,1907193.7357948262,174832.6810763567,55258000.741724886,0.6003346378472865
2025-08-26,603,B,25000.0,27009.78300271914,139008.7559381588,8002.510815560863,7431.2469673732,377.06740314250055,0.0,7808.314370515701,1,S1,0,5,195207859.2628925,100321834.0595382,0.0,1171247.155577355,174832.6810763567,93400936.61076243,0.6003346378472865
2025-08-26,603,C,5000.0,5306.48902405766,432056.5424825832,21076.090024478814,13429.79242667707,0.0,0.0,13429.79242667707,1,S1,0,5,67148962.13338535,34917460.30936038,0.0,2014468.8640015605,174832.6810763567,29610143.736464467,0.6003346378472865
2025-08-27,604,A,9500.0,10969.079493570214,119148.28383945242,12742.367525218331,12028.682388555406,0.0,0.0,12028.682388555406,1,S1,0,5,114272482.69127636,62549148.42048811,0.0,1804302.358283311,175048.77528882623,49624834.85337666,0.5999024494223475
2025-08-27,604,B,24250.0,26398.69988852324,471662.92716751585,8445.901320054221,9075.26218818997,0.0,629.3608681357491,8445.901320054221,0,S1,0,5,204813107.01131487,122516039.5405646,7552.330417628989,1266885.198008133,175048.77528882623,80375918.23986816,0.5999024494223475
2025-08-27,604,C,4850.0,5379.73441136687,114394.43362627238,23287.89518598388,13420.719916212016,0.0,0.0,13420.719916212016,1,S1,0,5,65090491.59362828,34893871.782151245,0.0,2013107.9874318023,175048.77528882623,27894068.615130134,0.5999024494223475
2025-08-28,605,A,10000.0,10771.907043958206,234830.68677696632,12285.671015814685,11198.381133124869,0.0,0.0,11198.381133124869,1,S3,1,8,111983811.33124869,58231581.892249316,0.0,1679757.1699687303,175388.93267974135,51662252.64957393,0.5992221346405172
2025-08-28,605,B,25000.0,26570.062429808197,430726.4120299217,7575.3813147300125,7912.024532689447,629.3608681357491,966.004086095184,7575.3813147300125,0,S3,1,8,189384532.8682503,106812331.19130754,11592.049033142208,1136307.1972095019,175388.93267974135,80818187.08599046,0.5992221346405172
2025-08-28,605,C,4750.0,5211.305689088868,184860.4625434207,23392.328024295966,13404.398333921032,0.0,0.0,13404.398333921032,1,S3,1,8,63670892.086124904,34851435.66819468,0.0,2010659.7500881548,175388.93267974135,26448547.272618905,0.5992221346405172
2025-08-29,606,A,10000.0,10780.04429144515,383572.58943456784,12388.600716037316,11590.104493520845,0.0,0.0,11590.104493520845,1,S2,0,8,115901044.93520844,60268543.36630839,0.0,1738515.6740281268,175771.66888344756,53334641.636553906,0.598456662233105
2025-08-29,606,B,25000.0,26101.99852021488,306878.2749131035,7439.907403485652,7663.054663107377,966.004086095184,1189.1513457169085,7439.907403485652,0,S2,0,8,185997685.0871413,103451237.95194958,14269.816148602902,1115986.1105228479,175771.66888344756,80933541.26472372,0.598456662233105
2025-08-29,606,C,5000.0,5344.180620364953,314291.0224551822,20234.142844438888,13387.637116271437,0.0,0.0,13387.637116271437,1,S2,0,8,66938185.58135718,34807856.50230574,0.0,2008145.5674407156,175771.66888344756,29632120.8202721,0.598456662233105
2025-08-30,607,A,10000.0,10656.232053549369,415195.7871598038,11747.33177736482,11424.895491288293,0.0,0.0,11424.895491288293,1,S3,0,3,114248954.91288292,59409456.55469912,0.0,1713734.323693244,176093.17970921122,52534475.067621544,0.5978136405815775
2025-08-30,607,B,25000.0,26454.532238896165,189669.5580337194,7095.7733322919385,7254.548330250858,1189.1513457169085,1347.9263436758292,7095.7733322919385,0,S3,0,3,177394333.30729845,97936402.45838659,16175.11612410995,1064365.9998437907,176093.17970921122,78011626.99520104,0.5978136405815775
2025-08-30,607,C,4850.0,5507.777317349295,196487.9363065238,21716.432212965763,13372.013186327973,0.0,0.0,13372.013186327973,1,S3,0,3,64854263.95369067,34767234.28445273,0.0,2005801.977949196,176093.17970921122,27708646.57527301,0.5978136405815775
2025-08-31,608,A,10000.0,10592.204794633059,140866.76978882347,12128.765478108002,12386.63800828836,0.0,257.8725301803588,12128.765478108002,0,S3,0,3,121287654.78108002,64410517.64309947,3094.4703621643057,1819314.8217162003,176347.1215041976,54737513.95460917,0.5973057569916048
2025-08-31,608,B,24250.0,26682.729337579243,156440.88962337276,7274.822088824951,7741.259242020551,1347.9263436758292,1814.3634968714305,7274.822088824951,0,S3,0,3,176414435.65400505,104506999.76727743,21772.361962457166,1091223.3133237427,176347.1215041976,70461652.20031385,0.5973057569916048
2025-08-31,608,C,5000.0,5448.903989586471,115034.14254177656,19565.961479979484,13360.554657135626,0.0,0.0,13360.554657135626,1,S3,0,3,66802773.28567813,34737442.10855263,0.0,2004083.198570344,176347.1215041976,29769866.714509185,0.5973057569916048
2025-09-01,609,A,10000.0,10685.971440789148,494857.4888475838,11738.921508402998,10721.092050581576,257.8725301803588,0.0,10978.964580761934,1,S2,1,16,109789645.80761935,55749678.663024195,0.0,1646844.6871142902,176588.67478544477,51721676.29384784,0.5968226504291104
2025-09-01,609,B,25000.0,26566.136879330985,372064.9582482622,7283.336567645304,7967.3120423164155,1814.3634968714305,2498.338971542543,7283.336567645304,0,S2,1,16,182083414.1911326,107558712.57127161,29980.067658510514,1092500.4851467956,176588.67478544477,72853567.43402198,0.5968226504291104
2025-09-01,609,C,5000.0,5362.5434234854165,234274.2075953847,20647.898246182995,13349.716562710671,0.0,0.0,13349.716562710671,1,S2,1,16,66748582.813553356,34709263.063047744,0.0,2002457.4844066007,176588.67478544477,29625999.383718178,0.5968226504291104
2025-09-02,610,A,10000.0,10754.065435708795,374952.0427213551,12565.683650606017,12233.857672788312,0.0,0.0,12233.857672788312,1,S2,0,8,122338576.72788312,63616059.89849922,0.0,1835078.6509182467,176720.285915619,56335765.849828675,0.5965594281687618
2025-09-02,610,B,25000.0,26647.002329019953,374113.1221235736,8287.46670187116,7706.47961191335,2498.338971542543,1917.3518815847328,8287.46670187116,0,S2,0,8,207186667.546779,104037474.76083022,23008.222579016794,1243120.0052806742,176720.285915619,101332231.15004991,0.5965594281687618
2025-09-02,610,C,4850.0,5418.068342555667,484346.9592246681,24767.485555356965,13343.602564564892,0.0,0.0,13343.602564564892,1,S2,0,8,64716472.43813972,34693366.66786872,0.0,2001540.3846847338,176720.285915619,27360498.14044598,0.5965594281687618
2025-09-03,611,A,10000.0,10568.038570616733,102619.14344113064,11742.28928503415,12297.639582482067,0.0,555.3502974479161,11742.28928503415,0,S2,0,8,117422892.8503415,63947725.828906745,6664.203569374993,1761343.3927551226,176905.75911768936,51427634.52255143,0.5961884817646212
2025-09-03,611,B,25000.0,26083.134145308723,119336.54199042087,7353.837955255927,7885.484261608764,1917.3518815847328,2448.99818793757,7353.837955255927,0,S2,0,8,183845948.88139817,106454037.53171831,29387.97825525084,1103075.6932883891,176905.75911768936,75963205.37702811,0.5961884817646212
2025-09-03,611,C,4850.0,5366.322547072669,431743.9931600034,24311.73247130762,13335.108983558133,0.0,0.0,13335.108983558133,1,S2,0,8,64675278.57025695,34671283.357251145,0.0,2000266.34753372,176905.75911768936,27395079.11319439,0.5961884817646212
2025-09-04,612,A,9500.0,10667.429893675046,266945.1579530399,14640.878761500582,13327.65495909443,555.3502974479161,0.0,13883.005256542347,1,S1,0,5,131888549.9371523,69303805.78729104,0.0,2082450.788481352,177088.31292623398,60058259.890500635,0.5958233741475321
2025-09-04,612,B,25000.0,27132.791964257616,155772.5477359447,7847.23222172754,7235.04848431679,2448.99818793757,1836.814450526821,7847.23222172754,0,S1,0,5,196180805.54318848,97673154.53827666,22041.773406321852,1177084.8332591308,177088.31292623398,96975663.53758419,0.5958233741475321
2025-09-04,612,C,5000.0,5262.4476151647605,293699.6446046997,19663.29045458478,13327.65495909443,0.0,0.0,13327.65495909443,1,S1,0,5,66638274.79547215,34651902.89364552,0.0,1999148.2438641647,177088.31292623398,29516435.70043154,0.5958233741475321
2025-09-05,613,A,9500.0,10351.50685431955,197672.67384013595,13259.115948639208,12002.789231532804,0.0,0.0,12002.789231532804,1,S2,0,8,114026497.69956164,62414504.003970586,0.0,1800418.3847299207,177393.4642717223,49436509.17274927,0.5952130714565553
2025-09-05,613,B,24250.0,26509.700855199004,260732.4053589592,7381.513437752945,8035.761420206026,1836.814450526821,2491.062432979901,7381.513437752945,0,S2,0,8,179001700.8655089,108482779.17278135,29892.749195758814,1107227.0156629416,177393.4642717223,68943676.0582382,0.5952130714565553
2025-09-05,613,C,5000.0,5285.040067309538,254538.5741431208,19921.22210857102,13314.430948416799,0.0,0.0,13314.430948416799,1,S2,0,8,66572154.742084,34617520.46588368,0.0,1997164.6422625198,177393.4642717223,29525537.59552296,0.5952130714565553
2025-09-06,614,A,10000.0,10888.08328089981,165802.00034333533,11688.486634971554,10643.667867851354,0.0,0.0,10643.667867851354,1,S2,1,15,106436678.67851354,55347072.912827045,0.0,1596550.1801777033,177729.67055748578,49149523.91460797,0.5945406588850284
2025-09-06,614,B,25000.0,26660.530758104458,125126.63983552992,7169.983304154979,6905.664015474003,2491.062432979901,2226.7431442989255,7169.983304154979,0,S2,1,15,179249582.60387447,93226464.20889904,26720.917731587106,1075497.4956232468,177729.67055748578,84618043.67122759,0.5945406588850284
2025-09-06,614,C,5000.0,5297.383954932923,148643.24241745938,20032.51889958981,13299.118952233499,0.0,0.0,13299.118952233499,1,S2,1,15,66495594.7611675,34577709.2758071,0.0,1994867.842835025,177729.67055748578,29596644.729550432,0.5945406588850284
2025-09-07,615,A,10000.0,10619.725925998913,180777.17314024185,10986.660142459663,10292.060431420576,0.0,0.0,10292.060431420576,1,S3,0,3,102920604.31420575,53518714.24338699,0.0,1543809.0647130865,177900.20240366439,47499403.63056177,0.5941995951926711
2025-09-07,615,B,25000.0,26156.79875905304,124536.69794073403,6714.4655220302075,6893.643412276728,2226.7431442989255,2405.9210345454458,6714.4655220302075,0,S3,0,3,167861638.05075517,93064186.06573583,28871.05241454535,1007169.8283045312,177900.20240366439,73458974.20395586,0.5941995951926711
2025-09-07,615,C,5000.0,5507.773564894953,419063.8488871623,20796.46657875531,13291.184394363132,0.0,0.0,13291.184394363132,1,S3,0,3,66455921.97181566,34557079.42534415,0.0,1993677.6591544698,177900.20240366439,29308200.836026218,0.5941995951926711
2025-09-08,616,A,10000.0,10721.12221788156,183810.70560790048,11538.983929263663,10459.641252290221,0.0,0.0,10459.641252290221,1,S2,1,14,104596412.5229022,54390134.51190915,0.0,1568946.1878435332,178164.66372056497,48275356.45382106,0.5936706725588701
2025-09-08,616,B,25000.0,25452.28887757954,252785.90429286324,7009.258248883714,7141.961639069281,2405.9210345454458,2538.6244247310133,7009.258248883714,0,S2,1,14,175231456.22209287,96416482.1274353,30463.49309677216,1051388.737332557,178164.66372056497,77302171.29621482,0.5936706725588701
2025-09-08,616,C,5000.0,5353.690336834782,208412.76551208904,19235.351574769033,13279.045574039057,0.0,0.0,13279.045574039057,1,S2,1,14,66395227.870195284,34525518.49250155,0.0,1991856.8361058587,178164.66372056497,29491275.11235522,0.5936706725588701
2025-09-09,617,A,10000.0,10490.247656850768,124805.98136258569,11611.35195629046,11019.717887322877,0.0,0.0,11019.717887322877,1,S1,0,5,110197178.87322877,57302533.01407896,0.0,1652957.6830984314,178446.2550789607,50938435.93960983,0.5931074898420785
2025-09-09,617,B,24250.0,26706.021941192008,342752.9218415758,8464.479296390075,9045.892786111139,2538.6244247310133,3120.0379144520775,8464.479296390075,0,S1,0,5,205263622.93745932,122119552.61250037,37440.45497342493,1269671.8944585111,178446.2550789607,81315758.79860647,0.5931074898420785
2025-09-09,617,C,5000.0,5122.359591412341,122093.13259636043,19436.18065829718,13266.387142139032,0.0,0.0,13266.387142139032,1,S1,0,5,66331935.71069516,34492606.56956148,0.0,1989958.0713208548,178446.2550789607,29548831.682137508,0.5931074898420785
2025-09-10,618,A,10000.0,10612.18504191338,188070.95914674533,12708.844712441973,13256.2119973214,0.0,547.3672848794267,12708.844712441973,0,S2,1,12,127088447.12441973,68932302.38607128,6568.407418553121,1906326.706866296,178677.4128554289,55876501.25206143,0.5926451742891421
2025-09-10,618,B,25000.0,26223.546959548334,283684.47337585903,8185.693153924101,8763.015951385123,3120.0379144520775,3697.3607119130993,8185.693153924101,0,S2,1,12,204642328.84810254,118300715.34369916,44368.32854295719,1227853.973088615,178677.4128554289,84607029.31654051,0.5926451742891421
2025-09-10,618,C,5000.0,5203.709305837174,482216.9584456461,20986.29687914424,13256.2119973214,0.0,0.0,13256.2119973214,1,S2,1,12,66281059.986607,34466151.19303564,0.0,1988431.79959821,178677.4128554289,29165582.622672077,0.5926451742891421
2025-09-11,619,A,10000.0,10799.1351411406,333451.8187393849,12471.444593851618,11259.272730410186,547.3672848794267,0.0,11806.640015289613,1,S2,0,8,118066400.15289614,58548218.19813297,0.0,1770996.002293442,179024.12210000408,57234710.011630334,0.5919517557999918
2025-09-11,619,B,25000.0,26091.839868489948,476517.9115471601,7905.16027444778,7578.655672061701,3697.3607119130993,3370.8561095270206,7905.16027444778,0,S2,0,8,197629006.8611945,102311851.57283296,40450.27331432425,1185774.041167167,179024.12210000408,93435388.94023287,0.5919517557999918
2025-09-11,619,C,4850.0,5488.725335563512,303362.7136471095,22917.390290451796,13240.939207700138,0.0,0.0,13240.939207700138,1,S2,0,8,64218555.15734567,34426441.94002036,0.0,1986140.8811550206,179024.12210000408,27323585.500423174,0.5919517557999918
2025-09-12,620,A,10000.0,10603.535224002824,414542.73859312775,12563.047008619176,12342.191380539502,0.0,0.0,12342.191380539502,1,S1,0,5,123421913.80539502,64179395.17880541,0.0,1851328.7070809253,179333.690979928,56797313.48993563,0.5913326180401438
2025-09-12,620,B,25000.0,26877.504087403933,438547.797329371,8196.427001624623,7492.809276171962,3370.8561095270206,2667.2383840743605,8196.427001624623,0,S1,0,5,204910675.04061556,101152925.22832148,32006.860608892326,1229464.0502436934,179333.690979928,101878397.4131322,0.5913326180401438
2025-09-12,620,C,5000.0,5348.85149568095,377430.56585053704,19620.118307247416,13226.834507887785,0.0,0.0,13226.834507887785,1,S1,0,5,66134172.539438926,34389769.72050824,0.0,1984025.1761831676,179333.690979928,29203613.385917053,0.5913326180401438
2025-09-13,621,A,9500.0,10533.221616191535,464986.16724335216,12882.3495041688,13213.281378078189,0.0,330.93187390938874,12882.3495041688,0,S3,0,3,122382320.2896036,68709063.16600658,3971.182486912665,1932352.42562532,179632.55867500184,51092314.78956644,0.5907348826499963
2025-09-13,621,B,25000.0,26849.855183837284,264729.51703097497,7504.355583835955,7959.412289863661,2667.2383840743605,3122.295090102065,7504.355583835955,0,S3,0,3,187608889.59589887,107452065.91315942,37467.54108122478,1125653.3375753933,179632.55867500184,78549340.72837687,0.5907348826499963
2025-09-13,621,C,4850.0,5208.029121959482,182610.34838400598,19984.449537767236,13213.281378078189,0.0,0.0,13213.281378078189,1,S3,0,3,64084414.683679216,34354531.58300329,0.0,1981992.2067117284,179632.55867500184,27385647.986905187,0.5907348826499963
2025-09-14,622,A,10000.0,11191.566962740586,164083.10445828014,11262.594789972887,10570.542426179394,330.93187390938874,0.0,10901.474300088783,1,S1,1,8,109014743.00088783,54966820.61613285,0.0,1635221.1450133175,179922.98208597707,52068695.1531974,0.5901540358280458
2025-09-14,622,B,25000.0,27178.310368858463,217524.1241127178,7783.948823395405,8500.768797255676,3122.295090102065,3839.1150639623356,7783.948823395405,0,S1,1,8,194598720.58488512,114760378.76295163,46069.38076754803,1167592.3235093108,179922.98208597707,78227233.01145795,0.5901540358280458
2025-09-14,622,C,4750.0,5368.413226477326,471354.28103850846,23627.847240766834,13201.206321392998,0.0,0.0,13201.206321392998,1,S1,1,8,62705730.02661674,34323136.43562179,0.0,1980180.9482089498,179922.98208597707,25751135.37966151,0.5901540358280458
2025-09-15,623,A,10000.0,10611.814994256092,111195.5801300732,12550.14086964309,13191.237134778778,0.0,641.0962651356876,12550.14086964309,0,S3,0,3,125501408.69643089,68594433.10084964,7693.155181628252,1882521.1304464636,180152.34297746664,54725413.38684562,0.5896953140450666
2025-09-15,623,B,25000.0,27339.274497167215,341834.9083912625,7367.255438191554,6772.679806057284,3839.1150639623356,3244.539431828065,7367.255438191554,0,S3,0,3,184181385.95478886,91431177.38177332,38934.47318193678,1105088.315728733,180152.34297746664,91084198.53273614,0.5896953140450666
2025-09-15,623,C,5000.0,5322.382171001907,324951.5190922729,19900.01161346236,13191.237134778778,0.0,0.0,13191.237134778778,1,S3,0,3,65956185.67389389,34297216.55042482,0.0,1978685.5702168166,180152.34297746664,29175179.691182513,0.5896953140450666
2025-09-16,624,A,9700.0,10346.602281054507,130952.58547352611,12383.403831649552,11212.193647652175,641.0962651356876,0.0,11853.289912787863,1,S2,0,8,114976912.15404227,58303406.96779131,0.0,1777993.4869181793,180508.6330175243,54584050.48084173,0.5889827339649514
2025-09-16,624,B,25000.0,27094.361325553004,134403.7712343526,7462.748233042623,6927.689321873128,3244.539431828065,2709.4805206585715,7462.748233042623,0,S2,0,8,186568705.82606557,93523805.84528723,32513.76624790286,1119412.2349563935,180508.6330175243,91578061.57532217,0.5889827339649514
2025-09-16,624,C,5000.0,5432.885886843099,163200.6354548043,20591.316991000138,13174.62713166283,0.0,0.0,13174.62713166283,1,S2,0,8,65873135.658314146,34254030.54232336,0.0,1976194.0697494245,180508.6330175243,29299201.777769033,0.5889827339649514
2025-09-17,625,A,10000.0,10698.50356858326,299076.8078628155,12338.730310905983,11267.746263302068,0.0,0.0,11267.746263302068,1,S1,0,5,112677462.63302068,58592280.56917075,0.0,1690161.9394953102,180699.8142338617,51915243.50225794,0.5886003715322767
2025-09-17,625,B,24250.0,25786.117631573747,449388.2949847242,7732.908271496868,7316.936930666689,2709.4805206585715,2293.509179828392,7732.908271496868,0,S1,0,5,187523025.58379906,98778648.5640003,27522.110157940704,1159936.2407245303,180699.8142338617,86926830.55969772,0.5886003715322767
2025-09-17,625,C,5000.0,5361.695327595716,450425.06865199277,23842.74890636649,13166.803669916391,0.0,0.0,13166.803669916391,1,S1,0,5,65834018.34958196,34233689.54178262,0.0,1975020.5504874587,180699.8142338617,28994183.374426026,0.5886003715322767
2025-09-18,626,A,10000.0,10464.768359200929,142100.58043066907,11175.576304384018,12291.524037564357,0.0,1115.9477331803391,11175.576304384018,0,S2,1,15,111755763.04384018,63915924.995334655,13391.37279816407,1676336.4456576027,180954.38595399636,45827055.26366509,0.5880912280920073
2025-09-18,626,B,25000.0,26299.05090826495,414753.036186069,7473.374217384149,7517.52919329114,2293.509179828392,2337.6641557353832,7473.374217384149,0,S2,1,15,186834355.43460372,101486644.10943039,28051.9698688246,1121006.1326076223,180954.38595399636,83602945.80055682,0.5880912280920073
2025-09-18,626,C,5000.0,5405.383491486221,247885.0397617246,19771.215999566775,13155.540251495422,0.0,0.0,13155.540251495422,1,S2,1,15,65777701.25747711,34204404.6538881,0.0,1973331.0377243133,180954.38595399636,29171126.14014898,0.5880912280920073
2025-09-19,627,A,10000.0,10637.852455100316,379303.19612002914,12086.752066214814,12162.864580272224,1115.9477331803391,1192.0602472377486,12086.752066214814,0,S1,1,14,120867520.66214815,63246895.817415565,14304.722966852984,1813012.8099322221,181171.4835044361,55232832.63220904,0.5876570329911278
2025-09-19,627,B,25000.0,26652.269634429602,357654.528311244,6604.781073440446,6934.62583884461,2337.6641557353832,2667.508921139549,6604.781073440446,0,S1,1,14,165119526.83601114,93617448.82440224,32010.107053674586,990717.1610160668,181171.4835044361,69940524.7317235,0.5876570329911278
2025-09-19,627,C,5000.0,5270.236568292839,127845.21874967392,20140.128957048793,13146.574496912948,0.0,0.0,13146.574496912948,1,S1,1,14,65732872.484564744,34181093.691973664,0.0,1971986.1745369423,181171.4835044361,29270775.915800028,0.5876570329911278
2025-09-20,628,A,9700.0,10708.556468881654,318803.202441278,11271.08648681734,11629.668692895693,1192.0602472377486,1550.6424533161025,11271.08648681734,0,S3,0,3,109329538.92212819,60474277.2030576,18607.70943979323,1690662.9730226009,181428.2995797846,46645759.53458713,0.5871434008404307
2025-09-20,628,B,25000.0,26187.56891527118,364373.74338145345,6856.034604619856,7114.995742533453,2667.508921139549,2926.4700590531465,6856.034604619856,0,S3,0,3,171400865.1154964,96052442.52420162,35117.64070863776,1028405.1906929783,181428.2995797846,73739097.71693192,0.5871434008404307
2025-09-20,628,C,5000.0,5398.020776385812,262937.1334104177,20329.55117120893,13135.10871224463,0.0,0.0,13135.10871224463,1,S3,0,3,65675543.56122315,34151282.65183604,0.0,1970266.3068366945,181428.2995797846,29109629.169560216,0.5871434008404307
2025-09-21,629,A,9700.0,10660.394761107927,362341.9808566822,12773.161102579426,12279.823968576746,1550.6424533161025,1057.305319313422,12773.161102579426,0,S3,0,3,123899662.69502044,63855084.63659908,12687.663831761063,1915974.165386914,181667.42249845908,57571906.825847544,0.5866651550030818
2025-09-21,629,B,25000.0,27520.5851056113,171470.26866119975,6827.183740192826,6362.816830533694,2926.4700590531465,2462.1031493940154,6827.183740192826,0,S3,0,3,170679593.50482064,85898027.21220487,29545.237792728185,1024077.561028924,181667.42249845908,83374805.80263445,0.5866651550030818
2025-09-21,629,C,5000.0,5426.9248635334325,403798.64992195653,18792.42582560851,13125.005742683032,0.0,0.0,13125.005742683032,1,S3,0,3,65625028.71341516,34125014.930975884,0.0,1968750.8614024548,181667.42249845908,28945796.848616403,0.5866651550030818
2025-09-22,630,A,9500.0,10849.57577457968,146491.49663880578,13877.009849205226,13113.930221111917,1057.305319313422,294.22569122011373,13877.009849205226,0,S1,0,5,131831593.56744964,68192437.14978197,3530.708294641365,2081551.4773807838,181908.59068139122,61225674.14467205,0.5861828186372176
2025-09-22,630,B,24250.0,26256.695896198613,407060.8233034748,7434.071319144585,7202.405329843107,2462.1031493940154,2230.4371600925388,7434.071319144585,0,S1,0,5,180276229.48925617,97232471.95288195,26765.245921110465,1115110.6978716878,181908.59068139122,81312912.17859657,0.5861828186372176
2025-09-22,630,C,5000.0,5218.473708261142,329932.02546362404,17536.318336279353,13113.930221111917,0.0,0.0,13113.930221111917,1,S1,0,5,65569651.10555959,34096218.574890986,0.0,1967089.5331667876,181908.59068139122,28994502.381356794,0.5861828186372176
2025-09-23,631,A,10000.0,10577.555738523799,125901.6919174012,10896.562579277494,10245.004440127666,294.22569122011373,0.0,10539.23013134778,1,S3,0,3,105392301.3134778,53274023.08866387,0.0,1580884.519702167,182171.13286398313,50229320.88033038,0.5856577342720337
2025-09-23,631,B,23750.0,26550.501683561437,486430.17514691764,8166.196698854853,8831.218621454549,2230.4371600925388,2895.459082692235,8166.196698854853,0,S3,0,3,193947171.59780276,119221451.38963641,34745.508992306815,1224929.504828228,182171.13286398313,72797443.88633491,0.5856577342720337
2025-09-23,631,C,5000.0,5277.789690064018,335270.932603436,20624.83322882887,13100.821486110099,0.0,0.0,13100.821486110099,1,S3,0,3,65504107.43055049,34062135.86388626,0.0,1965123.2229165148,182171.13286398313,28959406.2782803,0.5856577342720337
2025-09-24,632,A,10000.0,10919.574346925816,131945.19734045476,12291.834040953414,13091.91235836294,0.0,800.0783174095268,12291.834040953414,0,S3,0,3,122918340.40953414,68077944.2634873,9600.939808914321,1843775.1061430122,182377.57258141224,52672697.33017306,0.5852448548371755
2025-09-24,632,B,23750.0,26755.12191661438,135650.86728924073,7611.781240473458,7893.431447613382,2895.459082692235,3177.1092898321585,7611.781240473458,0,S3,0,3,180779804.4612446,106561324.54278067,38125.3114779859,1141767.1860710187,182377.57258141224,72720558.98104428,0.5852448548371755
2025-09-24,632,C,5000.0,5469.895262061901,163133.02675959357,20319.647982373353,13091.91235836294,0.0,0.0,13091.91235836294,1,S3,0,3,65459561.79181471,34038972.13174365,0.0,1963786.853754441,182377.57258141224,29111292.206975613,0.5852448548371755
2025-09-25,633,A,10000.0,10832.002988318398,105584.44658943755,11088.786290781587,10448.428913214451,800.0783174095268,159.7209398423911,11088.786290781587,0,S3,0,3,110887862.90781587,54331830.34871515,1916.651278108693,1663317.943617238,182567.971448166,54602645.54616777,0.584864057103668
2025-09-25,633,B,25000.0,27430.86585840095,323858.08052828524,7871.189861722356,8206.598984543387,3177.1092898321585,3512.5184126531894,7871.189861722356,0,S3,0,3,196779746.5430589,110789086.29133572,42150.22095183827,1180678.4792583534,182567.971448166,84261405.49953653,0.584864057103668
2025-09-25,633,C,5000.0,5451.421647144856,222169.26681629897,20043.41294748342,13083.769507758208,0.0,0.0,13083.769507758208,1,S3,0,3,65418847.538791046,34017800.72017134,0.0,1962565.4261637314,182567.971448166,29033744.15419151,0.584864057103668
2025-09-26,634,A,10000.0,10632.221600500296,106016.21470176164,11665.119918154149,12238.768196998313,159.7209398423911,733.3692186865555,11665.119918154149,0,S1,0,5,116651199.18154149,63641594.62439123,8800.430624238666,1749767.9877231224,182712.06776387925,50962307.85633726,0.5845758644722415
2025-09-26,634,B,25000.0,26753.25201194828,421263.5896333637,6756.257235259844,6087.32111722469,3512.5184126531894,2843.582294618036,6756.257235259844,0,S1,0,5,168906430.8814961,82178835.08253331,34122.98753541643,1013438.5852889766,182712.06776387925,85076058.56874116,0.5845758644722415
2025-09-26,634,C,5000.0,5117.494981067469,416993.2425873198,17910.76564587114,13077.64020870001,0.0,0.0,13077.64020870001,1,S1,0,5,65388201.04350005,34001864.542620026,0.0,1961646.0313050014,182712.06776387925,28824985.159223825,0.5845758644722415
2025-09-27,635,A,10000.0,10652.544950709089,424586.63251339184,11113.016123875865,10375.871105598675,733.3692186865555,0.0,11109.24032428523,1,S3,0,3,111092403.2428523,53954529.74911311,0.0,1666386.0486427846,183012.65313914968,54863888.15944386,0.5839746937217006
2025-09-27,635,B,23750.0,27129.99243554427,204665.24324035182,7919.613683902046,8347.236992993578,2843.582294618036,3271.205603709567,7919.613683902046,0,S3,0,3,188090824.9926736,112687699.4054133,39254.4672445148,1187942.052585307,183012.65313914968,73788251.17105098,0.5839746937217006
2025-09-27,635,C,4850.0,5382.5359973742425,306923.3701381788,20583.704246790207,13064.043720511232,0.0,0.0,13064.043720511232,1,S3,0,3,63360612.044479474,33966513.673329204,0.0,1959606.5580766848,183012.65313914968,26944555.78979626,0.5839746937217006
2025-09-28,636,A,10000.0,10381.99945468916,392481.0930225856,10931.906242357149,10482.045516918493,0.0,0.0,10482.045516918493,1,S2,0,8,104820455.16918494,54506636.68797617,0.0,1572306.827537774,183356.39125525768,48165674.16939315,0.5832872174894846
2025-09-28,636,B,25000.0,26879.618040010177,266621.5686235606,7752.612315504848,8211.83367091092,3271.205603709567,3730.426959115641,7752.612315504848,0,S2,0,8,193815307.8876212,110859754.55729742,44765.12350938769,1162891.847325727,183356.39125525768,81297918.39960983,0.5832872174894846
2025-09-28,636,C,5000.0,5539.919776618216,293853.8294609749,19562.05061149492,13049.622468820211,0.0,0.0,13049.622468820211,1,S2,0,8,65248112.34410106,33929018.41893255,0.0,1957443.3703230317,183356.39125525768,28884440.33412924,0.5832872174894846
2025-09-29,637,A,10000.0,10790.265976521463,412359.4720331033,11570.058251322622,12108.741698940012,0.0,538.6834476173899,11570.058251322622,0,S1,0,5,115700582.51322621,62965456.834488064,6464.201371408679,1735508.7376983932,183531.26275734452,50397262.004877895,0.582937474485311
2025-09-29,637,B,25000.0,26263.938957673083,396043.1925617153,7666.488133689707,7749.072129195018,3730.426959115641,3813.0109546209515,7666.488133689707,0,S1,0,5,191662203.3422427,104612473.74413274,45756.13145545142,1149973.220053456,183531.26275734452,85274425.79128198,0.582937474485311
2025-09-29,637,C,5000.0,5456.226185722968,469800.74609872716,19876.485113158335,13042.773557220928,0.0,0.0,13042.773557220928,1,S1,0,5,65213867.786104634,33911211.24877441,0.0,1956416.033583139,183531.26275734452,28692908.494891014,0.582937474485311
2025-09-30,638,A,9500.0,10541.890539981468,126719.91897143875,13696.636399761042,13025.58242175432,538.6834476173899,0.0,13564.26586937171,1,S3,0,3,128860525.75903124,67733028.59312247,0.0,2034639.8804057564,183913.57888185992,58782223.78764971,0.5821728422362801
2025-09-30,638,B,25000.0,26973.47008281956,273964.6591894307,7731.85468885561,7219.8562281334325,3813.0109546209515,3301.0124938987738,7731.85468885561,0,S3,0,3,193296367.22139025,97468059.07980134,39612.149926785285,1159778.2033283415,183913.57888185992,94171039.5502625,0.5821728422362801
2025-09-30,638,C,5000.0,5285.824063030518,279211.9843570637,20022.616236617327,13025.58242175432,0.0,0.0,13025.58242175432,1,S3,0,3,65127912.1087716,33866514.29656123,0.0,1953837.3632631479,183913.57888185992,28844434.885708295,0.5821728422362801
2025-10-01,639,A,10000.0,10311.630686266468,390114.12048070465,12196.483780900502,12526.618652548592,0.0,330.13487164808976,12196.483780900502,0,S3,0,3,121964837.80900502,65138416.99325268,3961.618459777077,1829472.5671350753,184118.20428835784,54418754.305388436,0.5817635914232844
2025-10-01,639,B,24250.0,25849.76655608172,440983.4399889807,7588.457340896372,7360.872408867392,3301.0124938987738,3073.427561869793,7588.457340896372,0,S3,0,3,184020090.51673704,99371777.51970978,36881.13074243751,1138268.6011344558,184118.20428835784,82848061.62087303,0.5817635914232844
2025-10-01,639,C,5000.0,5301.086565822083,301627.72550579516,20272.756148412365,13015.721784939531,0.0,0.0,13015.721784939531,1,S3,0,3,65078608.92469765,33840876.64084278,0.0,1952358.2677409297,184118.20428835784,28799628.08631979,0.5817635914232844
2025-10-02,640,A,9500.0,10388.870476406004,457625.2494246118,13246.017973447311,12440.257811536043,330.13487164808976,0.0,12770.392683184133,1,S2,0,8,121318730.49024926,64689340.61998742,0.0,1915558.90247762,184412.99434730157,54071792.7240123,0.5811740113053969
2025-10-02,640,B,25000.0,27162.848914148097,112007.99492858464,7495.203986633767,6874.025574023119,3073.427561869793,2452.2491492591453,7495.203986633767,0,S2,0,8,187380099.66584417,92799345.2493121,29426.989791109743,1124280.5979950652,184412.99434730157,93130625.83947,0.5811740113053969
2025-10-02,640,C,5000.0,5265.598197142348,349629.0464177668,20268.88653589084,13001.970796934558,0.0,0.0,13001.970796934558,1,S2,0,8,65009853.98467279,33805124.07202985,0.0,1950295.6195401838,184412.99434730157,28720392.25233769,0.5811740113053969
2025-10-03,641,A,9700.0,10803.880546666845,228386.95668906244,11623.425009741735,10808.816273339013,0.0,0.0,10808.816273339013,1,S2,0,8,104845517.85138842,56205844.621362865,0.0,1621322.4410008518,184679.32945422252,46605284.50288143,0.5806413410915549
2025-10-03,641,B,24250.0,25148.13089519825,487828.6525986975,7259.467181400554,7123.377239401282,2452.2491492591453,2316.159207259874,7259.467181400554,0,S2,0,8,176042079.14896345,96165592.7319173,27793.91048711849,1088920.0772100831,184679.32945422252,78087264.44729602,0.5806413410915549
2025-10-03,641,C,4850.0,5253.04863153581,133093.70770872003,21986.594258547095,12990.361146758869,0.0,0.0,12990.361146758869,1,S2,0,8,63003251.56178051,33774938.98157306,0.0,1948554.1720138304,184679.32945422252,26961985.37103068,0.5806413410915549
2025-10-04,642,A,10000.0,10989.210876619398,159083.4655749576,12000.751298784668,12604.500845252704,0.0,603.749546468036,12000.751298784668,0,S2,0,8,120007512.98784667,65543404.39531406,7244.994557616432,1800112.6948177002,185003.24875666798,52312664.18882567,0.5799935024866639
2025-10-04,642,B,25000.0,26038.10101618635,432395.1212855965,6884.9770256597385,7467.989254101271,2316.159207259874,2899.171435701408,6884.9770256597385,0,S2,0,8,172124425.64149347,100817854.93036716,34790.057228416896,1032746.5538489608,185003.24875666798,69621635.73000666,0.5799935024866639
2025-10-04,642,C,5000.0,5223.819474454176,107218.03135771216,17973.33983000482,12974.904293686444,0.0,0.0,12974.904293686444,1,S2,0,8,64874521.468432225,33734751.163584754,0.0,1946235.6440529667,185003.24875666798,28901313.38068012,0.5799935024866639
2025-10-05,643,A,10000.0,11041.658192176828,422899.8899429835,11425.106958145729,10285.933096318184,603.749546468036,0.0,10889.68264278622,1,S2,0,8,108896826.4278622,53486852.10085455,0.0,1633452.396417933,185313.60062297402,53168308.44002376,0.5793727987540519
2025-10-05,643,B,25000.0,26824.37872239388,472621.34993659396,6886.939109313345,7163.7706187978,2899.171435701408,3176.0029451858627,6886.939109313345,0,S2,0,8,172173477.73283362,96710903.3537703,38112.03534223035,1033040.8663970018,185313.60062297402,73733486.52676453,0.5793727987540519
2025-10-05,643,C,5000.0,5260.543539051105,185011.28900976802,18559.705124673164,12961.106869263476,0.0,0.0,12961.106869263476,1,S2,0,8,64805534.34631738,33698877.86008504,0.0,1944166.0303895215,185313.60062297402,28792165.566210076,0.5793727987540519
2025-10-06,644,A,10000.0,10734.398298901411,228920.5083556681,11902.219939008419,11685.33875883152,0.0,0.0,11685.33875883152,1,S2,0,8,116853387.5883152,60763761.5459239,0.0,1752800.813824728,185558.91890467308,53922345.80130623,0.5788821621906537
2025-10-06,644,B,25000.0,26690.52534059318,248000.30577732506,6946.10237756523,6345.4602222215535,3176.0029451858627,2575.360789842185,6946.10237756523,0,S2,0,8,173652559.43913075,85663712.99999097,30904.32947810622,1041915.3566347845,185558.91890467308,86482467.5283449,0.5788821621906537
2025-10-06,644,C,5000.0,5404.290889935939,250175.14130184497,20268.352767021323,12950.609445782944,0.0,0.0,12950.609445782944,1,S2,0,8,64753047.22891472,33671584.55903565,0.0,1942591.4168674415,185558.91890467308,28703137.19280511,0.5788821621906537
2025-10-07,645,A,10000.0,11004.431583252417,178765.6495593212,12845.729940434654,12362.185725902313,0.0,0.0,12362.185725902313,1,S3,0,3,123621857.25902313,64283365.77469203,0.0,1854327.858885347,185787.9267870554,57119610.04909938,0.5784241464258892
2025-10-07,645,B,24250.0,26958.434243392385,232519.4631085219,7731.109487815993,7569.196384186525,2575.360789842185,2413.4476862127176,7731.109487815993,0,S3,0,3,187479405.07953784,102184151.18651809,28961.37223455261,1159666.423172399,185787.9267870554,83688318.70771722,0.5784241464258892
2025-10-07,645,C,4850.0,5434.56505098668,217870.52442284022,22132.209191808357,12940.780155453893,0.0,0.0,12940.780155453893,1,S3,0,3,62762783.75395138,33646028.404180124,0.0,1941117.023318084,185787.9267870554,26771979.875243276,0.5784241464258892
2025-10-08,646,A,10000.0,10675.394538645207,371172.62476830103,11873.477323000452,11408.419752387861,0.0,0.0,11408.419752387861,1,S1,0,5,114084197.5238786,59323782.71241688,0.0,1711262.9628581791,186170.758638693,52491808.46519655,0.577658482722614
2025-10-08,646,B,25000.0,26761.671733288746,315655.4380634205,6995.677368522834,7460.46119741858,2413.4476862127176,2878.231515108465,6995.677368522834,0,S1,0,5,174891934.21307084,100716226.16515084,34538.778181301575,1049351.6052784252,186170.758638693,72589991.46775815,0.577658482722614
2025-10-08,646,C,5000.0,5220.993035692742,230124.90666975908,20223.459496828742,12924.266099301416,0.0,0.0,12924.266099301416,1,S1,0,5,64621330.49650708,33603091.85818368,0.0,1938639.9148952125,186170.758638693,28663303.058119733,0.577658482722614
2025-10-09,647,A,10000.0,10677.014398186822,303926.69418888923,12437.356750478255,12908.25638017947,0.0,470.8996297012145,12437.356750478255,0,S1,0,5,124373567.50478254,67122933.17693324,5650.795556414574,1865603.5125717383,186533.02026451624,54888920.305267744,0.5769339594709674
2025-10-09,647,B,24250.0,26591.388542685792,304422.44820057036,7607.364168533557,8139.748478039407,2878.231515108465,3410.615824614315,7607.364168533557,0,S1,0,5,184478581.08693877,109886604.453532,40927.38989537178,1141104.6252800336,186533.02026451624,72918989.14976628,0.5769339594709674
2025-10-09,647,C,5000.0,5318.033541556037,316434.0879142608,20782.450917923226,12908.25638017947,0.0,0.0,12908.25638017947,1,S1,0,5,64541281.90089735,33561466.58846662,0.0,1936238.4570269205,186533.02026451624,28540609.747225024,0.5769339594709674
2025-10-10,648,A,10000.0,10563.384775965398,422767.59202436265,11234.319224439256,12040.659940136882,470.8996297012145,1277.2403453988409,11234.319224439256,0,S2,0,8,112343192.24439256,62611431.688711785,15326.88414478609,1685147.8836658883,186724.54816793892,47421793.6476778,0.5765509036641221
2025-10-10,648,B,25000.0,26073.48472401343,270170.731868778,7327.541793326299,7781.254075087702,3410.615824614315,3864.3281063757195,7327.541793326299,0,S2,0,8,183188544.83315748,105046930.01368399,46371.93727650863,1099131.268998945,186724.54816793892,76539216.33316131,0.5765509036641221
2025-10-10,648,C,5000.0,5363.936176356519,356544.96247689513,20786.826908094405,12900.532537067651,0.0,0.0,12900.532537067651,1,S2,0,8,64502662.68533825,33541384.596375894,0.0,1935079.8805601476,186724.54816793892,28482928.697757374,0.5765509036641221
2025-10-11,649,A,10000.0,10759.51521742671,253223.55221511223,11795.222917898582,12681.278919448463,1277.2403453988409,2163.296346948722,11795.222917898582,0,S3,0,3,117952229.17898582,65942650.38113201,25959.556163384666,1769283.4376847872,186960.54329550857,49774151.70849501,0.5760789134089828
2025-10-11,649,B,25000.0,26933.23678040799,325201.5535656959,6998.763641797181,6365.30720936893,3864.3281063757195,3230.8716739474694,6998.763641797181,0,S3,0,3,174969091.0449295,85931647.32648055,38770.46008736963,1049814.546269577,186960.54329550857,87436696.6152308,0.5760789134089828
2025-10-11,649,C,5000.0,5240.986012018931,263190.3122022997,18464.250358820667,12890.15267256716,0.0,0.0,12890.15267256716,1,S3,0,3,64450763.362835795,33514396.948674615,0.0,1933522.900885074,186960.54329550857,28552692.657778293,0.5760789134089828
2025-10-12,650,A,10000.0,10995.95032984425,134681.40818332726,11069.140661472584,11581.86117690283,2163.296346948722,2676.0168623789687,11069.140661472584,0,S1,0,5,110691406.61472584,60225678.11989472,32112.202348547624,1660371.0992208875,187294.96452785344,48451268.82055051,0.5754100709442931
2025-10-12,650,B,24250.0,26040.63839742333,198718.5878253957,6735.38593742128,6246.347484055495,3230.8716739474694,2741.833220581685,6735.38593742128,0,S1,0,5,163333108.98246604,84325691.0347492,32901.998646980224,1010307.890613192,187294.96452785344,77578194.50610341,0.5754100709442931
2025-10-12,650,C,5000.0,5125.86810011773,115705.69846208798,17660.316918727418,12874.806745789878,0.0,0.0,12874.806745789878,1,S1,0,5,64374033.72894939,33474497.539053682,0.0,1931221.0118684818,187294.96452785344,28665314.515037287,0.5754100709442931
2025-10-13,651,A,9500.0,10785.394466548998,136945.09347964264,13453.196059865008,12863.945208830817,2676.0168623789687,2086.7660113447782,13453.196059865008,0,S2,0,8,127805362.56871757,66892515.08592025,25041.19213613734,2017979.4089797512,187555.11878753995,58545326.669414245,0.5748897624249201
2025-10-13,651,B,25000.0,25874.36895661203,409266.9997240081,6605.702021176958,6449.546267306881,2741.833220581685,2585.6774667116097,6605.702021176958,0,S2,0,8,165142550.52942395,87068874.6086429,31028.129600539316,990855.3031765437,187555.11878753995,76454970.36949243,0.5748897624249201
2025-10-13,651,C,5000.0,5238.7629398459585,195606.01241670627,18814.243288176145,12863.945208830817,0.0,0.0,12863.945208830817,1,S2,0,8,64319726.044154085,33446257.542960126,0.0,1929591.7813246227,187555.11878753995,28560715.588665094,0.5748897624249201
2025-10-14,652,A,9700.0,10787.538721986426,326095.40734875324,13132.965307137883,12446.380961468942,2086.7660113447782,1400.1816656758365,13132.965307137883,0,S3,0,3,127389763.47923747,64721180.9996385,16802.179988110038,1969944.7960706826,187851.89913175208,60167888.197059676,0.5742962017364958
2025-10-14,652,B,25000.0,27503.496615555483,392353.29579131317,7949.609149396212,8253.460813235108,2585.6774667116097,2889.529130550505,7949.609149396212,0,S3,0,3,198740228.7349053,111421720.97867395,34674.34956660606,1192441.3724094317,187851.89913175208,85511186.83933225,0.5742962017364958
2025-10-14,652,C,5000.0,5168.88012913272,141994.15334582643,21086.35798658755,12850.289771193151,0.0,0.0,12850.289771193151,1,S3,0,3,64251448.855965756,33410753.405102193,0.0,1927543.4656789727,187851.89913175208,28583305.93270701,0.5742962017364958
2025-10-15,653,A,10000.0,10253.804019723317,413964.5323057193,11837.420147578974,12462.76159057732,1400.1816656758365,2025.5231086741824,11837.420147578974,0,S1,0,5,118374201.47578974,64806360.27100206,24306.27730409019,1775613.022136846,188208.96111898523,51165748.41192204,0.5735820777620295
2025-10-15,653,B,25000.0,27663.149050290434,199784.54623762527,7464.441914122202,7224.007006216423,2889.529130550505,2649.094222644726,7464.441914122202,0,S1,0,5,186611047.85305506,97524094.58392172,31789.13067173671,1119666.2871183304,188208.96111898523,87547504.34398666,0.5735820777620295
2025-10-15,653,C,5000.0,5324.647828266746,122671.83058799969,19256.16429921238,12833.687789254896,0.0,0.0,12833.687789254896,1,S1,0,5,64168438.94627448,33367588.25206273,0.0,1925053.1683882345,188208.96111898523,28564916.734116536,0.5735820777620295
2025-10-16,654,A,10000.0,10645.837303205524,160771.97094112865,12359.860834023388,12822.361641023606,2025.5231086741824,2488.023915674401,12359.860834023388,0,S3,0,3,123598608.34023388,66676280.53332275,29856.286988092812,1853979.1251035081,188462.62013958825,54689257.8037388,0.5730747597208234
2025-10-16,654,B,25000.0,27075.812623570488,395547.05752145126,7146.790555668265,7356.138239395268,2649.094222644726,2858.4419063717287,7146.790555668265,0,S3,0,3,178669763.89170665,99307866.23183613,34301.302876460744,1072018.5833502398,188462.62013958825,77671568.09598279,0.5730747597208234
2025-10-16,654,C,4850.0,5206.605066144739,260513.7929446305,21586.258443146486,12822.361641023606,0.0,0.0,12822.361641023606,1,S3,0,3,62188453.95896449,33338140.266661376,0.0,1923354.246153541,188462.62013958825,26477983.033065356,0.5730747597208234
2025-10-17,655,A,9700.0,10729.438491736695,266446.2389765467,12560.459033797242,12499.103908624189,2488.023915674401,2426.6687905013478,12560.459033797242,0,S2,0,8,121836452.62783325,64995340.32484578,29120.025486016173,1884068.8550695863,188716.54042378024,54472760.64303154,0.5725669191524395
2025-10-17,655,B,25000.0,26911.81445346315,264412.8980672196,7628.121268865509,7472.391402962327,2858.4419063717287,2702.7120404685465,7628.121268865509,0,S2,0,8,190703031.72163773,100877283.93999141,32432.54448562256,1144218.1903298262,188716.54042378024,88195967.60833986,0.5725669191524395
2025-10-17,655,C,4850.0,5127.862296144472,275745.15962747374,20078.881832953157,12810.191905774314,0.0,0.0,12810.191905774314,1,S2,0,8,62129430.743005425,33306498.955013216,0.0,1921528.7858661471,188716.54042378024,26436941.302074805,0.5725669191524395
2025-10-18,656,A,10000.0,10601.85784021664,136516.6941688408,10938.271923253142,10763.110567070438,2426.6687905013478,2251.5074343186443,10938.271923253142,0,S2,0,8,109382719.23253141,55968174.948766276,27018.08921182373,1640740.7884879713,188942.6336026763,51421326.07829382,0.5721147327946474
2025-10-18,656,B,24250.0,26731.151350527824,146845.51530687933,7129.00310737729,7274.2868661864495,2702.7120404685465,2847.995799277707,7129.00310737729,0,S2,0,8,172878325.35389927,98202872.69351707,34175.949591332486,1069350.4661065934,188942.6336026763,73236138.09577471,0.5721147327946474
2025-10-18,656,C,5000.0,5289.063739386972,149385.40825359957,18258.364020163335,12800.183115900885,0.0,0.0,12800.183115900885,1,S2,0,8,64000915.57950442,33280476.1013423,0.0,1920027.4673851328,188942.6336026763,28462083.968920715,0.5721147327946474
2025-10-19,657,A,9700.0,10737.64621410224,210728.28527884072,11005.245338669001,12041.323753604986,2251.5074343186443,3287.5858492546286,11005.245338669001,0,S3,0,3,106750879.78508931,62614883.51874592,39451.03019105554,1650786.8008003503,189208.74874113486,42045821.401332006,0.5715825025177301
2025-10-19,657,B,25000.0,25647.608734059675,170115.2118505342,7196.2852181798025,6771.282238438301,2847.995799277707,2422.9928195362063,7196.2852181798025,0,S3,0,3,179907130.45449507,91412310.21891706,29075.913834434476,1079442.7827269703,189208.74874113486,87026977.57842493,0.5715825025177301
2025-10-19,657,C,5000.0,5294.535792686882,275505.5024327163,18378.960763045663,12788.72564679359,0.0,0.0,12788.72564679359,1,S3,0,3,63943628.233967945,33250686.681663334,0.0,1918308.8470190384,189208.74874113486,28309918.45411172,0.5715825025177301
2025-10-20,658,A,10000.0,10822.7485205071,288121.09609006945,11963.50141948742,12780.13346047883,3287.5858492546286,4104.217890246038,11963.50141948742,0,S2,0,8,119635014.1948742,66456693.994489916,49250.61468295246,1794525.212923113,189390.96498758267,50857032.31170057,0.5712180700248346
2025-10-20,658,B,25000.0,27401.017152117074,198781.08009567513,7672.68190997189,7152.554500640763,2422.9928195362063,1902.8654102050796,7672.68190997189,0,S2,0,8,191817047.74929723,96559485.7586503,22834.384922460955,1150902.2864957834,189390.96498758267,93695653.27414542,0.5712180700248346
2025-10-20,658,C,5000.0,5377.076814025154,308156.92296662315,21108.526170244226,12780.13346047883,0.0,0.0,12780.13346047883,1,S2,0,8,63900667.30239415,33228346.997244958,0.0,1917020.0190718244,189390.96498758267,28257752.398123164,0.5712180700248346
2025-10-21,659,A,9700.0,10762.684450106048,213924.32681640785,12855.325763659517,12765.585806528929,4104.217890246038,4014.4779331154477,12855.325763659517,0,S1,0,5,124696659.90749732,66381046.19395043,48173.73519738537,1928298.8645489276,189702.88294765956,55935513.9040365,0.5705942341046809
2025-10-21,659,B,23750.0,27034.799652864458,263059.8616768483,8380.185714768159,7714.004337533101,1902.8654102050796,1236.6840329700208,8380.185714768159,0,S1,0,5,199029410.72574377,104139058.55669686,14840.20839564025,1257027.8572152238,189702.88294765956,93165721.35881154,0.5705942341046809
2025-10-21,659,C,4850.0,5436.165790673994,112911.42085439869,23213.823903755285,12765.585806528929,0.0,0.0,12765.585806528929,1,S1,0,5,61913091.161665305,33190523.096975215,0.0,1914837.8709793394,189702.88294765956,26505115.889908694,0.5705942341046809
2025-10-22,660,A,9700.0,10768.849497758507,362967.53809964727,13674.248213242474,12745.852973222632,4014.4779331154477,3086.0826930956064,13674.248213242474,0,S2,0,8,132640207.668452,66278435.46075769,37032.99231714728,2051137.231986371,190139.1009643138,63720495.344326824,0.5697217980713724
2025-10-22,660,B,24250.0,26103.22900600343,474864.5700626178,8292.802310347855,8134.78172754623,1236.6840329700208,1078.6634501683948,8292.802310347855,0,S2,0,8,201100456.0259355,109819553.32187411,12943.961402020737,1243920.3465521783,190139.1009643138,89359034.72508027,0.5697217980713724
2025-10-22,660,C,5000.0,5275.516217724751,492176.8936744156,19074.757849548525,12745.852973222632,0.0,0.0,12745.852973222632,1,S2,0,8,63729264.86611316,33139217.730378844,0.0,1911877.945983395,190139.1009643138,27995853.195112195,0.5697217980713724
2025-10-23,661,A,9700.0,10588.305317083892,283137.7825375668,12836.942521292449,12736.111151925528,3086.0826930956064,2985.2513237286857,12836.942521292449,0,S3,0,3,124518342.45653675,66227777.99001275,35823.01588474423,1925541.3781938674,190362.53523456177,55855699.754673265,0.5692749295308766
2025-10-23,661,B,25000.0,26085.118365037757,270372.87934052985,6966.377293152582,6471.870076600226,1078.6634501683948,584.1562336160387,6966.377293152582,0,S3,0,3,174159432.32881454,87370246.03410305,7009.874803392464,1044956.5939728873,190362.53523456177,85276484.41136011,0.5692749295308766
2025-10-23,661,C,5000.0,5413.939476116182,392586.2241307505,19094.94273443252,12736.111151925528,0.0,0.0,12736.111151925528,1,S3,0,3,63680555.75962764,33113888.995006375,0.0,1910416.6727888293,190362.53523456177,28073301.332467124,0.5692749295308766
2025-10-24,662,A,9700.0,10465.155496601557,496178.4388892004,12121.404429128415,11898.310141760432,2985.2513237286857,2762.1570363607025,12121.404429128415,0,S3,0,3,117577622.96254563,61871212.737154245,33145.88443632843,1818210.6643692623,190621.26704539405,53168253.9706512,0.568757465909212
2025-10-24,662,B,25000.0,27087.85912564533,124392.20349059528,7680.385406438665,6982.3799765327385,584.1562336160387,0.0,7566.536210148777,1,S3,0,3,189163405.25371942,94262129.68319197,0.0,1134980.4315223165,190621.26704539405,93451281.66846915,0.568757465909212
2025-10-24,662,C,4850.0,5415.0570429214,205709.25281339762,21740.30298044449,12724.095937913564,0.0,0.0,12724.095937913564,1,S3,0,3,61711865.298880786,33082649.438575268,0.0,1908614.3906870345,190621.26704539405,26324270.949759692,0.568757465909212
2025-10-25,663,A,10000.0,10698.335314959286,270542.01323243196,12244.101442933646,11422.008318884089,2762.1570363607025,1940.063912311145,12244.101442933646,0,S2,1,12,122441014.42933646,59394443.25819726,23280.76694773374,1836615.216440047,190946.00777232475,60725187.16674666,0.5681079844553504
2025-10-25,663,B,25000.0,27003.714206282904,362835.7770766356,7021.635722434565,7290.28874188139,0.0,268.65301944682506,7021.635722434565,0,S2,1,12,175540893.06086412,98418898.01539876,3223.8362333619007,1053245.3583651846,190946.00777232475,75511744.06601787,0.5681079844553504
2025-10-25,663,C,5000.0,5090.088641157696,401934.86274216464,19211.41340974853,12709.59479556325,0.0,0.0,12709.59479556325,1,S2,1,12,63547973.97781625,33044946.46846445,0.0,1906439.2193344873,190946.00777232475,28003707.41950282,0.5681079844553504
2025-10-26,664,A,10000.0,10329.069345405162,455151.9685971675,10912.718951232948,10118.28532893963,1940.063912311145,1145.630290017827,10912.718951232948,0,S1,0,5,109127189.51232947,52615083.71048608,13747.563480213925,1636907.842684942,191247.87686334993,54215050.550217725,0.5675042462733001
2025-10-26,664,B,24250.0,27638.292026701718,117009.70460721254,7726.4132728138975,8381.142703404772,268.65301944682506,923.3824500376995,7726.4132728138975,0,S1,0,5,187365521.86573702,113145426.49596442,11080.589400452394,1158961.9909220845,191247.87686334993,72741795.2079795,0.5675042462733001
2025-10-26,664,C,4850.0,5242.727860412161,150868.17325683005,19505.01644773988,12696.725035170664,0.0,0.0,12696.725035170664,1,S1,0,5,61579116.42057772,33011485.09144373,0.0,1904508.7552755997,191247.87686334993,26321006.523738213,0.5675042462733001
2025-10-27,665,A,10000.0,10735.225172016617,206675.67449747404,11598.26466094676,12319.645302743944,1145.630290017827,1867.0109318150116,11598.26466094676,0,S3,0,3,115982646.6094676,64062155.574268505,22404.13118178014,1739739.699142014,191502.32932237996,49760169.20105544,0.5669953413552401
2025-10-27,665,B,24250.0,26878.509801116666,107621.59477862575,7362.26199030771,7631.090259234913,923.3824500376995,1192.2107189649032,7362.26199030771,0,S3,0,3,178534853.264962,103019718.49967133,14306.528627578838,1104339.2985461566,191502.32932237996,74097365.01401593,0.5669953413552401
2025-10-27,665,C,5000.0,5307.210936356405,403944.12576489255,21288.559681672137,12685.576109629681,0.0,0.0,12685.576109629681,1,S3,0,3,63427880.54814841,32982497.88503717,0.0,1902836.4164444522,191502.32932237996,27947099.79157952,0.5669953413552401
2025-10-28,666,A,10000.0,10505.566748834397,228309.4264383341,12033.712384431677,12145.273792700013,1867.0109318150116,1978.5723400833467,12033.712384431677,0,S2,0,8,120337123.84431678,63155423.722040065,23742.86808100016,1805056.8576647516,191820.74225034897,54932770.227842286,0.5663585154993019
2025-10-28,666,B,25000.0,25591.669427821387,165791.2916163652,7033.288491072518,6650.61736034608,1192.2107189649032,809.5395882384655,7033.288491072518,0,S2,0,8,175832212.27681294,89783334.36467208,9714.475058861586,1054993.2736608777,191820.74225034897,84626558.12955439,0.5663585154993019
2025-10-28,666,C,5000.0,5199.98262041305,181139.14924268483,19404.20753404699,12671.875778523277,0.0,0.0,12671.875778523277,1,S2,0,8,63359378.892616384,32946877.024160523,0.0,1900781.3667784915,191820.74225034897,28138760.610184334,0.5663585154993019
2025-10-29,667,A,10000.0,10371.922413514172,416898.25807678094,12361.33191414448,11466.931109334591,1978.5723400833467,1084.1715352734573,12361.33191414448,0,S2,0,8,123613319.1414448,59628041.768539876,13010.058423281487,1854199.7871216722,192089.50775250382,61509079.76153069,0.5658209844949923
2025-10-29,667,B,25000.0,25878.070248570963,123947.17892405081,7499.478689382226,8203.868875458837,809.5395882384655,1513.9297743150764,7499.478689382226,0,S2,0,8,187486967.23455563,110752229.8186943,18167.157291780917,1124921.8034073338,192089.50775250382,75275611.76848567,0.5658209844949923
2025-10-29,667,C,5000.0,5499.558969091885,289925.13358714513,20662.055935144035,12660.381882561876,0.0,0.0,12660.381882561876,1,S2,0,8,63301909.41280938,32916992.89466088,0.0,1899057.2823842815,192089.50775250382,28003844.59442457,0.5658209844949923
2025-10-30,668,A,10000.0,10706.780814208872,127443.92708811753,13519.500550353383,12239.533544371794,1084.1715352734573,0.0,13323.705079645251,1,S2,0,8,133237050.7964525,63645574.43073333,0.0,1998555.7619467876,192398.1387067591,67273078.53797752,0.5652037225864818
2025-10-30,668,B,25000.0,26460.375610870527,482687.37933611707,8179.156377665215,7860.933304601263,1513.9297743150764,1195.7067012511252,8179.156377665215,0,S2,0,8,204478909.44163036,106122599.61211705,14348.480415013502,1226873.4566497821,192398.1387067591,96440002.37440564,0.5652037225864818
2025-10-30,668,C,5000.0,5251.35470613041,411862.6194458788,20900.637266109312,12646.86166947193,0.0,0.0,12646.86166947193,1,S2,0,8,63234308.34735965,32881840.340627015,0.0,1897029.2504207895,192398.1387067591,27851177.998159207,0.5652037225864818
2025-10-31,669,A,10000.0,10667.310513725048,397774.6936772886,11182.048257022416,11083.103553091214,0.0,0.0,11083.103553091214,1,S2,0,8,110831035.53091215,57632138.476074316,0.0,1662465.5329636822,192693.9046686993,50945962.92352816,0.5646121906626014
2025-10-31,669,B,25000.0,26237.01141109884,147497.8298359519,7160.281666219713,7552.656017494062,1195.7067012511252,1588.0810525254747,7160.281666219713,0,S2,0,8,179007041.6554928,101960856.23616984,19056.972630305696,1074042.2499329569,192693.9046686993,75612894.46225505,0.5646121906626014
2025-10-31,669,C,5000.0,5387.276312200001,252568.3462270609,20828.31303638651,12633.615508752868,0.0,0.0,12633.615508752868,1,S2,0,8,63168077.54376434,32847400.322757456,0.0,1895042.32631293,192693.9046686993,27980372.64379819,0.5646121906626014
2025-11-01,670,A,9700.0,10430.702753926722,149321.12100699643,11747.191818792751,11350.866304013196,0.0,0.0,11350.866304013196,1,S2,1,15,110103403.148928,59024504.78086862,0.0,1702629.9456019795,192981.94806368946,49033965.35338672,0.5640361038726212
2025-11-01,670,B,25000.0,26152.702035435566,421386.581772905,7216.812189675349,7075.680536763417,1588.0810525254747,1446.9493996135425,7216.812189675349,0,S2,1,15,180420304.74188372,95521687.24630614,17363.39279536251,1082521.8284513024,192981.94806368946,83184363.74449432,0.5640361038726212
2025-11-01,670,C,5000.0,5441.445742123209,214520.43312998922,18477.438580034323,12620.188475031351,0.0,0.0,12620.188475031351,1,S2,1,15,63100942.37515675,32812490.035081513,0.0,1893028.2712547027,192981.94806368946,27987921.687626857,0.5640361038726212
2025-11-02,671,A,10000.0,10546.261615821899,192242.29020988126,11554.733535430583,11688.760466274078,0.0,134.02693084349448,11554.733535430583,0,S2,0,8,115547335.35430583,60781554.4246252,1608.3231701219338,1733210.0303145875,193238.76094155246,52645481.525044486,0.5635224781168949
2025-11-02,671,B,25000.0,26770.101094946516,445223.6408410838,7036.886719457614,6450.3196482014355,1446.9493996135425,860.3823283573638,7036.886719457614,0,S2,0,8,175922167.98644036,87079315.25071938,10324.587940288366,1055533.0079186421,193238.76094155246,87138532.73807941,0.5635224781168949
2025-11-02,671,C,5000.0,5527.72267920675,417748.1283426121,19560.04908279312,12608.937946507547,0.0,0.0,12608.937946507547,1,S2,0,8,63044689.73253774,32783238.66091962,0.0,1891340.691976132,193238.76094155246,27759123.490357816,0.5635224781168949
2025-11-03,672,A,10000.0,10508.580159337434,106100.15074339518,12551.484000557424,12596.286847108577,134.02693084349448,178.82977739464695,12551.484000557424,0,S3,0,3,125514840.00557424,65500691.6049646,2145.9573287357634,1882722.6000836135,193528.0114521071,57829651.68100179,0.5629439770957857
2025-11-03,672,B,25000.0,25958.480639636593,229458.8111014234,7343.829853524033,6783.405782163801,860.3823283573638,299.9582569971317,7343.829853524033,0,S3,0,3,183595746.33810082,91575978.05921131,3599.49908396558,1101574.478028605,193528.0114521071,90491607.4792234,0.5629439770957857
2025-11-03,672,C,5000.0,5354.264222592762,334153.40709782636,21056.584714758756,12596.286847108577,0.0,0.0,12596.286847108577,1,S3,0,3,62981434.235542886,32750345.8024823,0.0,1889443.0270662864,193528.0114521071,27813963.987444364,0.5629439770957857
2025-11-04,673,A,10000.0,11205.905960839978,482978.3448275824,12444.233258622757,12577.051735456671,178.82977739464695,311.6482542285612,12444.233258622757,0,S2,0,8,124442332.58622757,65400669.024374686,3739.7790507427344,1866634.9887934136,193944.98002317583,56494365.469157964,0.5621100399536483
2025-11-04,673,B,25000.0,26832.916637394144,281489.67653176095,7571.745230726316,7135.397696062112,299.9582569971317,0.0,7435.355953059244,1,S2,0,8,185883898.8264811,96327868.89683852,0.0,1115303.3929588865,193944.98002317583,87965291.88012877,0.5621100399536483
2025-11-04,673,C,5000.0,5193.892729581999,100171.15401091026,21367.04406489301,12577.051735456671,0.0,0.0,12577.051735456671,1,S2,0,8,62885258.677283354,32700334.512187343,0.0,1886557.7603185007,193944.98002317583,28004250.270743426,0.5621100399536483
2025-11-05,674,A,10000.0,10349.949381627619,174343.39356731475,12398.899405079948,12558.386547398832,311.6482542285612,471.13539654744454,12398.899405079948,0,S3,0,3,123988994.05079949,65303610.04647393,5653.6247585693345,1859834.9107619922,194360.15474925784,56451191.920488425,0.5612796905014843
2025-11-05,674,B,25000.0,26085.83133839675,237811.03785739627,7790.051622805302,7075.604776855972,0.0,0.0,7075.604776855972,1,S3,0,3,176890119.4213993,95520664.48755562,0.0,1061340.716528396,194360.15474925784,79875943.02470861,0.5612796905014843
2025-11-05,674,C,5000.0,5313.340822230305,170828.09526971367,21748.74834051715,12558.386547398832,0.0,0.0,12558.386547398832,1,S3,0,3,62791932.736994155,32651805.023236964,0.0,1883757.9821098247,194360.15474925784,27891181.481628392,0.5612796905014843
2025-11-06,675,A,10000.0,10528.681655595026,202285.14689367113,11018.056366754858,11445.07780400802,471.13539654744454,898.1568338006073,11018.056366754858,0,S1,0,5,110180563.66754858,59514404.580841705,10777.882005607287,1652708.4550132286,194593.52844677816,48605794.074347585,0.5608129431064436
2025-11-06,675,B,25000.0,27541.441067572563,364074.90001274575,7380.738511885575,7563.7928952485,0.0,183.05438336292536,7380.738511885575,0,S1,0,5,184518462.79713938,102111204.08585475,2196.6526003551044,1107110.7767828363,194593.52844677816,80739282.85344191,0.5608129431064436
2025-11-06,675,C,5000.0,5395.039482899198,142128.0987680235,19712.40109035308,12547.541966039156,0.0,0.0,12547.541966039156,1,S1,0,5,62737709.830195785,32623609.111701805,0.0,1882131.2949058735,194593.52844677816,27895247.796373304,0.5608129431064436
2025-11-07,676,A,9700.0,10963.792300240366,431006.67583336047,13465.363654062014,12538.913824863825,898.1568338006073,0.0,13437.070658664432,1,S2,0,8,130339585.38904499,65202351.88929189,0.0,2015560.5987996648,194786.14582333952,62495880.07929673,0.5604277083533209
2025-11-07,676,B,25000.0,26752.535617413465,244327.6117357068,7771.307411434111,7050.987003028425,183.05438336292536,0.0,7234.04138639135,1,S2,0,8,180851034.65978375,95188324.54088373,0.0,1085106.2079587025,194786.14582333952,84138490.15338227,0.5604277083533209
2025-11-07,676,C,4850.0,5250.017476793962,388411.97973594925,22053.311026463092,12538.913824863825,0.0,0.0,12538.913824863825,1,S2,0,8,60813732.05058955,32601175.944645945,0.0,1880837.0737295737,194786.14582333952,25748520.906654738,0.5604277083533209
2025-11-08,677,A,9700.0,10734.882644566502,372750.5652447259,12483.703303264912,12392.611889068292,0.0,0.0,12392.611889068292,1,S2,1,11,120208335.32396244,64441581.82315512,0.0,1858891.7833602438,195138.62765737416,53339972.52454497,0.5597227446852516
2025-11-08,677,B,25000.0,27553.507701389513,373752.77179121843,6629.182240537948,6324.697571134583,0.0,0.0,6324.697571134583,1,S2,1,11,158117439.27836457,85383417.21031687,0.0,948704.6356701874,195138.62765737416,71216426.03292893,0.5597227446852516
2025-11-08,677,C,5000.0,5293.672630563567,349979.5296563707,18663.64727373066,12523.955494262942,0.0,0.0,12523.955494262942,1,S2,1,11,62619777.47131471,32562284.285083648,0.0,1878593.3241394414,195138.62765737416,27633781.70477788,0.5597227446852516
2025-11-09,678,A,9700.0,10469.183312951249,434967.4858994267,13306.170023956001,12514.49490998883,0.0,0.0,12514.49490998883,1,S3,0,3,121390600.62689166,65075373.53194192,0.0,1877174.2364983247,195358.3850568198,53807726.98749516,0.5592832298863604
2025-11-09,678,B,25000.0,26842.4049659197,319618.12792185217,7086.616841868099,6823.047777510501,0.0,0.0,6823.047777510501,1,S3,0,3,170576194.43776253,92111144.99639176,0.0,1023457.1666265752,195358.3850568198,76926615.76176552,0.5592832298863604
2025-11-09,678,C,5000.0,5499.975404631194,371276.19815652777,20656.614656919464,12514.49490998883,0.0,0.0,12514.49490998883,1,S3,0,3,62572474.549944155,32537686.76597096,0.0,1877174.2364983247,195358.3850568198,27590978.96426152,0.5592832298863604
2025-11-10,679,A,10000.0,10657.955617191064,264102.5509857157,11986.043734949486,11741.268055229582,0.0,0.0,11741.268055229582,1,S2,0,8,117412680.55229582,61054593.88719383,0.0,1761190.2082844374,195611.13264513275,54137182.773186706,0.5587777347097345
2025-11-10,679,B,25000.0,27139.259152200582,388192.17043638765,7566.515099981427,7772.272872299343,0.0,205.75777231791653,7566.515099981427,0,S2,0,8,189162877.49953568,104925683.77604114,2469.0932678149984,1134977.264997214,195611.13264513275,82515944.062148,0.5587777347097345
2025-11-10,679,C,5000.0,5436.97902046175,210380.79946321982,20317.00080004426,12502.270060627623,0.0,0.0,12502.270060627623,1,S2,0,8,62511350.303138115,32505902.15763182,0.0,1875340.5090941435,195611.13264513275,27724115.704303797,0.5587777347097345
2025-11-11,680,A,10000.0,10802.953202755089,426716.89437794616,13036.273659740567,12487.820225829402,0.0,0.0,12487.820225829402,1,S1,0,5,124878202.25829402,64936665.17431289,0.0,1873173.0338744104,195940.31385565645,57445706.84187312,0.558119372288687
2025-11-11,680,B,24250.0,26859.696458260492,115974.8242499604,8212.652508228417,7711.765072044727,205.75777231791653,0.0,7917.522844362644,1,S1,0,5,191999928.9757941,104108828.47260381,0.0,1187628.4266543966,195940.31385565645,86391556.93843028,0.558119372288687
2025-11-11,680,C,5000.0,5282.4993223465635,442327.0722787918,21863.150738206565,12487.820225829402,0.0,0.0,12487.820225829402,1,S1,0,5,62439101.12914701,32468332.587156445,0.0,1873173.0338744104,195940.31385565645,27459328.121981706,0.558119372288687
2025-11-12,681,A,9700.0,10760.078065595057,437466.8984909076,13926.062472616688,12479.086166052472,0.0,0.0,12479.086166052472,1,S3,0,3,121047135.81070897,64891248.06347285,0.0,1871862.9249078708,196121.96714935335,53650435.95668799,0.5577560657012932
2025-11-12,681,B,25000.0,26174.0445067774,190276.0970280724,7832.070817940634,7249.917406851554,0.0,0.0,7249.917406851554,1,S3,0,3,181247935.17128885,97873884.99249598,0.0,1087487.6110277332,196121.96714935335,81900164.50358771,0.5577560657012932
2025-11-12,681,C,4850.0,5410.1908402671,200147.4149422602,21628.63740028005,12479.086166052472,0.0,0.0,12479.086166052472,1,S3,0,3,60523567.905354485,32445624.031736426,0.0,1871862.9249078708,196121.96714935335,25809811.566618573,0.5577560657012932
2025-11-13,682,A,10000.0,10713.372704654423,289719.81159645284,13354.172155320342,12473.137545095682,0.0,0.0,12473.137545095682,1,S1,0,5,124731375.45095682,64860315.23449755,0.0,1870970.6317643523,196261.6459706219,57514108.12712785,0.5574767080587562
2025-11-13,682,B,25000.0,26538.66884529212,348435.0600915271,8614.749709397707,9006.540413801731,0.0,391.7907044040239,8614.749709397707,0,S1,0,5,215368742.73494267,121588295.58632337,4701.488452848287,1292212.456409656,196261.6459706219,91938836.49769464,0.5574767080587562
2025-11-13,682,C,5000.0,5464.675031537089,101381.68994285102,19916.974174004652,12473.137545095682,0.0,0.0,12473.137545095682,1,S1,0,5,62365687.72547841,32430157.617248774,0.0,1870970.6317643523,196261.6459706219,27766916.140551813,0.5574767080587562
2025-11-14,683,A,9700.0,10262.781190657211,405652.38788868143,13133.135397864902,12459.757094109451,0.0,0.0,12459.757094109451,1,S1,0,5,120859643.81286168,64790736.889369145,0.0,1868963.5641164177,196555.3738211434,53597735.597666286,0.5568892523577131
2025-11-14,683,B,25000.0,27413.862672261115,351565.5746815798,7359.1358149346715,6858.622351388911,391.7907044040239,0.0,7250.413055792935,1,S1,0,5,181260326.39482337,92591401.74375029,0.0,1087561.9583689403,196555.3738211434,87033241.74420142,0.5568892523577131
2025-11-14,683,C,4750.0,5308.164252434074,169417.9388316916,23362.5382437988,12459.757094109451,0.0,0.0,12459.757094109451,1,S1,0,5,59183846.19701989,32395368.444684573,0.0,1868963.5641164177,196555.3738211434,24553540.875566065,0.5568892523577131
2025-11-15,684,A,10000.0,10571.290684736707,341980.1812115668,11886.478296796731,11373.804927789977,0.0,0.0,11373.804927789977,1,S2,1,16,113738049.27789977,59143785.62450788,0.0,1706070.7391684966,196874.36752215572,52349338.36548967,0.5562512649556884
2025-11-15,684,B,25000.0,27448.69817220865,335579.7014832034,7934.031666844643,8362.441419209947,0.0,428.4097523653036,7934.031666844643,0,S2,1,16,198350791.67111608,112892959.15933427,5140.917028383643,1190104.7500266964,196874.36752215572,83730132.77572137,0.5562512649556884
2025-11-15,684,C,5000.0,5415.4045107233815,350987.4902174672,18285.607961587495,12445.252892171628,0.0,0.0,12445.252892171628,1,S2,1,16,62226264.46085814,32357657.51964623,0.0,1866787.933825744,196874.36752215572,27453957.149646543,0.5562512649556884
2025-11-16,685,A,10000.0,10730.992562839081,348478.2703421206,12547.521104364861,12437.998940058918,0.0,0.0,12437.998940058918,1,S3,0,3,124379989.40058918,64677594.48830637,0.0,1865699.8410088378,197020.4724865628,57291196.32844529,0.5559590550268744
2025-11-16,685,B,25000.0,26115.314187843396,479028.8187445334,7598.125630647003,8097.772723294051,428.4097523653036,928.056845012351,7598.125630647003,0,S3,0,3,189953140.7661751,109319931.76446968,11136.682140148212,1139718.8445970505,197020.4724865628,78806304.18373711,0.5559590550268744
2025-11-16,685,C,5000.0,5210.205590159001,288278.1706934537,19726.50161286429,12437.998940058918,0.0,0.0,12437.998940058918,1,S3,0,3,62189994.70029459,32338797.244153187,0.0,1865699.8410088378,197020.4724865628,27500198.97195255,0.5559590550268744
2025-11-17,686,A,10000.0,10582.9203957964,303827.0715369007,11324.869617048462,11175.42441476066,0.0,0.0,11175.42441476066,1,S2,0,8,111754244.14760661,58112206.95675544,0.0,1676313.662214099,197349.78763491794,51464546.66946526,0.555300424730164
2025-11-17,686,B,24250.0,26848.32168870707,381375.8103488813,8601.35604271622,8773.448442415067,928.056845012351,1100.1492447111996,8601.35604271622,0,S2,0,8,208582884.03586832,118441553.97260341,13201.790936534395,1290203.4064074329,197349.78763491794,88259199.26793714,0.555300424730164
2025-11-17,686,C,5000.0,5347.417052949595,154817.41565281624,20469.888059457375,12422.938247500662,0.0,0.0,12422.938247500662,1,S2,0,8,62114691.23750331,32299639.443501722,0.0,1863440.7371250994,197349.78763491794,27599443.85358876,0.555300424730164
2025-11-18,687,A,9700.0,10401.229267011073,261151.3899654895,12874.792912316265,12411.970160220126,0.0,0.0,12411.970160220126,1,S2,0,8,120396110.55413522,64542244.83314466,0.0,1861795.5240330189,197589.58147142892,53533329.225520626,0.5548208370571421
2025-11-18,687,B,25000.0,26649.462914268697,191637.0661251617,7758.5381917874965,8031.316772657995,1100.1492447111996,1372.927825581699,7758.5381917874965,0,S2,0,8,193963454.79468742,108422776.43088293,16475.133906980387,1163780.7287681245,197589.58147142892,83971195.8535328,0.5548208370571421
2025-11-18,687,C,5000.0,5234.736111101618,400326.97345637495,21303.204384552402,12411.970160220126,0.0,0.0,12411.970160220126,1,S2,0,8,62059850.80110063,32271122.41657233,0.0,1861795.5240330189,197589.58147142892,27329016.305567477,0.5548208370571421
2025-11-19,688,A,10000.0,10619.082335787336,396641.42676415923,13482.539250001926,12397.583850062489,0.0,0.0,12397.583850062489,1,S2,0,8,123975838.50062488,64467436.02032494,0.0,1859637.5775093732,197908.2753857213,57054215.200640686,0.5541834492285573
2025-11-19,688,B,25000.0,27426.098728324603,370275.8034496811,8996.975228165657,9035.67316682391,1372.927825581699,1411.6257642399523,8996.975228165657,0,S2,0,8,224924380.7041414,121981587.75212279,16939.509170879428,1349546.2842248485,197908.2753857213,101008123.0797875,0.5541834492285573
2025-11-19,688,C,4850.0,5223.250558932218,475205.4372397396,24464.207410747338,12397.583850062489,0.0,0.0,12397.583850062489,1,S2,0,8,60128281.67280307,32233718.01016247,0.0,1859637.5775093732,197908.2753857213,25361812.37250576,0.5541834492285573
2025-11-20,689,A,10000.0,10596.347336339455,128385.3259406392,13259.910462720327,12143.950610940294,0.0,0.0,12143.950610940294,1,S3,0,3,121439506.10940294,63148543.176889524,0.0,1821592.591641044,198168.04697701306,56142816.96795472,0.5536639060459738
2025-11-20,689,B,25000.0,27169.650582504895,329828.3776819899,7951.681018665224,7924.25132001032,1411.6257642399523,1384.196065585049,7951.681018665224,0,S3,0,3,198792025.4666306,106977392.82013932,16610.352787020587,1192752.1527997835,198168.04697701306,90077273.71624549,0.5536639060459738
2025-11-20,689,C,5000.0,5461.609970648473,168649.92894751532,19840.78165819244,12385.494680108082,0.0,0.0,12385.494680108082,1,S3,0,3,61927473.40054041,32202286.168281015,0.0,1857824.2020162123,198168.04697701306,27500545.054318655,0.5536639060459738
2025-11-21,690,A,10000.0,10608.198574515272,310741.9172045535,12513.40248443666,12371.488690311544,0.0,0.0,12371.488690311544,1,S3,0,3,123714886.90311544,64331741.189620025,0.0,1855723.3035467316,198484.0019494061,57018196.49079472,0.5530319961011877
2025-11-21,690,B,25000.0,25756.65515080722,184324.59653486623,6956.454918486238,6881.716490513021,1384.196065585049,1309.457637611832,6956.454918486238,0,S3,0,3,173911372.96215594,92903172.62192579,15713.491651341985,1043468.2377729357,198484.0019494061,79566210.0123216,0.5530319961011877
2025-11-21,690,C,5000.0,5284.117500871159,243343.25727311187,20337.405106148803,12371.488690311544,0.0,0.0,12371.488690311544,1,S3,0,3,61857443.45155772,32165870.594810013,0.0,1855723.3035467316,198484.0019494061,27394022.293978456,0.5530319961011877
2025-11-22,691,A,10000.0,10668.405282350135,249262.4450447692,12921.597650847,12355.119562730579,0.0,0.0,12355.119562730579,1,S3,0,3,123551195.62730579,64246621.72619901,0.0,1853267.9344095867,198839.18228909967,57003204.33936332,0.5523216354218006
2025-11-22,691,B,25000.0,26760.432163769256,488077.06518378604,7391.91807733969,7200.2819169274135,1309.457637611832,1117.8214771995563,7391.91807733969,0,S3,0,3,184797951.93349224,97203805.87852009,13413.857726394675,1108787.7116009535,198839.18228909967,85785028.23817192,0.5523216354218006
2025-11-22,691,C,5000.0,5139.9485169953205,340861.573785012,20412.4201096858,12355.119562730579,0.0,0.0,12355.119562730579,1,S3,0,3,61775597.813652895,32123310.863099504,0.0,1853267.9344095867,198839.18228909967,27259318.26006969,0.5523216354218006
2025-11-23,692,A,10000.0,10436.077734247743,453872.301640832,11746.454830611581,12147.325062512666,0.0,400.8702319010845,11746.454830611581,0,S1,0,5,117464548.3061158,63166090.32506586,4810.442782813014,1761968.2245917371,199094.32724977384,51878712.68478479,0.5518113455004523
2025-11-23,692,B,25000.0,26878.84604260931,468392.4536891802,7273.5894763986125,7606.557385059533,1117.8214771995563,1450.7893858604766,7273.5894763986125,0,S1,0,5,181839736.9099653,102688524.6983037,17409.47263032572,1091038.421459792,199094.32724977384,77375277.53663254,0.5518113455004523
2025-11-23,692,C,5000.0,5459.824037713303,366531.9647815286,20729.52491472944,12343.545355653456,0.0,0.0,12343.545355653456,1,S1,0,5,61717726.77826728,32093217.924698986,0.0,1851531.8033480183,199094.32724977384,27207350.75818897,0.5518113455004523
2025-11-24,693,A,10000.0,10686.42342350301,369568.8017860862,13576.704174942228,12331.649012814945,400.8702319010845,0.0,12732.51924471603,1,S1,0,5,127325192.4471603,64124574.866637714,0.0,1909877.8867074044,199383.21596922624,60721787.67605987,0.5512335680615474
2025-11-24,693,B,25000.0,26438.973219140466,323248.85480988486,7231.56399339489,6989.315718369521,1450.7893858604766,1208.541110835109,7231.56399339489,0,S1,0,5,180789099.83487225,94355762.19798854,14502.493330021309,1084734.5990092335,199383.21596922624,84811468.47376536,0.5512335680615474
2025-11-24,693,C,5000.0,5335.623093541167,144456.1122878609,20923.177333069587,12331.649012814945,0.0,0.0,12331.649012814945,1,S1,0,5,61658245.064074725,32062287.433318857,0.0,1849747.3519222417,199383.21596922624,27402370.95057654,0.5512335680615474
2025-11-25,694,A,9700.0,10834.448891468335,235169.6993249891,13829.018495721355,12318.099787493338,0.0,0.0,12318.099787493338,1,S1,0,5,119485567.93868539,64054118.89496536,0.0,1847714.9681240008,199680.64163756493,53148883.734633476,0.5506387167248701
2025-11-25,694,B,25000.0,27428.862469296062,480412.347052049,8149.449198056027,8186.316983842804,1208.541110835109,1245.408896621886,8149.449198056027,0,S1,0,5,203736229.95140067,110515279.28187785,14944.906759462632,1222417.379708404,199680.64163756493,91303495.39436534,0.5506387167248701
2025-11-25,694,C,5000.0,5261.500006515552,425227.7837806812,22138.433928358212,12318.099787493338,0.0,0.0,12318.099787493338,1,S1,0,5,61590498.93746669,32027059.44748268,0.0,1847714.9681240008,199680.64163756493,27090816.09644176,0.5506387167248701
2025-11-26,695,A,10000.0,10982.566266118567,258553.94912670602,13887.571307778033,12311.689782701995,0.0,0.0,12311.689782701995,1,S2,0,8,123116897.82701994,64020786.87005037,0.0,1846753.4674052992,199811.80233933264,56790991.73809824,0.5503763953213345
2025-11-26,695,B,25000.0,26646.61388941817,392962.49675752403,8521.775886082632,7836.165241679458,1245.408896621886,559.7982522187122,8521.775886082632,0,S2,0,8,213044397.1520658,105788230.76267268,6717.579026624546,1278266.3829123948,199811.80233933264,105378408.12835726,0.5503763953213345
2025-11-26,695,C,5000.0,5375.670505841219,188517.71096140766,22646.401400099392,12311.689782701995,0.0,0.0,12311.689782701995,1,S2,0,8,61558448.91350997,32010393.435025185,0.0,1846753.4674052992,199811.80233933264,27312972.497778744,0.5503763953213345
2025-11-27,696,A,10000.0,10932.080780826771,117989.17904958555,13085.65106569653,12304.160035860885,0.0,0.0,12304.160035860885,1,S3,0,3,123041600.35860884,63981632.1864766,0.0,1845624.0053791327,199969.07214333123,56896385.915560186,0.5500618557133374
2025-11-27,696,B,25000.0,27057.917284256622,263455.4796220969,8088.845431270942,8605.056400612368,559.7982522187122,1076.009221560138,8088.845431270942,0,S3,0,3,202221135.78177354,116168261.40826696,12912.110658721656,1213326.8146906414,199969.07214333123,84363210.8963918,0.5500618557133374
2025-11-27,696,C,4850.0,5507.564727744326,451932.1948086394,21795.054199265614,12304.160035860885,0.0,0.0,12304.160035860885,1,S3,0,3,59675176.17392529,31990816.0932383,0.0,1845624.0053791327,199969.07214333123,25186834.808355883,0.5500618557133374
2025-11-28,697,A,10000.0,10607.35903093958,358799.9643605817,12674.887459238245,11959.00635679409,0.0,0.0,11959.00635679409,1,S2,0,8,119590063.5679409,62186833.05532927,0.0,1793850.9535191136,200224.96811410564,55050354.626617834,0.5495500637717885
2025-11-28,697,B,25000.0,26251.944167877413,108825.31506621165,7511.424568735885,7694.962994915311,1076.009221560138,1259.5476477395641,7511.424568735885,0,S2,0,8,187785614.21839714,103882000.4313567,15114.57177287477,1126713.6853103829,200224.96811410564,82452735.24677686,0.5495500637717885
2025-11-28,697,C,4850.0,5356.332231409875,123263.42100366644,21659.331454434832,12292.616362783498,0.0,0.0,12292.616362783498,1,S2,0,8,59619189.35949996,31960802.543237094,0.0,1843892.4544175246,200224.96811410564,25491005.972727574,0.5495500637717885
2025-11-29,698,A,10000.0,10471.934644939223,478256.4367203648,11740.817505229188,12287.079058495534,0.0,546.2615532663458,11740.817505229188,0,S1,0,5,117408175.05229189,63892811.104176775,6555.13863919615,1761122.6257843783,200360.1875227563,51069069.55944842,0.5492796249544873
2025-11-29,698,B,25000.0,26981.811397017176,429643.3364827767,7749.832251141668,7223.51616532694,1259.5476477395641,733.2315619248348,7749.832251141668,0,S1,0,5,193745806.2785417,97517468.23191369,8798.778743098017,1162474.8376712503,200360.1875227563,94427060.90620814,0.5492796249544873
2025-11-29,698,C,5000.0,5303.0114031027115,210673.08300560174,21220.27447173305,12287.079058495534,0.0,0.0,12287.079058495534,1,S1,0,5,61435395.29247767,31946405.552088387,0.0,1843061.85877433,200360.1875227563,27234894.61108659,0.5492796249544873
2025-11-30,699,A,9500.0,10668.659014654488,126469.61469218989,13548.013416986149,12274.521457733288,546.2615532663458,0.0,12820.783010999634,1,S1,0,5,121797438.60449652,63827511.5802131,0.0,1923117.451649945,200626.673226044,55719713.28471525,0.548746653547912
2025-11-30,699,B,24250.0,27312.721066107613,462631.260712397,8218.78743484146,8011.421840162351,733.2315619248348,525.8659672457252,8218.78743484146,0,S1,0,5,199305595.29490542,108154194.84219174,6310.391606948702,1232818.1152262192,200626.673226044,89249014.01194207,0.548746653547912
2025-11-30,699,C,5000.0,5617.786336859678,408345.274764045,20494.197093146875,12274.521457733288,0.0,0.0,12274.521457733288,1,S1,0,5,61372607.28866644,31913755.79010655,0.0,1841178.2186599933,200626.673226044,27008701.33190981,0.548746653547912
2025-12-01,700,A,10000.0,10712.817203945206,411941.96594859223,13459.559807173828,12257.103329065465,0.0,0.0,12257.103329065465,1,S2,0,8,122571033.29065464,63736937.31114042,0.0,1838565.4993598198,201004.75428729868,56382583.759918526,0.5479904914254027
2025-12-01,700,B,23750.0,25952.914435041006,483041.49158917705,8901.780919682253,8674.058971017123,525.8659672457252,298.144018580595,8901.780919682253,0,S2,0,8,211417296.8424535,117099796.10873115,3577.72822296714,1335267.137952338,201004.75428729868,92294609.62167057,0.5479904914254027
2025-12-01,700,C,5000.0,5426.222703442746,129259.68588080483,21790.31895388056,12257.103329065465,0.0,0.0,12257.103329065465,1,S2,0,8,61285516.64532732,31868468.65557021,0.0,1838565.4993598198,201004.75428729868,27248218.050229188,0.5479904914254027
2025-12-02,701,A,10000.0,10682.954423436086,409889.0964263012,13789.631951675208,12245.128523819072,0.0,0.0,12245.128523819072,1,S3,0,3,122451285.23819073,63674668.32385918,0.0,1836769.2785728609,201264.22098744873,56328694.31834494,0.5474715580251024
2025-12-02,701,B,25000.0,27206.36141943336,233507.73962313385,8197.369411919935,7607.807724873656,298.144018580595,0.0,7905.951743454251,1,S3,0,3,197648793.58635628,102705404.28579436,0.0,1185892.7615181378,201264.22098744873,93322724.5784332,0.5474715580251024
2025-12-02,701,C,4850.0,5350.844398366297,149690.30216151054,25566.20730250897,12245.128523819072,0.0,0.0,12245.128523819072,1,S3,0,3,59388873.3405225,31837334.16192959,0.0,1836769.2785728609,201264.22098744873,25363815.376871087,0.5474715580251024
2025-12-03,702,A,10000.0,10748.935759894694,240368.5111844236,14670.177924786442,12234.81553064051,0.0,0.0,12234.81553064051,1,S2,0,8,122348155.3064051,63621040.75933065,0.0,1835222.3295960764,201494.41514991457,56450029.29114403,0.5470111697001709
2025-12-03,702,B,25000.0,27665.822440936503,280064.151747539,8185.936113720319,7994.785141319815,0.0,0.0,7994.785141319815,1,S2,0,8,199869628.53299537,107929599.4078175,0.0,1199217.7711979724,201494.41514991457,90259252.78708245,0.5470111697001709
2025-12-03,702,C,5000.0,5336.1011878525,274058.68859115225,22903.08805613261,12234.81553064051,0.0,0.0,12234.81553064051,1,S2,0,8,61174077.65320255,31810520.379665326,0.0,1835222.3295960764,201494.41514991457,27052781.840200078,0.5470111697001709
2025-12-04,703,A,10000.0,10663.483841437492,100068.4702497979,13784.048857930578,12227.262992309645,0.0,0.0,12227.262992309645,1,S1,0,5,122272629.92309645,63581767.56001015,0.0,1834089.4488464468,201668.75177563148,56555035.69221443,0.546662496448737
2025-12-04,703,B,25000.0,26634.181450667922,467976.29205323505,8602.395448131903,9182.936414354226,0.0,580.5409662223228,8602.395448131903,0,S1,0,5,215059886.2032976,123969641.59378205,6966.491594667874,1290359.3172197854,201668.75177563148,89123273.7568722,0.546662496448737
2025-12-04,703,C,5000.0,5439.646524075286,232213.2151711795,21589.990733095,12227.262992309645,0.0,0.0,12227.262992309645,1,S1,0,5,61136314.961548224,31790883.780005075,0.0,1834089.4488464468,201668.75177563148,27077459.76574989,0.546662496448737
2025-12-05,704,A,10000.0,10780.56098648703,159690.74909297843,12626.310168935863,12216.837212014181,0.0,0.0,12216.837212014181,1,S1,0,5,122168372.12014182,63527553.50247374,0.0,1832525.5818021272,201893.12156242525,56446709.16521054,0.5462137568751494
2025-12-05,704,B,24250.0,27033.042586817228,428394.1597613802,7839.0003204698505,7530.62756650728,580.5409662223228,272.1682122597522,7839.0003204698505,0,S1,0,5,190095757.77139387,101663472.14784828,3266.018547117026,1175850.0480704776,201893.12156242525,86622882.27560419,0.5462137568751494
2025-12-05,704,C,5000.0,5274.1178744605695,220191.93714681186,21551.804722457335,12216.837212014181,0.0,0.0,12216.837212014181,1,S1,0,5,61084186.06007091,31763776.75123687,0.0,1832525.5818021272,201893.12156242525,27065798.668322675,0.5462137568751494
2025-12-06,705,A,10000.0,10768.259775720102,112414.35700223618,12771.486783697503,12205.444775449638,0.0,0.0,12205.444775449638,1,S2,1,15,122054447.75449638,63468312.83233812,0.0,1830816.7163174457,202136.2794021852,56440767.5694364,0.5457274411956295
2025-12-06,705,B,24250.0,26891.37476155373,393012.5778882998,8579.08552912947,9058.101843027924,272.1682122597522,751.1845261582057,8579.08552912947,0,S2,1,15,208042824.08138967,122284374.88087697,9014.214313898468,1286862.8293694204,202136.2794021852,83867423.2995389,0.5457274411956295
2025-12-06,705,C,4850.0,5108.542725192452,436501.9133982298,23070.01934318458,12205.444775449638,0.0,0.0,12205.444775449638,1,S2,1,15,59196407.160930745,31734156.41616906,0.0,1830816.7163174457,202136.2794021852,24992795.835643828,0.5457274411956295
2025-12-07,706,A,10000.0,10540.633458674769,277607.4633841366,12540.289975261776,12197.903370894248,0.0,0.0,12197.903370894248,1,S3,0,3,121979033.70894247,63429097.52865009,0.0,1829685.5056341372,202295.65875135415,56240347.552522756,0.5454086824972917
2025-12-07,706,B,25000.0,26970.71377545907,176142.1512831842,7917.934206732687,7499.5308844477895,751.1845261582057,332.7812038733082,7917.934206732687,0,S3,0,3,197948355.16831717,101243666.94004516,3993.3744464796982,1187690.131009903,202295.65875135415,95134566.91278107,0.5454086824972917
2025-12-07,706,C,5000.0,5416.661182883762,355868.5740952911,20640.2404468637,12197.903370894248,0.0,0.0,12197.903370894248,1,S3,0,3,60989516.85447124,31714548.764325045,0.0,1829685.5056341372,202295.65875135415,26887118.35166541,0.5454086824972917
2025-12-08,707,A,10000.0,10413.341532507475,249055.93465918105,13475.018013736611,12186.94358125261,0.0,0.0,12186.94358125261,1,S1,0,5,121869435.81252609,63372106.62251357,0.0,1828041.5371878915,202555.1786693403,56217676.53949611,0.5448896426613193
2025-12-08,707,B,25000.0,26477.653743387535,332768.9001532242,8054.831983239436,8406.852682949022,332.7812038733082,684.8019035828938,8054.831983239436,0,S1,0,5,201370799.5809859,113492511.2198118,8217.622842994726,1208224.7974859155,202555.1786693403,86126521.86202264,0.5448896426613193
2025-12-08,707,C,5000.0,5434.1385108343375,441751.50618479797,21063.95909190732,12186.94358125261,0.0,0.0,12186.94358125261,1,S1,0,5,60934717.906263046,31686053.311256785,0.0,1828041.5371878915,202555.1786693403,26776316.37296423,0.5448896426613193
2025-12-09,708,A,9700.0,10580.074823570161,311265.1619695452,14425.695796332964,12177.11259113765,0.0,0.0,12177.11259113765,1,S3,0,3,118117992.1340352,63320985.47391578,0.0,1826566.8886706475,202770.0263257751,52456404.58315346,0.5444599473484498
2025-12-09,708,B,25000.0,27051.47170930032,382386.76355346147,8423.419173523342,7603.1362974572985,684.8019035828938,0.0,8287.938201040193,1,S3,0,3,207198455.02600482,102642340.01567353,0.0,1243190.7301560289,202770.0263257751,102727767.49029602,0.5444599473484498
2025-12-09,708,C,4850.0,5358.955605434232,484312.8688088192,25886.938758076816,12177.11259113765,0.0,0.0,12177.11259113765,1,S3,0,3,59058996.0670176,31660492.73695789,0.0,1826566.8886706475,202770.0263257751,24884853.546254467,0.5444599473484498
2025-12-10,709,A,9700.0,11008.25025916417,431603.568475207,16508.22007902907,12165.786804673904,0.0,0.0,12165.786804673904,1,S3,0,3,118008132.00533687,63262091.3843043,0.0,1824868.0207010857,203032.06460107083,52286536.9672552,0.5439358707978583
2025-12-10,709,B,25000.0,27435.15689190245,281589.3002112009,8957.334803552176,9621.189289025642,0.0,663.8544854734664,8957.334803552176,0,S3,0,3,223933370.0888044,129886055.40184617,7966.253825681597,1343600.2205328264,203032.06460107083,92211126.84778745,0.5439358707978583
2025-12-10,709,C,5000.0,5315.469205398088,380758.0957180999,23078.09224051735,12165.786804673904,0.0,0.0,12165.786804673904,1,S3,0,3,60828934.02336952,31631045.69215215,0.0,1824868.0207010857,203032.06460107083,26789230.150197115,0.5439358707978583
2025-12-11,710,A,10000.0,10573.855164610957,252539.0770855238,13980.02562599207,12151.044522000113,0.0,0.0,12151.044522000113,1,S2,0,8,121510445.22000113,63185431.51440059,0.0,1822656.678300017,203374.64100572222,56046443.30920928,0.5432507179885555
2025-12-11,710,B,24250.0,27524.9807576239,245953.1022761229,9769.938323077535,10558.627691072235,663.8544854734664,1452.543853468167,9769.938323077535,0,S2,0,8,236921004.33463022,142541473.82947516,17430.526241618005,1465490.7484616302,203374.64100572222,92447281.48716997,0.5432507179885555
2025-12-11,710,C,4850.0,5333.884306159947,386660.85116501583,24869.054083246006,12151.044522000113,0.0,0.0,12151.044522000113,1,S2,0,8,58932565.93170055,31592715.757200293,0.0,1822656.678300017,203374.64100572222,24927158.004029505,0.5432507179885555
2025-12-12,711,A,10000.0,10793.89849630788,128794.31775424028,12902.777206199697,11950.338335315624,0.0,0.0,11950.338335315624,1,S1,0,5,119503383.35315624,62141759.343641244,0.0,1792550.7502973436,203575.2282350103,55236703.7132284,0.5428495435299794
2025-12-12,711,B,25000.0,26335.4285989371,308173.8157084564,7815.863779642803,8568.391623821253,1452.543853468167,2205.0716976466174,7815.863779642803,0,S1,0,5,195396594.49107006,115673286.92158692,26460.86037175941,1172379.5669464204,203575.2282350103,78012718.09822151,0.5428495435299794
2025-12-12,711,C,5000.0,5366.339806728785,243783.86575466875,23412.799018398928,12141.74197690071,0.0,0.0,12141.74197690071,1,S1,0,5,60708709.88450355,31568529.139941845,0.0,1821261.2965351066,203575.2282350103,26871560.35403692,0.5428495435299794
2025-12-13,712,A,10000.0,10401.602709493656,250667.64480086765,12769.88982649471,12135.316868655078,0.0,0.0,12135.316868655078,1,S1,1,10,121353168.68655078,63103647.71700641,0.0,1820297.5302982617,203729.06404452032,55974826.730400726,0.5425418719109594
2025-12-13,712,B,25000.0,26424.21734813981,470155.19878663303,8329.374293151091,7831.840440480311,2205.0716976466174,1707.5378449758373,8329.374293151091,0,S1,1,10,208234357.32877728,105729845.94648421,20490.454139710047,1249406.1439726637,203729.06404452032,100560730.52134955,0.5425418719109594
2025-12-13,712,C,5000.0,5232.425112131364,138072.90039714548,19819.30959220872,12135.316868655078,0.0,0.0,12135.316868655078,1,S1,1,10,60676584.34327539,31551823.858503204,0.0,1820297.5302982617,203729.06404452032,26962660.99003226,0.5425418719109594
2025-12-14,713,A,10000.0,10797.116898824635,374068.0872218044,12891.25040756466,12125.581314208672,0.0,0.0,12125.581314208672,1,S1,0,5,121255813.14208671,63053022.833885096,0.0,1818837.1971313008,203969.25892169247,55805915.76492683,0.5420614821566151
2025-12-14,713,B,24250.0,26912.196949873334,396320.2276466139,9208.789207377118,9908.943893138028,1707.5378449758373,2407.6925307367474,9208.789207377118,0,S1,0,5,223313138.2788951,133770742.55736338,28892.31036884097,1381318.3811065678,203969.25892169247,87531895.54348801,0.5420614821566151
2025-12-14,713,C,5000.0,5290.455265539896,129266.01809797225,21001.72840074664,12125.581314208672,0.0,0.0,12125.581314208672,1,S1,0,5,60627906.57104336,31526511.416942548,0.0,1818837.1971313008,203969.25892169247,26949322.679949842,0.5420614821566151
2025-12-15,714,A,10000.0,10777.760756323087,458951.1358435657,13736.769592563816,12118.062219504083,0.0,0.0,12118.062219504083,1,S1,0,5,121180622.19504084,63013923.541421235,0.0,1817709.3329256126,204154.41848129217,55685883.766369134,0.5416911630374156
2025-12-15,714,B,25000.0,26784.026975181823,453183.8706592963,8696.633305530042,9197.504165029572,2407.6925307367474,2908.563390236277,8696.633305530042,0,S1,0,5,217415832.63825104,124166306.22789922,34902.760682835324,1304494.9958295063,204154.41848129217,91252790.36469889,0.5416911630374156
2025-12-15,714,C,4850.0,5249.472775378067,376811.165480598,23431.80672039948,12118.062219504083,0.0,0.0,12118.062219504083,1,S1,0,5,58772601.7645948,31506961.770710617,0.0,1817709.3329256126,204154.41848129217,24866965.07699668,0.5416911630374156
2025-12-16,715,A,10000.0,10500.11202740957,447990.98507696186,14566.315194203824,12115.146693728477,0.0,0.0,12115.146693728477,1,S3,0,3,121151466.93728477,62998762.80738808,0.0,1817272.0040592714,204220.98299523722,55683220.15776522,0.5415580340095254
2025-12-16,715,B,25000.0,28245.02026552467,437746.00119712896,8857.948388910076,9453.040795459961,2908.563390236277,3503.6557967861627,8857.948388910076,0,S3,0,3,221448709.7227519,127616050.73870948,42043.86956143395,1328692.2583365114,204220.98299523722,91819955.87195209,0.5415580340095254
2025-12-16,715,C,5000.0,5221.74941513819,220300.40446000738,22653.06386230639,12115.146693728477,0.0,0.0,12115.146693728477,1,S3,0,3,60575733.468642384,31499381.40369404,0.0,1817272.0040592714,204220.98299523722,26834558.673433825,0.5415580340095254
2025-12-17,716,A,9700.0,10950.686762391868,312795.4550982109,14638.125660300888,12104.742701580675,0.0,0.0,12104.742701580675,1,S1,0,5,117416004.20533255,62944662.04821951,0.0,1815711.4052371013,204471.56505202284,52138363.7317257,0.5410568698959543
2025-12-17,716,B,25000.0,27206.534707271505,216767.81639087078,8841.6282117537,9142.732519131561,3503.6557967861627,3804.7601041640246,8841.6282117537,0,S1,0,5,221040705.2938425,123426889.00827608,45657.121249968295,1326244.2317630548,204471.56505202284,95820675.5511105,0.5410568698959543
2025-12-17,716,C,5000.0,5494.941120868105,188840.30831240967,23793.005180707987,12104.742701580675,0.0,0.0,12104.742701580675,1,S1,0,5,60523713.507903375,31472331.024109755,0.0,1815711.4052371013,204471.56505202284,26842359.20519209,0.5410568698959543
2025-12-18,717,A,10000.0,10778.87570223846,262700.24647605594,14223.541467710806,12098.464378969595,0.0,0.0,12098.464378969595,1,S1,0,5,120984643.78969595,62912014.77064189,0.0,1814769.6568454392,204621.91098701608,55790537.204745546,0.5407561780259679
2025-12-18,717,B,25000.0,26985.756163804585,381499.9890950297,9315.734298155465,10209.573340026243,3804.7601041640246,4698.599146034803,9315.734298155465,0,S1,0,5,232893357.45388663,137829240.0903543,56383.18975241764,1397360.1447233197,204621.91098701608,93024252.12897454,0.5407561780259679
2025-12-18,717,C,4750.0,5352.055719880068,299803.76867121406,27346.129182629684,12098.464378969595,0.0,0.0,12098.464378969595,1,S1,0,5,57467705.80010557,31456007.385320947,0.0,1814769.6568454392,204621.91098701608,23692503.078280956,0.5407561780259679
2025-12-19,718,A,9500.0,11121.723005682028,373570.8359338251,15765.888122290902,12088.26422726108,0.0,0.0,12088.26422726108,1,S1,0,5,114838510.15898025,62858973.98175761,0.0,1813239.6340891619,204866.0588239338,49587859.64837571,0.5402678823521324
2025-12-19,718,B,25000.0,26222.00008646839,220146.810040801,7750.953868881734,8480.761891421105,4698.599146034803,5428.407168574175,7750.953868881734,0,S1,0,5,193773846.72204334,114490285.53418492,65140.886022890096,1162643.08033226,204866.0588239338,77630764.35263853,0.5402678823521324
2025-12-19,718,C,5000.0,5411.035358940192,377041.0010248818,22909.104291522435,12088.26422726108,0.0,0.0,12088.26422726108,1,S1,0,5,60441321.1363054,31429486.990878806,0.0,1813239.6340891619,204866.0588239338,26616687.451488618,0.5402678823521324
2025-12-20,719,A,10000.0,10679.98663149594,331797.56492252205,13060.600128759803,12081.042672338652,0.0,0.0,12081.042672338652,1,S2,0,8,120810426.72338651,62821421.89616099,0.0,1812156.4008507978,205041.16351910436,55640009.6979331,0.5399176729617912
2025-12-20,719,B,25000.0,26791.522129647783,330058.1721775721,8215.612615062539,7737.681250974173,5428.407168574175,4950.47580448581,8215.612615062539,0,S2,0,8,205390315.37656346,104458696.88815133,59405.70965382972,1232341.8922593808,205041.16351910436,99104771.55080226,0.5399176729617912
2025-12-20,719,C,5000.0,5429.4972230382955,380851.2034647043,21809.800383595586,12081.042672338652,0.0,0.0,12081.042672338652,1,S2,0,8,60405213.361693256,31410710.948080495,0.0,1812156.4008507978,205041.16351910436,26596453.645778153,0.5399176729617912
2025-12-21,720,A,10000.0,11228.352375725088,125442.70241438036,12693.471862258732,11948.197022169685,0.0,0.0,11948.197022169685,1,S3,0,3,119481970.22169685,62130624.51528236,0.0,1792229.5533254526,205151.06748143234,55228522.383193225,0.5396978650371352
2025-12-21,720,B,25000.0,27195.279380803226,262000.0855018009,7806.917240289804,7130.44949672618,4950.47580448581,4274.008060922186,7806.917240289804,0,S3,0,3,195172931.0072451,96261068.20580342,51288.09673106623,1171037.5860434705,205151.06748143234,97222385.96568389,0.5396978650371352
2025-12-21,720,C,5000.0,5505.562411033071,438341.99650105374,21679.70950044981,12076.543030896366,0.0,0.0,12076.543030896366,1,S3,0,3,60382715.15448183,31399011.88033055,0.0,1811481.4546344548,205151.06748143234,26528728.755534336,0.5396978650371352
2025-12-22,721,A,10000.0,10776.98486301035,321156.7343607653,14219.94753853857,12065.796678101695,0.0,0.0,12065.796678101695,1,S3,0,3,120657966.78101695,62742142.72612882,0.0,1809869.5017152543,205426.74960471032,55579371.0692074,0.5391465007905794
2025-12-22,721,B,24250.0,26635.258716994726,209595.57869262778,8572.429237664708,8032.7594093355865,4274.008060922186,3734.3382325930634,8572.429237664708,0,S3,0,3,207881409.01336917,108442252.02603042,44812.05879111676,1285864.3856497062,205426.74960471032,97693458.21460058,0.5391465007905794
2025-12-22,721,C,5000.0,5317.759647594228,129968.49041048856,22176.318738296577,12065.796678101695,0.0,0.0,12065.796678101695,1,S3,0,3,60328983.39050847,31371071.36306441,0.0,1809869.5017152543,205426.74960471032,26812647.285713613,0.5391465007905794
2025-12-23,722,A,9700.0,10702.38706978985,324624.7219415337,14888.371108067473,12058.32511673768,0.0,0.0,12058.32511673768,1,S2,0,8,116965753.6323555,62703290.607035935,0.0,1808748.767510652,205623.2699968862,51923466.26587049,0.5387534600062274
2025-12-23,722,B,25000.0,27091.29896562084,217893.08083949875,8826.604690363938,8856.730972307538,3734.3382325930634,3764.464514536663,8826.604690363938,0,S2,0,8,220665117.25909844,119565868.12615176,45173.57417443996,1323990.7035545907,205623.2699968862,99306568.50438128,0.5387534600062274
2025-12-23,722,C,5000.0,5419.459208759847,419578.8871188394,23963.639467937748,12058.32511673768,0.0,0.0,12058.32511673768,1,S2,0,8,60291625.5836884,31351645.303517967,0.0,1808748.767510652,205623.2699968862,26506029.355544057,0.5387534600062274
2025-12-24,723,A,10000.0,10601.011638789725,336772.58484199195,15245.826862484279,12046.971467684954,0.0,0.0,12046.971467684954,1,S2,0,8,120469714.67684954,62644251.63196176,0.0,1807045.7201527432,205899.80780763374,55475744.93208542,0.5382003843847325
2025-12-24,723,B,25000.0,27054.702159123914,196681.85495900715,8960.938131077426,8820.023804105324,3764.464514536663,3623.5501875645605,8960.938131077426,0,S2,0,8,224023453.27693567,119070321.35542187,43482.602250774726,1344140.719661614,205899.80780763374,103162926.93683477,0.5382003843847325
2025-12-24,723,C,5000.0,5288.570211039974,100566.05933170317,22913.649074933204,12046.971467684954,0.0,0.0,12046.971467684954,1,S2,0,8,60234857.33842477,31322125.81598088,0.0,1807045.7201527432,205899.80780763374,26799219.935151808,0.5382003843847325
2025-12-25,724,A,10000.0,11119.141394455044,386770.47737166466,14287.198357004496,12043.394403281478,0.0,0.0,12043.394403281478,1,S2,0,8,120433944.03281479,62625650.89706369,0.0,1806509.1604922216,205995.24505053184,55409018.25283668,0.5380095098989361
2025-12-25,724,B,25000.0,27130.40145510941,385366.3774848059,8395.457598043155,8536.181769939414,3623.5501875645605,3764.27435946082,8395.457598043155,0,S2,0,8,209886439.95107886,115238453.89418209,45171.29231352984,1259318.639706473,205995.24505053184,92752134.50234143,0.5380095098989361
2025-12-25,724,C,5000.0,5367.932176422868,497463.07695299364,23075.254842983504,12043.394403281478,0.0,0.0,12043.394403281478,1,S2,0,8,60216972.01640739,31312825.448531844,0.0,1806509.1604922216,205995.24505053184,26394179.0853798,0.5380095098989361
2025-12-26,725,A,10000.0,10708.17421365855,174051.81081486444,13129.524815240722,12030.46259744891,0.0,0.0,12030.46259744891,1,S3,0,3,120304625.9744891,62558405.506734334,0.0,1804569.3896173364,206287.08829076405,55561312.17903179,0.5374258234184719
2025-12-26,725,B,23750.0,26867.816620229132,217631.19517314294,8885.481177708989,8391.639300885181,3764.27435946082,3270.432482637012,8885.481177708989,0,S3,0,3,211030177.97058848,113287130.56194994,39245.189791644145,1332822.1766563484,206287.08829076405,95947061.75872663,0.5374258234184719
2025-12-26,725,C,4850.0,5307.472017601127,192188.1170680979,24433.80496058077,12030.46259744891,0.0,0.0,12030.46259744891,1,S3,0,3,58347743.597627215,31279202.753367167,0.0,1804569.3896173364,206287.08829076405,24865496.24928385,0.5374258234184719
2025-12-27,726,A,9700.0,10728.942617366156,267800.93752728513,12733.69346808321,12024.173787614593,0.0,0.0,12024.173787614593,1,S2,0,8,116634485.73986155,62525703.69559588,0.0,1803626.068142189,206421.96511527983,51830933.07348091,0.5371560697694403
2025-12-27,726,B,24250.0,27023.070201837003,433596.8252582924,8775.497419213505,8599.429057932259,3270.432482637012,3094.3641213557657,8775.497419213505,0,S2,0,8,212805812.4159275,116092292.2820855,37132.36945626919,1316324.6128820258,206421.96511527983,94720044.36113012,0.5371560697694403
2025-12-27,726,C,5000.0,5265.9167009338935,223171.2979761497,22224.568293380144,12024.173787614593,0.0,0.0,12024.173787614593,1,S2,0,8,60120868.938072965,31262851.84779794,0.0,1803626.068142189,206421.96511527983,26624797.759041402,0.5371560697694403
2025-12-28,727,A,10000.0,10834.144393963776,264530.54248681525,12616.01697589231,11852.22927400544,0.0,0.0,11852.22927400544,1,S2,1,13,118522292.7400544,61631592.22482829,0.0,1777834.391100816,206409.76054785086,54641925.821090624,0.5371804789042982
2025-12-28,727,B,25000.0,26622.885821017822,426631.9974455305,8097.107890782532,8205.15449653055,3094.3641213557657,3202.410727103783,8097.107890782532,0,S2,1,13,202427697.26956332,110769585.70316242,38428.928725245394,1214566.1836173797,206409.76054785086,89772074.6960649,0.5371804789042982
2025-12-28,727,C,5000.0,5564.4659542652225,473629.66253198026,21632.007458310476,12024.287062105794,0.0,0.0,12024.287062105794,1,S2,1,13,60121435.31052897,31263146.361475065,0.0,1803643.0593158691,206409.76054785086,26374606.46665821,0.5371804789042982
2025-12-29,728,A,10000.0,11367.678022786484,400633.5086898431,13654.821765341836,12015.542667106509,0.0,0.0,12015.542667106509,1,S3,0,3,120155426.67106509,62480821.86895385,0.0,1802331.4000659764,206627.82266729654,55265012.070688136,0.5367443546654069
2025-12-29,728,B,24250.0,26732.68163173151,242283.43735508874,9103.733937032095,9600.57851511295,3202.410727103783,3699.255305184637,9103.733937032095,0,S3,0,3,220765547.9730283,129607809.95402482,44391.063662215645,1365560.0905548143,206627.82266729654,89298875.60476406,0.5367443546654069
2025-12-29,728,C,5000.0,5286.189083231871,169935.4135829241,23264.952460738532,12015.542667106509,0.0,0.0,12015.542667106509,1,S3,0,3,60077713.335532546,31240410.934476923,0.0,1802331.4000659764,206627.82266729654,26658407.764739424,0.5367443546654069
2025-12-30,729,A,10000.0,10546.62027374294,198164.62785116737,14347.4264212257,12001.433528538242,0.0,0.0,12001.433528538242,1,S2,0,8,120014335.28538242,62407454.34839886,0.0,1800215.0292807363,206951.11915961234,55401550.16069205,0.5360977616807754
2025-12-30,729,B,25000.0,27724.57298047001,270188.6372306966,9603.533788723113,10092.468099053096,3699.255305184637,4188.1896155146205,9603.533788723113,0,S2,0,8,240088344.7180778,136248319.3372168,50258.275386175446,1440530.0683084668,206951.11915961234,101872097.28077607,0.5360977616807754
2025-12-30,729,C,5000.0,5377.344410808528,183938.05729255948,25061.579602225655,12001.433528538242,0.0,0.0,12001.433528538242,1,S2,0,8,60007167.64269121,31203727.17419943,0.0,1800215.0292807363,206951.11915961234,26612336.262758873,0.5360977616807754
